fold,origin_id,candidate_id,arm,lambda,scaling,macro_f1,brier,mae_bp,inner_n
1,decision_close_2023_1,history|lambda=0.01|scaling=fixed,history,0.01,fixed,0.4567901234567901,0.5456919866510794,106.18536626133957,45
1,decision_close_2023_1,history|lambda=0.1|scaling=fixed,history,0.1,fixed,0.4004371584699453,0.5309960321188684,89.9718698362908,45
1,decision_close_2023_1,history|lambda=1|scaling=fixed,history,1.0,fixed,0.2318840579710145,0.6294327879767266,81.22120944622455,45
1,decision_close_2023_1,history_tfidf|lambda=0.01|scaling=row_only,history_tfidf,0.01,row_only,0.4612159329140461,0.5215380383006232,98.39593071305588,45
1,decision_close_2023_1,history_tfidf|lambda=0.1|scaling=row_only,history_tfidf,0.1,row_only,0.4004371584699453,0.5211915943939149,88.93494945551022,45
1,decision_close_2023_1,history_tfidf|lambda=1|scaling=row_only,history_tfidf,1.0,row_only,0.2318840579710145,0.62448835604763,81.38793574786537,45
1,decision_close_2023_1,history_tfidf|lambda=0.01|scaling=column_standardized,history_tfidf,0.01,column_standardized,0.5026262626262626,0.5443030555593854,78.44516635765129,45
1,decision_close_2023_1,history_tfidf|lambda=0.1|scaling=column_standardized,history_tfidf,0.1,column_standardized,0.5109922756981581,0.5120976112789551,78.40009566807333,45
1,decision_close_2023_1,history_tfidf|lambda=1|scaling=column_standardized,history_tfidf,1.0,column_standardized,0.5109922756981581,0.47807662121499467,77.98905393521012,45
1,decision_close_2023_1,history_lsa|lambda=0.01|scaling=row_only,history_lsa,0.01,row_only,0.47185325743200507,0.5577327090148217,111.47647595739949,45
1,decision_close_2023_1,history_lsa|lambda=0.1|scaling=row_only,history_lsa,0.1,row_only,0.4004371584699453,0.5222753147492589,91.8485436656092,45
1,decision_close_2023_1,history_lsa|lambda=1|scaling=row_only,history_lsa,1.0,row_only,0.2318840579710145,0.6232451613748268,81.78528483568941,45
1,decision_close_2023_1,history_lsa|lambda=0.01|scaling=column_standardized,history_lsa,0.01,column_standardized,0.47222222222222215,0.6072718436705674,111.00386684356924,45
1,decision_close_2023_1,history_lsa|lambda=0.1|scaling=column_standardized,history_lsa,0.1,column_standardized,0.4646464646464647,0.5143614834611523,104.46246752957698,45
1,decision_close_2023_1,history_lsa|lambda=1|scaling=column_standardized,history_lsa,1.0,column_standardized,0.27233115468409586,0.5726530639344928,85.39873108762814,45
1,decision_close_2023_1,history_qwen_all|lambda=0.01|scaling=fixed,history_qwen_all,0.01,fixed,0.435626102292769,0.6207737602516601,114.41935979196626,45
1,decision_close_2023_1,history_qwen_all|lambda=0.1|scaling=fixed,history_qwen_all,0.1,fixed,0.4280747501086484,0.5587924677685759,93.61473965082396,45
1,decision_close_2023_1,history_qwen_all|lambda=1|scaling=fixed,history_qwen_all,1.0,fixed,0.2318840579710145,0.6276556615442832,81.76147454519598,45
1,decision_close_2023_1,history_qwen_inflation|lambda=0.01|scaling=fixed,history_qwen_inflation,0.01,fixed,0.47679863771817793,0.5508658890578558,111.41703383985947,45
1,decision_close_2023_1,history_qwen_inflation|lambda=0.1|scaling=fixed,history_qwen_inflation,0.1,fixed,0.4280747501086484,0.5349603213951598,93.90441107595808,45
1,decision_close_2023_1,history_qwen_inflation|lambda=1|scaling=fixed,history_qwen_inflation,1.0,fixed,0.2318840579710145,0.6267503946983214,83.00961027821535,45
1,decision_close_2023_1,history_qwen_demand|lambda=0.01|scaling=fixed,history_qwen_demand,0.01,fixed,0.4612159329140461,0.5980901324045413,109.14994287817382,45
1,decision_close_2023_1,history_qwen_demand|lambda=0.1|scaling=fixed,history_qwen_demand,0.1,fixed,0.4280747501086484,0.5452251093775277,92.02849433405494,45
1,decision_close_2023_1,history_qwen_demand|lambda=1|scaling=fixed,history_qwen_demand,1.0,fixed,0.2318840579710145,0.6279474746977172,82.16342843167585,45
1,decision_close_2023_1,history_qwen_forward|lambda=0.01|scaling=fixed,history_qwen_forward,0.01,fixed,0.4493207941483804,0.5677064453334546,104.48104133952003,45
1,decision_close_2023_1,history_qwen_forward|lambda=0.1|scaling=fixed,history_qwen_forward,0.1,fixed,0.40444444444444444,0.5458175838708355,88.61962485749746,45
1,decision_close_2023_1,history_qwen_forward|lambda=1|scaling=fixed,history_qwen_forward,1.0,fixed,0.2318840579710145,0.62886807695831,79.59873904087586,45
1,decision_close_2023_1,history_qwen_scores_only|lambda=0.01|scaling=fixed,history_qwen_scores_only,0.01,fixed,0.42783389450056114,0.6042874866772391,114.50487377338075,45
1,decision_close_2023_1,history_qwen_scores_only|lambda=0.1|scaling=fixed,history_qwen_scores_only,0.1,fixed,0.4004371584699453,0.5399548057834195,93.3618013500159,45
1,decision_close_2023_1,history_qwen_scores_only|lambda=1|scaling=fixed,history_qwen_scores_only,1.0,fixed,0.2318840579710145,0.6305094029421326,80.00287028600764,45
1,decision_close_2023_1,history_qwen_missing_only|lambda=0.01|scaling=fixed,history_qwen_missing_only,0.01,fixed,0.4612159329140461,0.571114915501738,107.40003037560194,45
1,decision_close_2023_1,history_qwen_missing_only|lambda=0.1|scaling=fixed,history_qwen_missing_only,0.1,fixed,0.4280747501086484,0.5473882059924281,91.28968619800656,45
1,decision_close_2023_1,history_qwen_missing_only|lambda=1|scaling=fixed,history_qwen_missing_only,1.0,fixed,0.2318840579710145,0.6267623411046054,82.91735835105165,45
1,decision_close_2023_1,proxy_market|lambda=0.01|scaling=fixed,proxy_market,0.01,fixed,0.526029526029526,0.6410820111376184,137.93992782904917,45
1,decision_close_2023_1,proxy_market|lambda=0.1|scaling=fixed,proxy_market,0.1,fixed,0.5041572184429327,0.5296344652376234,108.76205752736715,45
1,decision_close_2023_1,proxy_market|lambda=1|scaling=fixed,proxy_market,1.0,fixed,0.3381460556601799,0.6061045169892586,88.86618060152003,45
1,decision_close_2023_1,proxy_market_lsa|lambda=0.01|scaling=row_only,proxy_market_lsa,0.01,row_only,0.526029526029526,0.6324270415972462,136.33026932488858,45
1,decision_close_2023_1,proxy_market_lsa|lambda=0.1|scaling=row_only,proxy_market_lsa,0.1,row_only,0.4876190476190476,0.5283710565195001,108.55170906051096,45
1,decision_close_2023_1,proxy_market_lsa|lambda=1|scaling=row_only,proxy_market_lsa,1.0,row_only,0.3381460556601799,0.6033416990789503,88.99583295114009,45
1,decision_close_2023_1,proxy_market_lsa|lambda=0.01|scaling=column_standardized,proxy_market_lsa,0.01,column_standardized,0.5404040404040404,0.6339646691836699,135.5449670730246,45
1,decision_close_2023_1,proxy_market_lsa|lambda=0.1|scaling=column_standardized,proxy_market_lsa,0.1,column_standardized,0.47891156462585033,0.511233928069361,104.98592605005466,45
1,decision_close_2023_1,proxy_market_lsa|lambda=1|scaling=column_standardized,proxy_market_lsa,1.0,column_standardized,0.361247947454844,0.5710583946532426,89.1305349684725,45
1,decision_close_2023_1,history_transformer|lambda=0.01|scaling=fixed,history_transformer,0.01,fixed,0.43619047619047624,0.5964099523870681,87.88927197489802,45
1,decision_close_2023_1,history_transformer|lambda=0.1|scaling=fixed,history_transformer,0.1,fixed,0.41830065359477125,0.5758379755191286,87.54467053529122,45
1,decision_close_2023_1,history_transformer|lambda=1|scaling=fixed,history_transformer,1.0,fixed,0.41830065359477125,0.5596192002414633,93.84271557319492,45
2,decision_close_2023_2,history|lambda=0.01|scaling=fixed,history,0.01,fixed,0.4453567937438905,0.5673822149458043,105.16425259188773,46
2,decision_close_2023_2,history|lambda=0.1|scaling=fixed,history,0.1,fixed,0.39040529363110005,0.5481023349547839,89.24871325598892,46
2,decision_close_2023_2,history|lambda=1|scaling=fixed,history,1.0,fixed,0.22857142857142856,0.6409064027688448,80.50396436187214,46
2,decision_close_2023_2,history_tfidf|lambda=0.01|scaling=row_only,history_tfidf,0.01,row_only,0.4496216646754281,0.5432903797686589,97.31143250893273,46
2,decision_close_2023_2,history_tfidf|lambda=0.1|scaling=row_only,history_tfidf,0.1,row_only,0.39040529363110005,0.5371864917438961,88.15193215485135,46
2,decision_close_2023_2,history_tfidf|lambda=1|scaling=row_only,history_tfidf,1.0,row_only,0.22857142857142856,0.6356882790836618,80.62477156112834,46
2,decision_close_2023_2,history_tfidf|lambda=0.01|scaling=column_standardized,history_tfidf,0.01,column_standardized,0.4901960784313726,0.5744696684391047,76.99054134073808,46
2,decision_close_2023_2,history_tfidf|lambda=0.1|scaling=column_standardized,history_tfidf,0.1,column_standardized,0.4984917043740573,0.5401443097487757,76.94632126171429,46
2,decision_close_2023_2,history_tfidf|lambda=1|scaling=column_standardized,history_tfidf,1.0,column_standardized,0.4984917043740573,0.49961769880004897,76.54167591809342,46
2,decision_close_2023_2,history_lsa|lambda=0.01|scaling=row_only,history_lsa,0.01,row_only,0.4599358974358974,0.5800367520170966,110.94396456041368,46
2,decision_close_2023_2,history_lsa|lambda=0.1|scaling=row_only,history_lsa,0.1,row_only,0.39040529363110005,0.5383812725294009,91.10905795550426,46
2,decision_close_2023_2,history_lsa|lambda=1|scaling=row_only,history_lsa,1.0,row_only,0.22857142857142856,0.6344261047267868,81.01370266734273,46
2,decision_close_2023_2,history_lsa|lambda=0.01|scaling=column_standardized,history_lsa,0.01,column_standardized,0.4601113172541744,0.63136882364459,111.41751373846014,46
2,decision_close_2023_2,history_lsa|lambda=0.1|scaling=column_standardized,history_lsa,0.1,column_standardized,0.45314900153609833,0.5304299756658996,103.62463856540847,46
2,decision_close_2023_2,history_lsa|lambda=1|scaling=column_standardized,history_lsa,1.0,column_standardized,0.2669717772692601,0.5840914152360505,84.43688821983348,46
2,decision_close_2023_2,history_qwen_all|lambda=0.01|scaling=fixed,history_qwen_all,0.01,fixed,0.4243943191311612,0.6409957347638283,113.73975418945801,46
2,decision_close_2023_2,history_qwen_all|lambda=0.1|scaling=fixed,history_qwen_all,0.1,fixed,0.4172839506172839,0.5743814925210268,93.29684871933648,46
2,decision_close_2023_2,history_qwen_all|lambda=1|scaling=fixed,history_qwen_all,1.0,fixed,0.22857142857142856,0.6365322975692126,81.28673314774909,46
2,decision_close_2023_2,history_qwen_inflation|lambda=0.01|scaling=fixed,history_qwen_inflation,0.01,fixed,0.4646464646464647,0.5739464047499154,110.78136022368325,46
2,decision_close_2023_2,history_qwen_inflation|lambda=0.1|scaling=fixed,history_qwen_inflation,0.1,fixed,0.4172839506172839,0.5511795610730453,93.52559227217631,46
2,decision_close_2023_2,history_qwen_inflation|lambda=1|scaling=fixed,history_qwen_inflation,1.0,fixed,0.22857142857142856,0.6367563511165374,82.38661541412442,46
2,decision_close_2023_2,history_qwen_demand|lambda=0.01|scaling=fixed,history_qwen_demand,0.01,fixed,0.4496216646754281,0.6204562214094623,108.57878060066177,46
2,decision_close_2023_2,history_qwen_demand|lambda=0.1|scaling=fixed,history_qwen_demand,0.1,fixed,0.4172839506172839,0.5615809204832204,91.70945598525036,46
2,decision_close_2023_2,history_qwen_demand|lambda=1|scaling=fixed,history_qwen_demand,1.0,fixed,0.22857142857142856,0.6382076402085712,81.59273736677783,46
2,decision_close_2023_2,history_qwen_forward|lambda=0.01|scaling=fixed,history_qwen_forward,0.01,fixed,0.4380952380952381,0.5893467833008923,103.99077544214227,46
2,decision_close_2023_2,history_qwen_forward|lambda=0.1|scaling=fixed,history_qwen_forward,0.1,fixed,0.3942833123160992,0.5620205988273651,88.3792264610668,46
2,decision_close_2023_2,history_qwen_forward|lambda=1|scaling=fixed,history_qwen_forward,1.0,fixed,0.22857142857142856,0.6391395914328732,79.1191621629782,46
2,decision_close_2023_2,history_qwen_scores_only|lambda=0.01|scaling=fixed,history_qwen_scores_only,0.01,fixed,0.4166666666666667,0.6258028758436273,113.45411041367335,46
2,decision_close_2023_2,history_qwen_scores_only|lambda=0.1|scaling=fixed,history_qwen_scores_only,0.1,fixed,0.39040529363110005,0.5577883004927172,92.70380766944311,46
2,decision_close_2023_2,history_qwen_scores_only|lambda=1|scaling=fixed,history_qwen_scores_only,1.0,fixed,0.22857142857142856,0.6422012584667628,79.39231899705102,46
2,decision_close_2023_2,history_qwen_missing_only|lambda=0.01|scaling=fixed,history_qwen_missing_only,0.01,fixed,0.4496216646754281,0.5941383375447203,106.84859932847819,46
2,decision_close_2023_2,history_qwen_missing_only|lambda=0.1|scaling=fixed,history_qwen_missing_only,0.1,fixed,0.4172839506172839,0.5633734483535947,91.00043535841588,46
2,decision_close_2023_2,history_qwen_missing_only|lambda=1|scaling=fixed,history_qwen_missing_only,1.0,fixed,0.22857142857142856,0.6354821516481336,82.39307542554145,46
2,decision_close_2023_2,proxy_market|lambda=0.01|scaling=fixed,proxy_market,0.01,fixed,0.5135914194737724,0.6638141649233928,136.13496642020542,46
2,decision_close_2023_2,proxy_market|lambda=0.1|scaling=fixed,proxy_market,0.1,fixed,0.4922522522522523,0.5445399621447403,107.31370551109698,46
2,decision_close_2023_2,proxy_market|lambda=1|scaling=fixed,proxy_market,1.0,fixed,0.33015873015873015,0.610871448474978,87.42367634950224,46
2,decision_close_2023_2,proxy_market_lsa|lambda=0.01|scaling=row_only,proxy_market_lsa,0.01,row_only,0.5135914194737724,0.6540257000384729,134.38564860344638,46
2,decision_close_2023_2,proxy_market_lsa|lambda=0.1|scaling=row_only,proxy_market_lsa,0.1,row_only,0.4760348583877996,0.5424928657348773,107.11418918455838,46
2,decision_close_2023_2,proxy_market_lsa|lambda=1|scaling=row_only,proxy_market_lsa,1.0,row_only,0.33015873015873015,0.6081752786086926,87.54938810632645,46
2,decision_close_2023_2,proxy_market_lsa|lambda=0.01|scaling=column_standardized,proxy_market_lsa,0.01,column_standardized,0.5278488206876953,0.653204173131141,133.44633527469657,46
2,decision_close_2023_2,proxy_market_lsa|lambda=0.1|scaling=column_standardized,proxy_market_lsa,0.1,column_standardized,0.46740740740740744,0.5243141320937721,103.28904538291253,46
2,decision_close_2023_2,proxy_market_lsa|lambda=1|scaling=column_standardized,proxy_market_lsa,1.0,column_standardized,0.3526203000194818,0.577715486574245,87.6858224575028,46
2,decision_close_2023_2,history_transformer|lambda=0.01|scaling=fixed,history_transformer,0.01,fixed,0.4259259259259259,0.624382256313747,87.42665661838478,46
2,decision_close_2023_2,history_transformer|lambda=0.1|scaling=fixed,history_transformer,0.1,fixed,0.4084249084249085,0.5961471402145618,86.47693181408576,46
2,decision_close_2023_2,history_transformer|lambda=1|scaling=fixed,history_transformer,1.0,fixed,0.4084249084249085,0.5678548591265642,91.91977303014144,46
3,decision_close_2023_3,history|lambda=0.01|scaling=fixed,history,0.01,fixed,0.44897189209583094,0.5563944595742087,102.96938858925354,47
3,decision_close_2023_3,history|lambda=0.1|scaling=fixed,history,0.1,fixed,0.3934294871794872,0.5380658810519254,87.35882791163802,47
3,decision_close_2023_3,history|lambda=1|scaling=fixed,history,1.0,fixed,0.23148148148148148,0.6300606410675922,78.92473511114645,47
3,decision_close_2023_3,history_tfidf|lambda=0.01|scaling=row_only,history_tfidf,0.01,row_only,0.45314900153609833,0.534595448011211,95.46840635688022,47
3,decision_close_2023_3,history_tfidf|lambda=0.1|scaling=row_only,history_tfidf,0.1,row_only,0.3934294871794872,0.5279900513491357,86.36532974163231,47
3,decision_close_2023_3,history_tfidf|lambda=1|scaling=row_only,history_tfidf,1.0,row_only,0.23148148148148148,0.62511147709693,79.08490115023443,47
3,decision_close_2023_3,history_tfidf|lambda=0.01|scaling=column_standardized,history_tfidf,0.01,column_standardized,0.4783882783882784,0.604222803310746,76.18305375156567,47
3,decision_close_2023_3,history_tfidf|lambda=0.1|scaling=column_standardized,history_tfidf,0.1,column_standardized,0.4866127583108715,0.568110470022221,76.14554874919479,47
3,decision_close_2023_3,history_tfidf|lambda=1|scaling=column_standardized,history_tfidf,1.0,column_standardized,0.4866127583108715,0.51859334838072,75.77957013273,47
3,decision_close_2023_3,history_lsa|lambda=0.01|scaling=row_only,history_lsa,0.01,row_only,0.4637345679012346,0.5694660310659435,109.0261402069031,47
3,decision_close_2023_3,history_lsa|lambda=0.1|scaling=row_only,history_lsa,0.1,row_only,0.3934294871794872,0.5291472885637734,89.2143664108406,47
3,decision_close_2023_3,history_lsa|lambda=1|scaling=row_only,history_lsa,1.0,row_only,0.23148148148148148,0.6239076426681598,79.4756732704286,47
3,decision_close_2023_3,history_lsa|lambda=0.01|scaling=column_standardized,history_lsa,0.01,column_standardized,0.4646464646464647,0.6201942807022166,110.33031948410597,47
3,decision_close_2023_3,history_lsa|lambda=0.1|scaling=column_standardized,history_lsa,0.1,column_standardized,0.4564330737856878,0.5220130069416596,101.47627034953231,47
3,decision_close_2023_3,history_lsa|lambda=1|scaling=column_standardized,history_lsa,1.0,column_standardized,0.2698295033358043,0.5751948372718239,82.97010090801321,47
3,decision_close_2023_3,history_qwen_all|lambda=0.01|scaling=fixed,history_qwen_all,0.01,fixed,0.42776432606941084,0.6281423408079815,112.033904207686,47
3,decision_close_2023_3,history_qwen_all|lambda=0.1|scaling=fixed,history_qwen_all,0.1,fixed,0.4201513341298287,0.5635084695592666,92.02735151653836,47
3,decision_close_2023_3,history_qwen_all|lambda=1|scaling=fixed,history_qwen_all,1.0,fixed,0.23148148148148148,0.6256478582608215,80.19230339567004,47
3,decision_close_2023_3,history_qwen_inflation|lambda=0.01|scaling=fixed,history_qwen_inflation,0.01,fixed,0.4678362573099415,0.5626510156579244,108.63557204352148,47
3,decision_close_2023_3,history_qwen_inflation|lambda=0.1|scaling=fixed,history_qwen_inflation,0.1,fixed,0.4201513341298287,0.5410086982758958,91.7502305062434,47
3,decision_close_2023_3,history_qwen_inflation|lambda=1|scaling=fixed,history_qwen_inflation,1.0,fixed,0.23148148148148148,0.6258870979859915,80.85828478090144,47
3,decision_close_2023_3,history_qwen_demand|lambda=0.01|scaling=fixed,history_qwen_demand,0.01,fixed,0.45314900153609833,0.6082394234236376,106.2957252944319,47
3,decision_close_2023_3,history_qwen_demand|lambda=0.1|scaling=fixed,history_qwen_demand,0.1,fixed,0.4201513341298287,0.5510348912604471,89.76579086968482,47
3,decision_close_2023_3,history_qwen_demand|lambda=1|scaling=fixed,history_qwen_demand,1.0,fixed,0.23148148148148148,0.6271896760799089,79.99361098324279,47
3,decision_close_2023_3,history_qwen_forward|lambda=0.01|scaling=fixed,history_qwen_forward,0.01,fixed,0.4413793103448276,0.5781709462364175,102.56266334226943,47
3,decision_close_2023_3,history_qwen_forward|lambda=0.1|scaling=fixed,history_qwen_forward,0.1,fixed,0.3972323972323972,0.5518430570589056,87.27221097385225,47
3,decision_close_2023_3,history_qwen_forward|lambda=1|scaling=fixed,history_qwen_forward,1.0,fixed,0.23148148148148148,0.6283984630200544,78.07294708886918,47
3,decision_close_2023_3,history_qwen_scores_only|lambda=0.01|scaling=fixed,history_qwen_scores_only,0.01,fixed,0.42036124794745483,0.6133107598630348,111.75019457628831,47
3,decision_close_2023_3,history_qwen_scores_only|lambda=0.1|scaling=fixed,history_qwen_scores_only,0.1,fixed,0.3934294871794872,0.5473512336393244,91.43538803455863,47
3,decision_close_2023_3,history_qwen_scores_only|lambda=1|scaling=fixed,history_qwen_scores_only,1.0,fixed,0.23148148148148148,0.6315118102557968,78.31619015753296,47
3,decision_close_2023_3,history_qwen_missing_only|lambda=0.01|scaling=fixed,history_qwen_missing_only,0.01,fixed,0.45314900153609833,0.5825455041599803,104.60565547535765,47
3,decision_close_2023_3,history_qwen_missing_only|lambda=0.1|scaling=fixed,history_qwen_missing_only,0.1,fixed,0.4201513341298287,0.5528550595104826,89.12980446591101,47
3,decision_close_2023_3,history_qwen_missing_only|lambda=1|scaling=fixed,history_qwen_missing_only,1.0,fixed,0.23148148148148148,0.6244033423245491,80.81947057883491,47
3,decision_close_2023_3,proxy_market|lambda=0.01|scaling=fixed,proxy_market,0.01,fixed,0.5189499695131735,0.6528525800420267,134.4054149239723,47
3,decision_close_2023_3,proxy_market|lambda=0.1|scaling=fixed,proxy_market,0.1,fixed,0.4958419958419958,0.5376781934857346,105.46563177339983,47
3,decision_close_2023_3,proxy_market|lambda=1|scaling=fixed,proxy_market,1.0,fixed,0.33410138248847926,0.6041287923074316,86.03352819940679,47
3,decision_close_2023_3,proxy_market_lsa|lambda=0.01|scaling=row_only,proxy_market_lsa,0.01,row_only,0.5189499695131735,0.6415053146548613,133.18800808497767,47
3,decision_close_2023_3,proxy_market_lsa|lambda=0.1|scaling=row_only,proxy_market_lsa,0.1,row_only,0.4797344514325646,0.535400611256563,105.1931526564777,47
3,decision_close_2023_3,proxy_market_lsa|lambda=1|scaling=row_only,proxy_market_lsa,1.0,row_only,0.33410138248847926,0.6014803604062017,86.16121637078389,47
3,decision_close_2023_3,proxy_market_lsa|lambda=0.01|scaling=column_standardized,proxy_market_lsa,0.01,column_standardized,0.5326797385620915,0.6397356353051835,132.89834489890248,47
3,decision_close_2023_3,proxy_market_lsa|lambda=0.1|scaling=column_standardized,proxy_market_lsa,0.1,column_standardized,0.4715099715099715,0.5161102348988923,101.42103602653377,47
3,decision_close_2023_3,proxy_market_lsa|lambda=1|scaling=column_standardized,proxy_market_lsa,1.0,column_standardized,0.35651026945543624,0.5709584159802172,86.2954318189561,47
3,decision_close_2023_3,history_transformer|lambda=0.01|scaling=fixed,history_transformer,0.01,fixed,0.4161469161469162,0.6444099208338868,85.60017268201608,47
3,decision_close_2023_3,history_transformer|lambda=0.1|scaling=fixed,history_transformer,0.1,fixed,0.3990216631726066,0.6090972355069708,84.80872831058838,47
3,decision_close_2023_3,history_transformer|lambda=1|scaling=fixed,history_transformer,1.0,fixed,0.3990216631726066,0.5722052533852308,90.47776752233992,47
4,decision_close_2023_4,history|lambda=0.01|scaling=fixed,history,0.01,fixed,0.45234189903408056,0.5457892866418538,101.00397401702288,48
4,decision_close_2023_4,history|lambda=0.1|scaling=fixed,history,0.1,fixed,0.39627039627039623,0.5286521252596135,85.68569185564087,48
4,decision_close_2023_4,history|lambda=1|scaling=fixed,history,1.0,fixed,0.23423423423423426,0.6196768794190125,77.30738688378428,48
4,decision_close_2023_4,history_tfidf|lambda=0.01|scaling=row_only,history_tfidf,0.01,row_only,0.4564330737856878,0.5248903781599387,93.6653910726646,48
4,decision_close_2023_4,history_tfidf|lambda=0.1|scaling=row_only,history_tfidf,0.1,row_only,0.39627039627039623,0.5191739884036001,84.6808239902473,48
4,decision_close_2023_4,history_tfidf|lambda=1|scaling=row_only,history_tfidf,1.0,row_only,0.23423423423423426,0.614948433851182,77.49471736198062,48
4,decision_close_2023_4,history_tfidf|lambda=0.01|scaling=column_standardized,history_tfidf,0.01,column_standardized,0.4821869488536155,0.5916355000963415,74.72784502810438,48
4,decision_close_2023_4,history_tfidf|lambda=0.1|scaling=column_standardized,history_tfidf,0.1,column_standardized,0.49004329004329006,0.5563013850617525,74.68582737157978,48
4,decision_close_2023_4,history_tfidf|lambda=1|scaling=column_standardized,history_tfidf,1.0,column_standardized,0.49004329004329006,0.5084087234964308,74.26609057447875,48
4,decision_close_2023_4,history_lsa|lambda=0.01|scaling=row_only,history_lsa,0.01,row_only,0.4672619047619048,0.5586717051349831,107.43648626592044,48
4,decision_close_2023_4,history_lsa|lambda=0.1|scaling=row_only,history_lsa,0.1,row_only,0.39627039627039623,0.5203716125892677,87.50946339407562,48
4,decision_close_2023_4,history_lsa|lambda=1|scaling=row_only,history_lsa,1.0,row_only,0.23423423423423426,0.6138151913397148,77.88795083775825,48
4,decision_close_2023_4,history_lsa|lambda=0.01|scaling=column_standardized,history_lsa,0.01,column_standardized,0.4688393367638651,0.6079308659283096,109.41348062055022,48
4,decision_close_2023_4,history_lsa|lambda=0.1|scaling=column_standardized,history_lsa,0.1,column_standardized,0.45949820788530465,0.5135638733809079,99.61485479941746,48
4,decision_close_2023_4,history_lsa|lambda=1|scaling=column_standardized,history_lsa,1.0,column_standardized,0.2725306416726748,0.5665068031629813,81.38458667560336,48
4,decision_close_2023_4,history_qwen_all|lambda=0.01|scaling=fixed,history_qwen_all,0.01,fixed,0.43091334894613587,0.6156349426329797,109.91069071755199,48
4,decision_close_2023_4,history_qwen_all|lambda=0.1|scaling=fixed,history_qwen_all,0.1,fixed,0.42283950617283955,0.5531566959314657,90.2851387105937,48
4,decision_close_2023_4,history_qwen_all|lambda=1|scaling=fixed,history_qwen_all,1.0,fixed,0.23423423423423426,0.6149473891998268,78.5262959069346,48
4,decision_close_2023_4,history_qwen_inflation|lambda=0.01|scaling=fixed,history_qwen_inflation,0.01,fixed,0.4708097928436912,0.5518132735055662,106.40479285808662,48
4,decision_close_2023_4,history_qwen_inflation|lambda=0.1|scaling=fixed,history_qwen_inflation,0.1,fixed,0.42283950617283955,0.5313775412434905,89.84734687559444,48
4,decision_close_2023_4,history_qwen_inflation|lambda=1|scaling=fixed,history_qwen_inflation,1.0,fixed,0.23423423423423426,0.6154635203373193,79.26970409240134,48
4,decision_close_2023_4,history_qwen_demand|lambda=0.01|scaling=fixed,history_qwen_demand,0.01,fixed,0.4564330737856878,0.5964649031780835,104.19078552077245,48
4,decision_close_2023_4,history_qwen_demand|lambda=0.1|scaling=fixed,history_qwen_demand,0.1,fixed,0.42283950617283955,0.5410681030177136,87.9867054754722,48
4,decision_close_2023_4,history_qwen_demand|lambda=1|scaling=fixed,history_qwen_demand,1.0,fixed,0.23423423423423426,0.6166322786586879,78.36181851139436,48
4,decision_close_2023_4,history_qwen_forward|lambda=0.01|scaling=fixed,history_qwen_forward,0.01,fixed,0.4444444444444444,0.5667421810659358,100.69259086216975,48
4,decision_close_2023_4,history_qwen_forward|lambda=0.1|scaling=fixed,history_qwen_forward,0.1,fixed,0.4000000000000001,0.5418117885330038,85.68241036686736,48
4,decision_close_2023_4,history_qwen_forward|lambda=1|scaling=fixed,history_qwen_forward,1.0,fixed,0.23423423423423426,0.6178273239668987,76.4863937299547,48
4,decision_close_2023_4,history_qwen_scores_only|lambda=0.01|scaling=fixed,history_qwen_scores_only,0.01,fixed,0.4238095238095238,0.6012987170848424,109.72828217190981,48
4,decision_close_2023_4,history_qwen_scores_only|lambda=0.1|scaling=fixed,history_qwen_scores_only,0.1,fixed,0.39627039627039623,0.5376526534117211,89.79308559826393,48
4,decision_close_2023_4,history_qwen_scores_only|lambda=1|scaling=fixed,history_qwen_scores_only,1.0,fixed,0.23423423423423426,0.6210707008461586,76.72860305749066,48
4,decision_close_2023_4,history_qwen_missing_only|lambda=0.01|scaling=fixed,history_qwen_missing_only,0.01,fixed,0.4564330737856878,0.571342995476233,102.50113424544126,48
4,decision_close_2023_4,history_qwen_missing_only|lambda=0.1|scaling=fixed,history_qwen_missing_only,0.1,fixed,0.42283950617283955,0.5429160212073035,87.3221439189394,48
4,decision_close_2023_4,history_qwen_missing_only|lambda=1|scaling=fixed,history_qwen_missing_only,1.0,fixed,0.23423423423423426,0.6137847433674964,79.21062266491353,48
4,decision_close_2023_4,proxy_market|lambda=0.01|scaling=fixed,proxy_market,0.01,fixed,0.5238710868962969,0.6396256886844457,132.35246659357884,48
4,decision_close_2023_4,proxy_market|lambda=0.1|scaling=fixed,proxy_market,0.1,fixed,0.49916583249916585,0.5290852314593891,103.70691718700989,48
4,decision_close_2023_4,proxy_market|lambda=1|scaling=fixed,proxy_market,1.0,fixed,0.33779761904761907,0.5968920082906742,84.56039253619151,48
4,decision_close_2023_4,proxy_market_lsa|lambda=0.01|scaling=row_only,proxy_market_lsa,0.01,row_only,0.5238710868962969,0.6283628309256929,131.52232805472315,48
4,decision_close_2023_4,proxy_market_lsa|lambda=0.1|scaling=row_only,proxy_market_lsa,0.1,row_only,0.48316498316498313,0.5267855333570187,103.47408416367188,48
4,decision_close_2023_4,proxy_market_lsa|lambda=1|scaling=row_only,proxy_market_lsa,1.0,row_only,0.33779761904761907,0.5942893613930893,84.68180797653709,48
4,decision_close_2023_4,proxy_market_lsa|lambda=0.01|scaling=column_standardized,proxy_market_lsa,0.01,column_standardized,0.537124183006536,0.6265053800187826,131.4212272128747,48
4,decision_close_2023_4,proxy_market_lsa|lambda=0.1|scaling=column_standardized,proxy_market_lsa,0.1,column_standardized,0.4753086419753087,0.5071509282797607,99.85864164485452,48
4,decision_close_2023_4,proxy_market_lsa|lambda=1|scaling=column_standardized,proxy_market_lsa,1.0,column_standardized,0.36015325670498083,0.5637604697170256,84.74934372998392,48
4,decision_close_2023_4,history_transformer|lambda=0.01|scaling=fixed,history_transformer,0.01,fixed,0.42042042042042044,0.6310790016829382,84.13207192878635,48
4,decision_close_2023_4,history_transformer|lambda=0.1|scaling=fixed,history_transformer,0.1,fixed,0.4033670033670034,0.5976751794292563,83.26240863833661,48
4,decision_close_2023_4,history_transformer|lambda=1|scaling=fixed,history_transformer,1.0,fixed,0.4033670033670034,0.5659207774288836,88.81668672682129,48
5,decision_close_2023_5,history|lambda=0.01|scaling=fixed,history,0.01,fixed,0.4554909219108056,0.5351199452266242,99.18930496876072,49
5,decision_close_2023_5,history|lambda=0.1|scaling=fixed,history,0.1,fixed,0.3989441930618402,0.5189321244080062,84.13764501737272,49
5,decision_close_2023_5,history|lambda=1|scaling=fixed,history,1.0,fixed,0.23684210526315788,0.6093200971843709,75.73221311399786,49
5,decision_close_2023_5,history_tfidf|lambda=0.01|scaling=row_only,history_tfidf,0.01,row_only,0.45949820788530465,0.5146554515193341,91.91960389092291,49
5,decision_close_2023_5,history_tfidf|lambda=0.1|scaling=row_only,history_tfidf,0.1,row_only,0.3989441930618402,0.5098326038372076,83.09819756745375,49
5,decision_close_2023_5,history_tfidf|lambda=1|scaling=row_only,history_tfidf,1.0,row_only,0.23684210526315788,0.6047674355971231,75.94065989335822,49
5,decision_close_2023_5,history_tfidf|lambda=0.01|scaling=column_standardized,history_tfidf,0.01,column_standardized,0.48571428571428577,0.5795613127464219,73.30590803949406,49
5,decision_close_2023_5,history_tfidf|lambda=0.1|scaling=column_standardized,history_tfidf,0.1,column_standardized,0.49323308270676697,0.5449488918435621,73.25841125375557,49
5,decision_close_2023_5,history_tfidf|lambda=1|scaling=column_standardized,history_tfidf,1.0,column_standardized,0.49323308270676697,0.4980700815061162,72.80856164351364,49
5,decision_close_2023_5,history_lsa|lambda=0.01|scaling=row_only,history_lsa,0.01,row_only,0.4705459770114942,0.5478071460966207,105.76946628068474,49
5,decision_close_2023_5,history_lsa|lambda=0.1|scaling=row_only,history_lsa,0.1,row_only,0.3989441930618402,0.5111241485087771,85.87521451033258,49
5,decision_close_2023_5,history_lsa|lambda=1|scaling=row_only,history_lsa,1.0,row_only,0.23684210526315788,0.603707294500823,76.33825961522247,49
5,decision_close_2023_5,history_lsa|lambda=0.01|scaling=column_standardized,history_lsa,0.01,column_standardized,0.4727272727272727,0.595851087434951,108.21374615146821,49
5,decision_close_2023_5,history_lsa|lambda=0.1|scaling=column_standardized,history_lsa,0.1,column_standardized,0.4623655913978495,0.504675036052341,97.77167898633084,49
5,decision_close_2023_5,history_lsa|lambda=1|scaling=column_standardized,history_lsa,1.0,column_standardized,0.2750877192982456,0.5577401650345792,79.81276686227031,49
5,decision_close_2023_5,history_qwen_all|lambda=0.01|scaling=fixed,history_qwen_all,0.01,fixed,0.4338624338624338,0.6034480158710275,107.86428128302602,49
5,decision_close_2023_5,history_qwen_all|lambda=0.1|scaling=fixed,history_qwen_all,0.1,fixed,0.425364758698092,0.5427836854072037,88.61204743736204,49
5,decision_close_2023_5,history_qwen_all|lambda=1|scaling=fixed,history_qwen_all,1.0,fixed,0.23684210526315788,0.6043537089787852,76.94241303178072,49
5,decision_close_2023_5,history_qwen_inflation|lambda=0.01|scaling=fixed,history_qwen_inflation,0.01,fixed,0.4735883424408014,0.5409512659770297,104.2338003851976,49
5,decision_close_2023_5,history_qwen_inflation|lambda=0.1|scaling=fixed,history_qwen_inflation,0.1,fixed,0.425364758698092,0.5215469862219125,88.02374403498197,49
5,decision_close_2023_5,history_qwen_inflation|lambda=1|scaling=fixed,history_qwen_inflation,1.0,fixed,0.23684210526315788,0.60509387795392,77.73246515856682,49
5,decision_close_2023_5,history_qwen_demand|lambda=0.01|scaling=fixed,history_qwen_demand,0.01,fixed,0.45949820788530465,0.5847378108447784,102.27305491223771,49
5,decision_close_2023_5,history_qwen_demand|lambda=0.1|scaling=fixed,history_qwen_demand,0.1,fixed,0.425364758698092,0.530950379028493,86.36223915803808,49
5,decision_close_2023_5,history_qwen_demand|lambda=1|scaling=fixed,history_qwen_demand,1.0,fixed,0.23684210526315788,0.6061447994571668,76.76490157897376,49
5,decision_close_2023_5,history_qwen_forward|lambda=0.01|scaling=fixed,history_qwen_forward,0.01,fixed,0.4473118279569892,0.5555534381728098,98.96845928363078,49
5,decision_close_2023_5,history_qwen_forward|lambda=0.1|scaling=fixed,history_qwen_forward,0.1,fixed,0.4026023727516265,0.5316736817894568,84.22292276508368,49
5,decision_close_2023_5,history_qwen_forward|lambda=1|scaling=fixed,history_qwen_forward,1.0,fixed,0.23684210526315788,0.6073228174488317,74.99435539210442,49
5,decision_close_2023_5,history_qwen_scores_only|lambda=0.01|scaling=fixed,history_qwen_scores_only,0.01,fixed,0.4270353302611367,0.5895000197558777,107.77602571366624,49
5,decision_close_2023_5,history_qwen_scores_only|lambda=0.1|scaling=fixed,history_qwen_scores_only,0.1,fixed,0.3989441930618402,0.5277848069950494,88.20893368028956,49
5,decision_close_2023_5,history_qwen_scores_only|lambda=1|scaling=fixed,history_qwen_scores_only,1.0,fixed,0.23684210526315788,0.6106744030691086,75.21740939566443,49
5,decision_close_2023_5,history_qwen_missing_only|lambda=0.01|scaling=fixed,history_qwen_missing_only,0.01,fixed,0.45949820788530465,0.5601331294678907,100.5645209543171,49
5,decision_close_2023_5,history_qwen_missing_only|lambda=0.1|scaling=fixed,history_qwen_missing_only,0.1,fixed,0.425364758698092,0.5327894410045101,85.66027752831872,49
5,decision_close_2023_5,history_qwen_missing_only|lambda=1|scaling=fixed,history_qwen_missing_only,1.0,fixed,0.23684210526315788,0.6032523597692179,77.63446888510497,49
5,decision_close_2023_5,proxy_market|lambda=0.01|scaling=fixed,proxy_market,0.01,fixed,0.5284062342885871,0.6268220271078838,130.10153489434393,49
5,decision_close_2023_5,proxy_market|lambda=0.1|scaling=fixed,proxy_market,0.1,fixed,0.5022522522522522,0.5197650003584083,101.9157433936068,49
5,decision_close_2023_5,proxy_market|lambda=1|scaling=fixed,proxy_market,1.0,fixed,0.3412698412698412,0.5889659428110087,83.137458881138,49
5,decision_close_2023_5,proxy_market_lsa|lambda=0.01|scaling=row_only,proxy_market_lsa,0.01,row_only,0.5284062342885871,0.6156968848292416,129.2145226692062,49
5,decision_close_2023_5,proxy_market_lsa|lambda=0.1|scaling=row_only,proxy_market_lsa,0.1,row_only,0.48635477582846004,0.5174865801842601,101.66106981757386,49
5,decision_close_2023_5,proxy_market_lsa|lambda=1|scaling=row_only,proxy_market_lsa,1.0,row_only,0.3412698412698412,0.5864032400520093,83.25206337089298,49
5,decision_close_2023_5,proxy_market_lsa|lambda=0.01|scaling=column_standardized,proxy_market_lsa,0.01,column_standardized,0.5412267471091,0.6137626665133533,129.16830936965917,49
5,decision_close_2023_5,proxy_market_lsa|lambda=0.1|scaling=column_standardized,proxy_market_lsa,0.1,column_standardized,0.47883597883597884,0.4978073354421892,98.13056666787413,49
5,decision_close_2023_5,proxy_market_lsa|lambda=1|scaling=column_standardized,proxy_market_lsa,1.0,column_standardized,0.36357206012378424,0.5560179423428995,83.21398557680342,49
5,decision_close_2023_5,history_transformer|lambda=0.01|scaling=fixed,history_transformer,0.01,fixed,0.4243886743886744,0.6182241536886639,82.45463789889493,49
5,decision_close_2023_5,history_transformer|lambda=0.1|scaling=fixed,history_transformer,0.1,fixed,0.40740740740740744,0.5858463591820878,81.63222882987259,49
5,decision_close_2023_5,history_transformer|lambda=1|scaling=fixed,history_transformer,1.0,fixed,0.40740740740740744,0.557122634143202,87.01544981620385,49
6,decision_close_2023_6,history|lambda=0.01|scaling=fixed,history,0.01,fixed,0.4516129032258065,0.5542750034893221,109.79238969445449,50
6,decision_close_2023_6,history|lambda=0.1|scaling=fixed,history,0.1,fixed,0.39539204756596064,0.5379311555127747,95.08564561903272,50
6,decision_close_2023_6,history|lambda=1|scaling=fixed,history,1.0,fixed,0.23376623376623376,0.6255306740068687,87.082413589566,50
6,decision_close_2023_6,history_tfidf|lambda=0.01|scaling=row_only,history_tfidf,0.01,row_only,0.4554909219108056,0.5359328076535976,102.77775832985765,50
6,decision_close_2023_6,history_tfidf|lambda=0.1|scaling=row_only,history_tfidf,0.1,row_only,0.39539204756596064,0.5288073296292031,94.10656137552806,50
6,decision_close_2023_6,history_tfidf|lambda=1|scaling=row_only,history_tfidf,1.0,row_only,0.23376623376623376,0.6209873520404013,87.31291945813824,50
6,decision_close_2023_6,history_tfidf|lambda=0.01|scaling=column_standardized,history_tfidf,0.01,column_standardized,0.4815371762740184,0.6079283604972531,84.9730812157541,50
6,decision_close_2023_6,history_tfidf|lambda=0.1|scaling=column_standardized,history_tfidf,0.1,column_standardized,0.4889983579638752,0.5737866574994992,84.93401977267493,50
6,decision_close_2023_6,history_tfidf|lambda=1|scaling=column_standardized,history_tfidf,1.0,column_standardized,0.4889983579638752,0.5266167261693115,84.47266142290671,50
6,decision_close_2023_6,history_lsa|lambda=0.01|scaling=row_only,history_lsa,0.01,row_only,0.46645480225988695,0.5676488522634364,115.97216767456432,50
6,decision_close_2023_6,history_lsa|lambda=0.1|scaling=row_only,history_lsa,0.1,row_only,0.39539204756596064,0.5297317835882758,96.78972104959873,50
6,decision_close_2023_6,history_lsa|lambda=1|scaling=row_only,history_lsa,1.0,row_only,0.23376623376623376,0.6198822599814572,87.70694726493933,50
6,decision_close_2023_6,history_lsa|lambda=0.01|scaling=column_standardized,history_lsa,0.01,column_standardized,0.46861471861471865,0.6195621812940637,118.09157794720657,50
6,decision_close_2023_6,history_lsa|lambda=0.1|scaling=column_standardized,history_lsa,0.1,column_standardized,0.45844000682710356,0.5242066581907161,108.3122978940342,50
6,decision_close_2023_6,history_lsa|lambda=1|scaling=column_standardized,history_lsa,1.0,column_standardized,0.2719298245614035,0.574239879394743,91.06780715621237,50
6,decision_close_2023_6,history_qwen_all|lambda=0.01|scaling=fixed,history_qwen_all,0.01,fixed,0.4300595238095238,0.6233277791319768,118.26193409144133,50
6,decision_close_2023_6,history_qwen_all|lambda=0.1|scaling=fixed,history_qwen_all,0.1,fixed,0.42159572507831217,0.5618930271295691,99.44141434893787,50
6,decision_close_2023_6,history_qwen_all|lambda=1|scaling=fixed,history_qwen_all,1.0,fixed,0.23376623376623376,0.6211341909095998,88.24031358943256,50
6,decision_close_2023_6,history_qwen_inflation|lambda=0.01|scaling=fixed,history_qwen_inflation,0.01,fixed,0.4695340501792115,0.5605186503601641,114.87342019058202,50
6,decision_close_2023_6,history_qwen_inflation|lambda=0.1|scaling=fixed,history_qwen_inflation,0.1,fixed,0.42159572507831217,0.5409113876660685,99.02145582776512,50
6,decision_close_2023_6,history_qwen_inflation|lambda=1|scaling=fixed,history_qwen_inflation,1.0,fixed,0.23376623376623376,0.6215841897222856,89.10594784852921,50
6,decision_close_2023_6,history_qwen_demand|lambda=0.01|scaling=fixed,history_qwen_demand,0.01,fixed,0.4554909219108056,0.6031143540736837,112.86017309628367,50
6,decision_close_2023_6,history_qwen_demand|lambda=0.1|scaling=fixed,history_qwen_demand,0.1,fixed,0.42159572507831217,0.5502331236085266,97.3014543510563,50
6,decision_close_2023_6,history_qwen_demand|lambda=1|scaling=fixed,history_qwen_demand,1.0,fixed,0.23376623376623376,0.6227297764549793,88.09787753314147,50
6,decision_close_2023_6,history_qwen_forward|lambda=0.01|scaling=fixed,history_qwen_forward,0.01,fixed,0.4433862433862434,0.5762849730510734,109.49857722185504,50
6,decision_close_2023_6,history_qwen_forward|lambda=0.1|scaling=fixed,history_qwen_forward,0.1,fixed,0.3989441930618402,0.5508934802801833,95.09570964064159,50
6,decision_close_2023_6,history_qwen_forward|lambda=1|scaling=fixed,history_qwen_forward,1.0,fixed,0.23376623376623376,0.6237705064587403,86.30102910667637,50
6,decision_close_2023_6,history_qwen_scores_only|lambda=0.01|scaling=fixed,history_qwen_scores_only,0.01,fixed,0.42328042328042326,0.6085002113232814,118.09069426815424,50
6,decision_close_2023_6,history_qwen_scores_only|lambda=0.1|scaling=fixed,history_qwen_scores_only,0.1,fixed,0.39539204756596064,0.5463996577509175,98.96933842716334,50
6,decision_close_2023_6,history_qwen_scores_only|lambda=1|scaling=fixed,history_qwen_scores_only,1.0,fixed,0.23376623376623376,0.6267502274418628,86.51475769081858,50
6,decision_close_2023_6,history_qwen_missing_only|lambda=0.01|scaling=fixed,history_qwen_missing_only,0.01,fixed,0.4554909219108056,0.5790419912261031,111.23038427802969,50
6,decision_close_2023_6,history_qwen_missing_only|lambda=0.1|scaling=fixed,history_qwen_missing_only,0.1,fixed,0.42159572507831217,0.5520799658588912,96.66120467961252,50
6,decision_close_2023_6,history_qwen_missing_only|lambda=1|scaling=fixed,history_qwen_missing_only,1.0,fixed,0.23376623376623376,0.6201141186328476,88.98902972403258,50
6,decision_close_2023_6,proxy_market|lambda=0.01|scaling=fixed,proxy_market,0.01,fixed,0.5204697263520792,0.647257669767462,140.14125997898992,50
6,decision_close_2023_6,proxy_market|lambda=0.1|scaling=fixed,proxy_market,0.1,fixed,0.4978662873399715,0.5391647446921479,112.49293378458452,50
6,decision_close_2023_6,proxy_market|lambda=1|scaling=fixed,proxy_market,1.0,fixed,0.33795309168443494,0.6042481813149384,94.64362373038932,50
6,decision_close_2023_6,proxy_market_lsa|lambda=0.01|scaling=row_only,proxy_market_lsa,0.01,row_only,0.5204697263520792,0.638742735262432,139.16299200663894,50
6,decision_close_2023_6,proxy_market_lsa|lambda=0.1|scaling=row_only,proxy_market_lsa,0.1,row_only,0.4821200510855683,0.5373392640662769,112.21145148761228,50
6,decision_close_2023_6,proxy_market_lsa|lambda=1|scaling=row_only,proxy_market_lsa,1.0,row_only,0.33795309168443494,0.6017781434185302,94.74136199311509,50
6,decision_close_2023_6,proxy_market_lsa|lambda=0.01|scaling=column_standardized,proxy_market_lsa,0.01,column_standardized,0.5325991064059875,0.6390814020504588,139.0006928086464,50
6,decision_close_2023_6,proxy_market_lsa|lambda=0.1|scaling=column_standardized,proxy_market_lsa,0.1,column_standardized,0.4746588693957115,0.5196513973792265,108.56275223637932,50
6,decision_close_2023_6,proxy_market_lsa|lambda=1|scaling=column_standardized,proxy_market_lsa,1.0,column_standardized,0.36015325670498083,0.5722501202666425,94.49406279963006,50
6,decision_close_2023_6,history_transformer|lambda=0.01|scaling=fixed,history_transformer,0.01,fixed,0.42042042042042044,0.6433952413902813,94.28587364960151,50
6,decision_close_2023_6,history_transformer|lambda=0.1|scaling=fixed,history_transformer,0.1,fixed,0.40357598978288634,0.6083421049593638,93.41773253697902,50
6,decision_close_2023_6,history_transformer|lambda=1|scaling=fixed,history_transformer,1.0,fixed,0.40357598978288634,0.5762809610454203,98.78548286588813,50
7,decision_close_2023_7,history|lambda=0.01|scaling=fixed,history,0.01,fixed,0.44785799624509304,0.5555183473148226,109.11048045793476,51
7,decision_close_2023_7,history|lambda=0.1|scaling=fixed,history,0.1,fixed,0.39194139194139194,0.5525519981795961,94.82663607969434,51
7,decision_close_2023_7,history|lambda=1|scaling=fixed,history,1.0,fixed,0.23076923076923075,0.6442108549961817,87.95415711960484,51
7,decision_close_2023_7,history_tfidf|lambda=0.01|scaling=row_only,history_tfidf,0.01,row_only,0.4516129032258065,0.5414999986852108,102.90537513090295,51
7,decision_close_2023_7,history_tfidf|lambda=0.1|scaling=row_only,history_tfidf,0.1,row_only,0.39194139194139194,0.543044657123759,93.91440429233897,51
7,decision_close_2023_7,history_tfidf|lambda=1|scaling=row_only,history_tfidf,1.0,row_only,0.23076923076923075,0.6395942224998725,88.19394625099773,51
7,decision_close_2023_7,history_tfidf|lambda=0.01|scaling=column_standardized,history_tfidf,0.01,column_standardized,0.477504105090312,0.6230106812081423,86.76100692712728,51
7,decision_close_2023_7,history_tfidf|lambda=0.1|scaling=column_standardized,history_tfidf,0.1,column_standardized,0.48490718321226794,0.5877813867743032,86.80141016524078,51
7,decision_close_2023_7,history_tfidf|lambda=1|scaling=column_standardized,history_tfidf,1.0,column_standardized,0.48490718321226794,0.5399324619386363,86.68241209704684,51
7,decision_close_2023_7,history_lsa|lambda=0.01|scaling=row_only,history_lsa,0.01,row_only,0.46249999999999997,0.5703826290112716,115.34307508472037,51
7,decision_close_2023_7,history_lsa|lambda=0.1|scaling=row_only,history_lsa,0.1,row_only,0.39194139194139194,0.5433537426082239,96.41770255888088,51
7,decision_close_2023_7,history_lsa|lambda=1|scaling=row_only,history_lsa,1.0,row_only,0.23076923076923075,0.6384118106141821,88.56802890490529,51
7,decision_close_2023_7,history_lsa|lambda=0.01|scaling=column_standardized,history_lsa,0.01,column_standardized,0.4646464646464647,0.6238775941722421,118.38871452540045,51
7,decision_close_2023_7,history_lsa|lambda=0.1|scaling=column_standardized,history_lsa,0.1,column_standardized,0.4546370967741935,0.537014770500212,108.89226831520422,51
7,decision_close_2023_7,history_lsa|lambda=1|scaling=column_standardized,history_lsa,1.0,column_standardized,0.2688539530644794,0.5929433427941931,92.08405622153342,51
7,decision_close_2023_7,history_qwen_all|lambda=0.01|scaling=fixed,history_qwen_all,0.01,fixed,0.42637362637362636,0.6473176193240155,117.7403193502009,51
7,decision_close_2023_7,history_qwen_all|lambda=0.1|scaling=fixed,history_qwen_all,0.1,fixed,0.41793754538852584,0.580370290255588,99.36342618745125,51
7,decision_close_2023_7,history_qwen_all|lambda=1|scaling=fixed,history_qwen_all,1.0,fixed,0.23076923076923075,0.6382114084726137,89.19562605917436,51
7,decision_close_2023_7,history_qwen_inflation|lambda=0.01|scaling=fixed,history_qwen_inflation,0.01,fixed,0.5362007168458781,0.5593090895312711,113.71186588417774,51
7,decision_close_2023_7,history_qwen_inflation|lambda=0.1|scaling=fixed,history_qwen_inflation,0.1,fixed,0.41793754538852584,0.554451986959406,98.3672707228087,51
7,decision_close_2023_7,history_qwen_inflation|lambda=1|scaling=fixed,history_qwen_inflation,1.0,fixed,0.23076923076923075,0.6395139564697246,89.87111173321449,51
7,decision_close_2023_7,history_qwen_demand|lambda=0.01|scaling=fixed,history_qwen_demand,0.01,fixed,0.4516129032258065,0.6043314657973097,112.03765049846587,51
7,decision_close_2023_7,history_qwen_demand|lambda=0.1|scaling=fixed,history_qwen_demand,0.1,fixed,0.41793754538852584,0.5636505336261989,96.92127732001347,51
7,decision_close_2023_7,history_qwen_demand|lambda=1|scaling=fixed,history_qwen_demand,1.0,fixed,0.23076923076923075,0.6406309182717181,88.92304314004217,51
7,decision_close_2023_7,history_qwen_forward|lambda=0.01|scaling=fixed,history_qwen_forward,0.01,fixed,0.4395833333333334,0.6003135033510129,109.33868708840963,51
7,decision_close_2023_7,history_qwen_forward|lambda=0.1|scaling=fixed,history_qwen_forward,0.1,fixed,0.39539204756596064,0.5691864382545091,95.23836183982785,51
7,decision_close_2023_7,history_qwen_forward|lambda=1|scaling=fixed,history_qwen_forward,1.0,fixed,0.23076923076923075,0.6416264142373219,87.31875822433119,51
7,decision_close_2023_7,history_qwen_scores_only|lambda=0.01|scaling=fixed,history_qwen_scores_only,0.01,fixed,0.41964285714285715,0.633372697363728,117.71423310576586,51
7,decision_close_2023_7,history_qwen_scores_only|lambda=0.1|scaling=fixed,history_qwen_scores_only,0.1,fixed,0.39194139194139194,0.5666138014899187,99.02259293035,51
7,decision_close_2023_7,history_qwen_scores_only|lambda=1|scaling=fixed,history_qwen_scores_only,1.0,fixed,0.23076923076923075,0.6453459501267281,87.51569770942436,51
7,decision_close_2023_7,history_qwen_missing_only|lambda=0.01|scaling=fixed,history_qwen_missing_only,0.01,fixed,0.4516129032258065,0.5795659414295465,110.31557394590284,51
7,decision_close_2023_7,history_qwen_missing_only|lambda=0.1|scaling=fixed,history_qwen_missing_only,0.1,fixed,0.41793754538852584,0.5651663937403764,96.17408813722227,51
7,decision_close_2023_7,history_qwen_missing_only|lambda=1|scaling=fixed,history_qwen_missing_only,1.0,fixed,0.23076923076923075,0.6372664519342802,89.75772095536244,51
7,decision_close_2023_7,proxy_market|lambda=0.01|scaling=fixed,proxy_market,0.01,fixed,0.5131828832161794,0.646505665417549,137.4812636175495,51
7,decision_close_2023_7,proxy_market|lambda=0.1|scaling=fixed,proxy_market,0.1,fixed,0.4936315625970799,0.5523322362474977,110.70521526841729,51
7,decision_close_2023_7,proxy_market|lambda=1|scaling=fixed,proxy_market,1.0,fixed,0.33473389355742295,0.621260846067012,95.0652049358244,51
7,decision_close_2023_7,proxy_market_lsa|lambda=0.01|scaling=row_only,proxy_market_lsa,0.01,row_only,0.5131828832161794,0.6402544369876714,137.22261495892002,51
7,decision_close_2023_7,proxy_market_lsa|lambda=0.1|scaling=row_only,proxy_market_lsa,0.1,row_only,0.4780288763339611,0.5500327119922663,110.62932343356765,51
7,decision_close_2023_7,proxy_market_lsa|lambda=1|scaling=row_only,proxy_market_lsa,1.0,row_only,0.33473389355742295,0.6186709711820154,95.17804941753066,51
7,decision_close_2023_7,proxy_market_lsa|lambda=0.01|scaling=column_standardized,proxy_market_lsa,0.01,column_standardized,0.5702059440128252,0.6347401551209998,136.67201996047294,51
7,decision_close_2023_7,proxy_market_lsa|lambda=0.1|scaling=column_standardized,proxy_market_lsa,0.1,column_standardized,0.4706257982120052,0.5290142059777887,109.049137140625,51
7,decision_close_2023_7,proxy_market_lsa|lambda=1|scaling=column_standardized,proxy_market_lsa,1.0,column_standardized,0.35683650711957454,0.5889941234250718,95.35420565668403,51
7,decision_close_2023_7,history_transformer|lambda=0.01|scaling=fixed,history_transformer,0.01,fixed,0.41658900279589933,0.6582673561024622,103.10678497877576,51
7,decision_close_2023_7,history_transformer|lambda=0.1|scaling=fixed,history_transformer,0.1,fixed,0.3998744507219083,0.6184083422201225,101.51528594049391,51
7,decision_close_2023_7,history_transformer|lambda=1|scaling=fixed,history_transformer,1.0,fixed,0.3998744507219083,0.5848217202749191,103.6520895136941,51
8,decision_close_2023_8,history|lambda=0.01|scaling=fixed,history,0.01,fixed,0.5145246629117597,0.5507507663108754,117.3038663747367,52
8,decision_close_2023_8,history|lambda=0.1|scaling=fixed,history,0.1,fixed,0.38858793788371254,0.561857089744197,103.47409568574975,52
8,decision_close_2023_8,history|lambda=1|scaling=fixed,history,1.0,fixed,0.22784810126582278,0.6607674495456123,97.80997199373111,52
8,decision_close_2023_8,history_tfidf|lambda=0.01|scaling=row_only,history_tfidf,0.01,row_only,0.5122189638318672,0.5372185710899724,111.80709326550723,52
8,decision_close_2023_8,history_tfidf|lambda=0.1|scaling=row_only,history_tfidf,0.1,row_only,0.38858793788371254,0.55119585224398,102.60735885046878,52
8,decision_close_2023_8,history_tfidf|lambda=1|scaling=row_only,history_tfidf,1.0,row_only,0.22784810126582278,0.6559847429630156,98.05485809102485,52
8,decision_close_2023_8,history_tfidf|lambda=0.01|scaling=column_standardized,history_tfidf,0.01,column_standardized,0.5381101656963726,0.611259323268424,96.66161666715678,52
8,decision_close_2023_8,history_tfidf|lambda=0.1|scaling=column_standardized,history_tfidf,0.1,column_standardized,0.5515738498789345,0.5777620637105113,96.75322632896561,52
8,decision_close_2023_8,history_tfidf|lambda=1|scaling=column_standardized,history_tfidf,1.0,column_standardized,0.5515738498789345,0.5347429657394377,96.87155806151708,52
8,decision_close_2023_8,history_lsa|lambda=0.01|scaling=row_only,history_lsa,0.01,row_only,0.5180555555555556,0.5662441507319266,123.45320049459642,52
8,decision_close_2023_8,history_lsa|lambda=0.1|scaling=row_only,history_lsa,0.1,row_only,0.38858793788371254,0.5513854256049443,104.92765416453423,52
8,decision_close_2023_8,history_lsa|lambda=1|scaling=row_only,history_lsa,1.0,row_only,0.22784810126582278,0.6547490872696844,98.41433699233625,52
8,decision_close_2023_8,history_lsa|lambda=0.01|scaling=column_standardized,history_lsa,0.01,column_standardized,0.5122655122655123,0.6152532571400537,126.8636459525054,52
8,decision_close_2023_8,history_lsa|lambda=0.1|scaling=column_standardized,history_lsa,0.1,column_standardized,0.45095119933829614,0.5423097912205032,118.0684978866299,52
8,decision_close_2023_8,history_lsa|lambda=1|scaling=column_standardized,history_lsa,1.0,column_standardized,0.2658569500674764,0.6087818439371193,102.05425500587177,52
8,decision_close_2023_8,history_qwen_all|lambda=0.01|scaling=fixed,history_qwen_all,0.01,fixed,0.48697968697968697,0.6389271872056526,124.80294907455149,52
8,decision_close_2023_8,history_qwen_all|lambda=0.1|scaling=fixed,history_qwen_all,0.1,fixed,0.4143853998926463,0.5915194394452119,107.02131963366857,52
8,decision_close_2023_8,history_qwen_all|lambda=1|scaling=fixed,history_qwen_all,1.0,fixed,0.22784810126582278,0.6561275698700579,98.53179969683342,52
8,decision_close_2023_8,history_qwen_inflation|lambda=0.01|scaling=fixed,history_qwen_inflation,0.01,fixed,0.5806451612903226,0.5527539703214784,121.30746639757712,52
8,decision_close_2023_8,history_qwen_inflation|lambda=0.1|scaling=fixed,history_qwen_inflation,0.1,fixed,0.4143853998926463,0.5658179463573799,106.47090137999233,52
8,decision_close_2023_8,history_qwen_inflation|lambda=1|scaling=fixed,history_qwen_inflation,1.0,fixed,0.22784810126582278,0.6569528681948457,99.45717466328,52
8,decision_close_2023_8,history_qwen_demand|lambda=0.01|scaling=fixed,history_qwen_demand,0.01,fixed,0.5122189638318672,0.5942844929974103,119.44852887326046,52
8,decision_close_2023_8,history_qwen_demand|lambda=0.1|scaling=fixed,history_qwen_demand,0.1,fixed,0.4143853998926463,0.5706002841411671,104.85309633124763,52
8,decision_close_2023_8,history_qwen_demand|lambda=1|scaling=fixed,history_qwen_demand,1.0,fixed,0.22784810126582278,0.6576466770884623,98.39560802305225,52
8,decision_close_2023_8,history_qwen_forward|lambda=0.01|scaling=fixed,history_qwen_forward,0.01,fixed,0.4358974358974359,0.601239399500698,117.8288033465139,52
8,decision_close_2023_8,history_qwen_forward|lambda=0.1|scaling=fixed,history_qwen_forward,0.1,fixed,0.39194139194139194,0.5818685993960554,104.09563500170908,52
8,decision_close_2023_8,history_qwen_forward|lambda=1|scaling=fixed,history_qwen_forward,1.0,fixed,0.22784810126582278,0.6584883331827389,97.26828743036374,52
8,decision_close_2023_8,history_qwen_scores_only|lambda=0.01|scaling=fixed,history_qwen_scores_only,0.01,fixed,0.47519841269841273,0.6231410599067375,124.68265922941683,52
8,decision_close_2023_8,history_qwen_scores_only|lambda=0.1|scaling=fixed,history_qwen_scores_only,0.1,fixed,0.38858793788371254,0.5750196922143882,106.62974717535205,52
8,decision_close_2023_8,history_qwen_scores_only|lambda=1|scaling=fixed,history_qwen_scores_only,1.0,fixed,0.22784810126582278,0.6624383127595118,96.86009916063207,52
8,decision_close_2023_8,history_qwen_missing_only|lambda=0.01|scaling=fixed,history_qwen_missing_only,0.01,fixed,0.5122189638318672,0.5753664500873555,118.59717391131767,52
8,decision_close_2023_8,history_qwen_missing_only|lambda=0.1|scaling=fixed,history_qwen_missing_only,0.1,fixed,0.4143853998926463,0.5764654547441171,104.86494980968008,52
8,decision_close_2023_8,history_qwen_missing_only|lambda=1|scaling=fixed,history_qwen_missing_only,1.0,fixed,0.22784810126582278,0.6546144336761556,99.61230904897265,52
8,decision_close_2023_8,proxy_market|lambda=0.01|scaling=fixed,proxy_market,0.01,fixed,0.5471698113207547,0.6361184779191127,142.59894115315248,52
8,decision_close_2023_8,proxy_market|lambda=0.1|scaling=fixed,proxy_market,0.1,fixed,0.48954038784547266,0.5555982535594272,117.14162085694375,52
8,decision_close_2023_8,proxy_market|lambda=1|scaling=fixed,proxy_market,1.0,fixed,0.331608005521049,0.6349196979416697,104.20900752669746,52
8,decision_close_2023_8,proxy_market_lsa|lambda=0.01|scaling=row_only,proxy_market_lsa,0.01,row_only,0.5471698113207547,0.6297527734327489,142.7407540045602,52
8,decision_close_2023_8,proxy_market_lsa|lambda=0.1|scaling=row_only,proxy_market_lsa,0.1,row_only,0.47407407407407404,0.5524525759127819,117.27197772991198,52
8,decision_close_2023_8,proxy_market_lsa|lambda=1|scaling=row_only,proxy_market_lsa,1.0,row_only,0.331608005521049,0.6321350618736541,104.33931822139895,52
8,decision_close_2023_8,proxy_market_lsa|lambda=0.01|scaling=column_standardized,proxy_market_lsa,0.01,column_standardized,0.5989641139474657,0.6226602978771995,141.65074980349223,52
8,decision_close_2023_8,proxy_market_lsa|lambda=0.1|scaling=column_standardized,proxy_market_lsa,0.1,column_standardized,0.5372924648786718,0.5262115071317204,117.07950309605039,52
8,decision_close_2023_8,proxy_market_lsa|lambda=1|scaling=column_standardized,proxy_market_lsa,1.0,column_standardized,0.35361730899256255,0.6012978311490572,104.86496278926471,52
8,decision_close_2023_8,history_transformer|lambda=0.01|scaling=fixed,history_transformer,0.01,fixed,0.4906630768699734,0.64561771228081,105.69411441926513,52
8,decision_close_2023_8,history_transformer|lambda=0.1|scaling=fixed,history_transformer,0.1,fixed,0.47394852479598243,0.6070265393534532,107.54595050134284,52
8,decision_close_2023_8,history_transformer|lambda=1|scaling=fixed,history_transformer,1.0,fixed,0.47394852479598243,0.5786889694214705,113.04772369781212,52
9,decision_close_2023_9,history|lambda=0.01|scaling=fixed,history,0.01,fixed,0.5589691073562041,0.5406452267217314,119.00110386603518,53
9,decision_close_2023_9,history|lambda=0.1|scaling=fixed,history,0.1,fixed,0.46266201195778667,0.5550884922590772,105.16014207763368,53
9,decision_close_2023_9,history|lambda=1|scaling=fixed,history,1.0,fixed,0.225,0.6705533575859518,100.59159588959389,53
9,decision_close_2023_9,history_tfidf|lambda=0.01|scaling=row_only,history_tfidf,0.01,row_only,0.554177005789909,0.5275019097100524,113.01874143504762,53
9,decision_close_2023_9,history_tfidf|lambda=0.1|scaling=row_only,history_tfidf,0.1,row_only,0.46266201195778667,0.5443627855017298,104.03080354252026,53
9,decision_close_2023_9,history_tfidf|lambda=1|scaling=row_only,history_tfidf,1.0,row_only,0.225,0.6654797715949522,100.79029145400588,53
9,decision_close_2023_9,history_tfidf|lambda=0.01|scaling=column_standardized,history_tfidf,0.01,column_standardized,0.5800682076544146,0.599733143423985,95.99865052727498,53
9,decision_close_2023_9,history_tfidf|lambda=0.1|scaling=column_standardized,history_tfidf,0.1,column_standardized,0.596018294323379,0.5669438825777158,96.02534191249562,53
9,decision_close_2023_9,history_tfidf|lambda=1|scaling=column_standardized,history_tfidf,1.0,column_standardized,0.596018294323379,0.5254701112667587,95.53006417737353,53
9,decision_close_2023_9,history_lsa|lambda=0.01|scaling=row_only,history_lsa,0.01,row_only,0.5577380952380953,0.556149324048032,126.64288903373047,53
9,decision_close_2023_9,history_lsa|lambda=0.1|scaling=row_only,history_lsa,0.1,row_only,0.46266201195778667,0.5447037208887298,106.69283760618939,53
9,decision_close_2023_9,history_lsa|lambda=1|scaling=row_only,history_lsa,1.0,row_only,0.225,0.6642481047045046,101.18757123656636,53
9,decision_close_2023_9,history_lsa|lambda=0.01|scaling=column_standardized,history_lsa,0.01,column_standardized,0.547979797979798,0.6050004039198592,131.99260733807967,53
9,decision_close_2023_9,history_lsa|lambda=0.1|scaling=column_standardized,history_lsa,0.1,column_standardized,0.5176178660049627,0.5359629227142944,120.76602415508161,53
9,decision_close_2023_9,history_lsa|lambda=1|scaling=column_standardized,history_lsa,1.0,column_standardized,0.2629358205640684,0.6172132353999173,104.8901736486509,53
9,decision_close_2023_9,history_qwen_all|lambda=0.01|scaling=fixed,history_qwen_all,0.01,fixed,0.528937728937729,0.6296134182329217,126.73775620456433,53
9,decision_close_2023_9,history_qwen_all|lambda=0.1|scaling=fixed,history_qwen_all,0.1,fixed,0.48105206655931293,0.5869799616444652,109.03750939852064,53
9,decision_close_2023_9,history_qwen_all|lambda=1|scaling=fixed,history_qwen_all,1.0,fixed,0.225,0.6637437107288722,101.55959833554911,53
9,decision_close_2023_9,history_qwen_inflation|lambda=0.01|scaling=fixed,history_qwen_inflation,0.01,fixed,0.6123911930363544,0.5425238196981972,122.64238341968732,53
9,decision_close_2023_9,history_qwen_inflation|lambda=0.1|scaling=fixed,history_qwen_inflation,0.1,fixed,0.48105206655931293,0.5586034817253319,107.88441835779896,53
9,decision_close_2023_9,history_qwen_inflation|lambda=1|scaling=fixed,history_qwen_inflation,1.0,fixed,0.225,0.6656002069042519,102.18140721388872,53
9,decision_close_2023_9,history_qwen_demand|lambda=0.01|scaling=fixed,history_qwen_demand,0.01,fixed,0.554177005789909,0.5834788242291997,121.34093550254354,53
9,decision_close_2023_9,history_qwen_demand|lambda=0.1|scaling=fixed,history_qwen_demand,0.1,fixed,0.48105206655931293,0.564080785140784,106.72408759325984,53
9,decision_close_2023_9,history_qwen_demand|lambda=1|scaling=fixed,history_qwen_demand,1.0,fixed,0.225,0.6663257892225198,101.2658188641704,53
9,decision_close_2023_9,history_qwen_forward|lambda=0.01|scaling=fixed,history_qwen_forward,0.01,fixed,0.4965034965034965,0.591930933149845,119.86002478083799,53
9,decision_close_2023_9,history_qwen_forward|lambda=0.1|scaling=fixed,history_qwen_forward,0.1,fixed,0.4586080586080586,0.5768062900797716,106.11010064757116,53
9,decision_close_2023_9,history_qwen_forward|lambda=1|scaling=fixed,history_qwen_forward,1.0,fixed,0.225,0.667176455343501,100.23361491919118,53
9,decision_close_2023_9,history_qwen_scores_only|lambda=0.01|scaling=fixed,history_qwen_scores_only,0.01,fixed,0.5148809523809524,0.6136623814551017,126.72147628910709,53
9,decision_close_2023_9,history_qwen_scores_only|lambda=0.1|scaling=fixed,history_qwen_scores_only,0.1,fixed,0.46266201195778667,0.5717876473319674,108.74555494154937,53
9,decision_close_2023_9,history_qwen_scores_only|lambda=1|scaling=fixed,history_qwen_scores_only,1.0,fixed,0.225,0.6723271793489272,99.91707560124195,53
9,decision_close_2023_9,history_qwen_missing_only|lambda=0.01|scaling=fixed,history_qwen_missing_only,0.01,fixed,0.554177005789909,0.5647948080697837,120.09232016851787,53
9,decision_close_2023_9,history_qwen_missing_only|lambda=0.1|scaling=fixed,history_qwen_missing_only,0.1,fixed,0.48105206655931293,0.5690720455136014,106.37322901211007,53
9,decision_close_2023_9,history_qwen_missing_only|lambda=1|scaling=fixed,history_qwen_missing_only,1.0,fixed,0.225,0.6621189811003059,102.31998440479367,53
9,decision_close_2023_9,proxy_market|lambda=0.01|scaling=fixed,proxy_market,0.01,fixed,0.5740015966664719,0.6242009196848868,141.45272573643547,53
9,decision_close_2023_9,proxy_market|lambda=0.1|scaling=fixed,proxy_market,0.1,fixed,0.5562070545121393,0.5476637860720357,114.95234896136527,53
9,decision_close_2023_9,proxy_market|lambda=1|scaling=fixed,proxy_market,1.0,fixed,0.32857142857142857,0.6398105294347791,105.46731002875634,53
9,decision_close_2023_9,proxy_market_lsa|lambda=0.01|scaling=row_only,proxy_market_lsa,0.01,row_only,0.5740015966664719,0.6179249472952473,141.0539086997763,53
9,decision_close_2023_9,proxy_market_lsa|lambda=0.1|scaling=row_only,proxy_market_lsa,0.1,row_only,0.5407407407407406,0.5442596496632676,115.11862639112603,53
9,decision_close_2023_9,proxy_market_lsa|lambda=1|scaling=row_only,proxy_market_lsa,1.0,row_only,0.32857142857142857,0.6368102689642355,105.60408780288118,53
9,decision_close_2023_9,proxy_market_lsa|lambda=0.01|scaling=column_standardized,proxy_market_lsa,0.01,column_standardized,0.6216679323169187,0.6113243859100551,141.10634340722962,53
9,decision_close_2023_9,proxy_market_lsa|lambda=0.1|scaling=column_standardized,proxy_market_lsa,0.1,column_standardized,0.5817369093231163,0.5177606561235553,116.01482083790253,53
9,decision_close_2023_9,proxy_market_lsa|lambda=1|scaling=column_standardized,proxy_market_lsa,1.0,column_standardized,0.3504914209561885,0.6043601672269856,106.22336169559914,53
9,decision_close_2023_9,history_transformer|lambda=0.01|scaling=fixed,history_transformer,0.01,fixed,0.5378011240080206,0.6334368420940364,104.81726810708328,53
9,decision_close_2023_9,history_transformer|lambda=0.1|scaling=fixed,history_transformer,0.1,fixed,0.5210865719340295,0.5955998735222803,105.6583253484122,53
9,decision_close_2023_9,history_transformer|lambda=1|scaling=fixed,history_transformer,1.0,fixed,0.5210865719340295,0.5685848047248587,112.71438134863483,53
10,decision_close_2023_10,history|lambda=0.01|scaling=fixed,history,0.01,fixed,0.5907151391022359,0.5307909181516416,117.69536180571373,54
10,decision_close_2023_10,history|lambda=0.1|scaling=fixed,history,0.1,fixed,0.5098000590958338,0.546177308657479,104.47621482072753,54
10,decision_close_2023_10,history|lambda=1|scaling=fixed,history,1.0,fixed,0.2222222222222222,0.6738448944254548,101.93531492404483,54
10,decision_close_2023_10,history_tfidf|lambda=0.01|scaling=row_only,history_tfidf,0.01,row_only,0.5849462365591398,0.5179752353050423,111.63794466161352,54
10,decision_close_2023_10,history_tfidf|lambda=0.1|scaling=row_only,history_tfidf,0.1,row_only,0.5098000590958338,0.5356270280563448,103.19449358232697,54
10,decision_close_2023_10,history_tfidf|lambda=1|scaling=row_only,history_tfidf,1.0,row_only,0.2222222222222222,0.6685266121672877,102.08508151389417,54
10,decision_close_2023_10,history_tfidf|lambda=0.01|scaling=column_standardized,history_tfidf,0.01,column_standardized,0.6108374384236454,0.5886273711291521,94.79988467042564,54
10,decision_close_2023_10,history_tfidf|lambda=0.1|scaling=column_standardized,history_tfidf,0.1,column_standardized,0.6277643260694108,0.5564575728711733,94.83718902859583,54
10,decision_close_2023_10,history_tfidf|lambda=1|scaling=column_standardized,history_tfidf,1.0,column_standardized,0.6277643260694108,0.5160442962202475,94.44022316308856,54
10,decision_close_2023_10,history_lsa|lambda=0.01|scaling=row_only,history_lsa,0.01,row_only,0.5875,0.5462117350055865,127.25856440650395,54
10,decision_close_2023_10,history_lsa|lambda=0.1|scaling=row_only,history_lsa,0.1,row_only,0.5098000590958338,0.536049437699612,106.17942799673773,54
10,decision_close_2023_10,history_lsa|lambda=1|scaling=row_only,history_lsa,1.0,row_only,0.2222222222222222,0.6673155236534741,102.51400935932995,54
10,decision_close_2023_10,history_lsa|lambda=0.01|scaling=column_standardized,history_lsa,0.01,column_standardized,0.5757575757575758,0.5939112739293272,134.7807905310113,54
10,decision_close_2023_10,history_lsa|lambda=0.1|scaling=column_standardized,history_lsa,0.1,column_standardized,0.5620623104494072,0.527120069678624,120.98839641719535,54
10,decision_close_2023_10,history_lsa|lambda=1|scaling=column_standardized,history_lsa,1.0,column_standardized,0.26008771929824565,0.6188399301274237,106.09569344207293,54
10,decision_close_2023_10,history_qwen_all|lambda=0.01|scaling=fixed,history_qwen_all,0.01,fixed,0.5597069597069596,0.6183475528258907,125.42125312471423,54
10,decision_close_2023_10,history_qwen_all|lambda=0.1|scaling=fixed,history_qwen_all,0.1,fixed,0.5254965110037574,0.5778849226874699,108.40158423775152,54
10,decision_close_2023_10,history_qwen_all|lambda=1|scaling=fixed,history_qwen_all,1.0,fixed,0.2222222222222222,0.6646824911324253,102.97104893208241,54
10,decision_close_2023_10,history_qwen_inflation|lambda=0.01|scaling=fixed,history_qwen_inflation,0.01,fixed,0.6362007168458782,0.53264499901104,121.07071260507516,54
10,decision_close_2023_10,history_qwen_inflation|lambda=0.1|scaling=fixed,history_qwen_inflation,0.1,fixed,0.5254965110037574,0.549501152474359,106.96260317252055,54
10,decision_close_2023_10,history_qwen_inflation|lambda=1|scaling=fixed,history_qwen_inflation,1.0,fixed,0.2222222222222222,0.6676795563808187,103.43379305014808,54
10,decision_close_2023_10,history_qwen_demand|lambda=0.01|scaling=fixed,history_qwen_demand,0.01,fixed,0.5849462365591398,0.5728831755310461,120.02313619582966,54
10,decision_close_2023_10,history_qwen_demand|lambda=0.1|scaling=fixed,history_qwen_demand,0.1,fixed,0.5254965110037574,0.5550699794950934,106.02495803837006,54
10,decision_close_2023_10,history_qwen_demand|lambda=1|scaling=fixed,history_qwen_demand,1.0,fixed,0.2222222222222222,0.6684312551784866,102.597916329429,54
10,decision_close_2023_10,history_qwen_forward|lambda=0.01|scaling=fixed,history_qwen_forward,0.01,fixed,0.5384615384615384,0.581254629644833,118.6592108702208,54
10,decision_close_2023_10,history_qwen_forward|lambda=0.1|scaling=fixed,history_qwen_forward,0.1,fixed,0.503052503052503,0.5676044064161555,105.50755211070093,54
10,decision_close_2023_10,history_qwen_forward|lambda=1|scaling=fixed,history_qwen_forward,1.0,fixed,0.2222222222222222,0.6692379678664456,101.64402649215025,54
10,decision_close_2023_10,history_qwen_scores_only|lambda=0.01|scaling=fixed,history_qwen_scores_only,0.01,fixed,0.5446428571428571,0.6026653422754038,125.56110928362459,54
10,decision_close_2023_10,history_qwen_scores_only|lambda=0.1|scaling=fixed,history_qwen_scores_only,0.1,fixed,0.5098000590958338,0.563394290304542,108.26813677793298,54
10,decision_close_2023_10,history_qwen_scores_only|lambda=1|scaling=fixed,history_qwen_scores_only,1.0,fixed,0.2222222222222222,0.6756748216006024,101.43799499331068,54
10,decision_close_2023_10,history_qwen_missing_only|lambda=0.01|scaling=fixed,history_qwen_missing_only,0.01,fixed,0.5849462365591398,0.5544908499916843,118.58427793441366,54
10,decision_close_2023_10,history_qwen_missing_only|lambda=0.1|scaling=fixed,history_qwen_missing_only,0.1,fixed,0.5254965110037574,0.5596741864660223,105.48267675820229,54
10,decision_close_2023_10,history_qwen_missing_only|lambda=1|scaling=fixed,history_qwen_missing_only,1.0,fixed,0.2222222222222222,0.6629962885760676,103.52395217768873,54
10,decision_close_2023_10,proxy_market|lambda=0.01|scaling=fixed,proxy_market,0.01,fixed,0.595722565755862,0.6135076343180812,139.31413181516902,54
10,decision_close_2023_10,proxy_market|lambda=0.1|scaling=fixed,proxy_market,0.1,fixed,0.6006514989565838,0.5394016313055927,113.03117094137302,54
10,decision_close_2023_10,proxy_market|lambda=1|scaling=fixed,proxy_market,1.0,fixed,0.32562038900067064,0.6379006400443258,105.51007826319272,54
10,decision_close_2023_10,proxy_market_lsa|lambda=0.01|scaling=row_only,proxy_market_lsa,0.01,row_only,0.595722565755862,0.6066239541920828,139.46185550662847,54
10,decision_close_2023_10,proxy_market_lsa|lambda=0.1|scaling=row_only,proxy_market_lsa,0.1,row_only,0.5851851851851851,0.5356022848453548,113.2166885853717,54
10,decision_close_2023_10,proxy_market_lsa|lambda=1|scaling=row_only,proxy_market_lsa,1.0,row_only,0.32562038900067064,0.6347376279720187,105.61956934196562,54
10,decision_close_2023_10,proxy_market_lsa|lambda=0.01|scaling=column_standardized,proxy_market_lsa,0.01,column_standardized,0.640047213854095,0.6000069199288822,141.34917460043292,54
10,decision_close_2023_10,proxy_market_lsa|lambda=0.1|scaling=column_standardized,proxy_market_lsa,0.1,column_standardized,0.613482941069148,0.5084627211867034,114.24746990839066,54
10,decision_close_2023_10,proxy_market_lsa|lambda=1|scaling=column_standardized,proxy_market_lsa,1.0,column_standardized,0.41715808762285517,0.6007992821034122,106.0690813216512,54
10,decision_close_2023_10,history_transformer|lambda=0.01|scaling=fixed,history_transformer,0.01,fixed,0.5704351566420532,0.621707717875646,102.97808482391089,54
10,decision_close_2023_10,history_transformer|lambda=0.1|scaling=fixed,history_transformer,0.1,fixed,0.5537206045680622,0.5846071531177809,103.77994888470364,54
10,decision_close_2023_10,history_transformer|lambda=1|scaling=fixed,history_transformer,1.0,fixed,0.5537206045680622,0.5587419210690433,111.42388700002712,54
11,decision_close_2023_11,history|lambda=0.01|scaling=fixed,history,0.01,fixed,0.6145246629117597,0.5216706510432554,118.42331740384189,55
11,decision_close_2023_11,history|lambda=0.1|scaling=fixed,history,0.1,fixed,0.5424340917298665,0.5379032995869225,105.2639358165062,55
11,decision_close_2023_11,history|lambda=1|scaling=fixed,history,1.0,fixed,0.21951219512195122,0.6736135442387138,103.73392026827442,55
11,decision_close_2023_11,history_tfidf|lambda=0.01|scaling=row_only,history_tfidf,0.01,row_only,0.6084756483238457,0.5091043893467408,112.29767243026065,55
11,decision_close_2023_11,history_tfidf|lambda=0.1|scaling=row_only,history_tfidf,0.1,row_only,0.5424340917298665,0.5274931737535591,103.8888812423776,55
11,decision_close_2023_11,history_tfidf|lambda=1|scaling=row_only,history_tfidf,1.0,row_only,0.21951219512195122,0.6681275456302059,103.83090629883056,55
11,decision_close_2023_11,history_tfidf|lambda=0.01|scaling=column_standardized,history_tfidf,0.01,column_standardized,0.6343668501883513,0.5779267235405319,93.77015355835867,55
11,decision_close_2023_11,history_tfidf|lambda=0.1|scaling=column_standardized,history_tfidf,0.1,column_standardized,0.6515738498789346,0.54636222867305,93.79413736825718,55
11,decision_close_2023_11,history_tfidf|lambda=1|scaling=column_standardized,history_tfidf,1.0,column_standardized,0.6515738498789346,0.5069227656907551,93.41306140732112,55
11,decision_close_2023_11,history_lsa|lambda=0.01|scaling=row_only,history_lsa,0.01,row_only,0.6106481481481482,0.5367491992186172,127.99764269662622,55
11,decision_close_2023_11,history_lsa|lambda=0.1|scaling=row_only,history_lsa,0.1,row_only,0.5424340917298665,0.5278577126697829,106.81862285314357,55
11,decision_close_2023_11,history_lsa|lambda=1|scaling=row_only,history_lsa,1.0,row_only,0.21951219512195122,0.6668374118563937,104.22210530450845,55
11,decision_close_2023_11,history_lsa|lambda=0.01|scaling=column_standardized,history_lsa,0.01,column_standardized,0.597979797979798,0.5831236923188363,135.70319140714398,55
11,decision_close_2023_11,history_lsa|lambda=0.1|scaling=column_standardized,history_lsa,0.1,column_standardized,0.593808342195439,0.517865858611921,121.00951149509183,55
11,decision_close_2023_11,history_lsa|lambda=1|scaling=column_standardized,history_lsa,1.0,column_standardized,0.3206937799043062,0.6139755603188451,106.48451997740447,55
11,decision_close_2023_11,history_qwen_all|lambda=0.01|scaling=fixed,history_qwen_all,0.01,fixed,0.5832363714716656,0.6081241725282844,125.935094250052,55
11,decision_close_2023_11,history_qwen_all|lambda=0.1|scaling=fixed,history_qwen_all,0.1,fixed,0.5572425427497891,0.569329915483622,109.13387320772117,55
11,decision_close_2023_11,history_qwen_all|lambda=1|scaling=fixed,history_qwen_all,1.0,fixed,0.21951219512195122,0.662645456850792,104.78274872008147,55
11,decision_close_2023_11,history_qwen_inflation|lambda=0.01|scaling=fixed,history_qwen_inflation,0.01,fixed,0.6547192353643967,0.5234307048029572,121.45897155897516,55
11,decision_close_2023_11,history_qwen_inflation|lambda=0.1|scaling=fixed,history_qwen_inflation,0.1,fixed,0.5572425427497891,0.5410394643592518,107.50885341940867,55
11,decision_close_2023_11,history_qwen_inflation|lambda=1|scaling=fixed,history_qwen_inflation,1.0,fixed,0.21951219512195122,0.6665270391757696,105.13082786894482,55
11,decision_close_2023_11,history_qwen_demand|lambda=0.01|scaling=fixed,history_qwen_demand,0.01,fixed,0.6084756483238457,0.5629952820330876,120.69659246684824,55
11,decision_close_2023_11,history_qwen_demand|lambda=0.1|scaling=fixed,history_qwen_demand,0.1,fixed,0.5572425427497891,0.5465927340906687,106.80956811409969,55
11,decision_close_2023_11,history_qwen_demand|lambda=1|scaling=fixed,history_qwen_demand,1.0,fixed,0.21951219512195122,0.6672796530174844,104.37770542223362,55
11,decision_close_2023_11,history_qwen_forward|lambda=0.01|scaling=fixed,history_qwen_forward,0.01,fixed,0.5692307692307693,0.5717728190200912,119.3688919678624,55
11,decision_close_2023_11,history_qwen_forward|lambda=0.1|scaling=fixed,history_qwen_forward,0.1,fixed,0.5347985347985348,0.5591723174745256,106.34181650645577,55
11,decision_close_2023_11,history_qwen_forward|lambda=1|scaling=fixed,history_qwen_forward,1.0,fixed,0.21951219512195122,0.6680690740110287,103.47818644996701,55
11,decision_close_2023_11,history_qwen_scores_only|lambda=0.01|scaling=fixed,history_qwen_scores_only,0.01,fixed,0.5677910052910052,0.5926122428076787,126.2097616153198,55
11,decision_close_2023_11,history_qwen_scores_only|lambda=0.1|scaling=fixed,history_qwen_scores_only,0.1,fixed,0.5424340917298665,0.5553778156678038,109.11037225616555,55
11,decision_close_2023_11,history_qwen_scores_only|lambda=1|scaling=fixed,history_qwen_scores_only,1.0,fixed,0.21951219512195122,0.6754596627127862,103.36420184349676,55
11,decision_close_2023_11,history_qwen_missing_only|lambda=0.01|scaling=fixed,history_qwen_missing_only,0.01,fixed,0.6084756483238457,0.5449378145686044,119.13816042020943,55
11,decision_close_2023_11,history_qwen_missing_only|lambda=0.1|scaling=fixed,history_qwen_missing_only,0.1,fixed,0.5572425427497891,0.550983132687814,106.13353169807239,55
11,decision_close_2023_11,history_qwen_missing_only|lambda=1|scaling=fixed,history_qwen_missing_only,1.0,fixed,0.21951219512195122,0.6609375416862814,105.19161471663728,55
11,decision_close_2023_11,proxy_market|lambda=0.01|scaling=fixed,proxy_market,0.01,fixed,0.6136659750036191,0.603820552644869,138.7004977688182,55
11,decision_close_2023_11,proxy_market|lambda=0.1|scaling=fixed,proxy_market,0.1,fixed,0.6323975307026155,0.5310476282441084,112.69190625691128,55
11,decision_close_2023_11,proxy_market|lambda=1|scaling=fixed,proxy_market,1.0,fixed,0.3862264496067313,0.6330736855529835,106.16372808918588,55
11,decision_close_2023_11,proxy_market_lsa|lambda=0.01|scaling=row_only,proxy_market_lsa,0.01,row_only,0.6136659750036191,0.5958314313049755,139.820695441208,55
11,decision_close_2023_11,proxy_market_lsa|lambda=0.1|scaling=row_only,proxy_market_lsa,0.1,row_only,0.6169312169312169,0.5269665185956823,112.89892312629517,55
11,decision_close_2023_11,proxy_market_lsa|lambda=1|scaling=row_only,proxy_market_lsa,1.0,row_only,0.3862264496067313,0.6297977389271808,106.20885863190665,55
11,decision_close_2023_11,proxy_market_lsa|lambda=0.01|scaling=column_standardized,proxy_market_lsa,0.01,column_standardized,0.6552300986021972,0.5891064343369241,142.51317490731648,55
11,decision_close_2023_11,proxy_market_lsa|lambda=0.1|scaling=column_standardized,proxy_market_lsa,0.1,column_standardized,0.6372924648786719,0.4994476675229071,114.62582031337972,55
11,decision_close_2023_11,proxy_market_lsa|lambda=1|scaling=column_standardized,proxy_market_lsa,1.0,column_standardized,0.4616025320672996,0.5940336252406345,106.02131617372594,55
11,decision_close_2023_11,history_transformer|lambda=0.01|scaling=fixed,history_transformer,0.01,fixed,0.5943667805736771,0.6104061036923504,103.75912965347565,55
11,decision_close_2023_11,history_transformer|lambda=0.1|scaling=fixed,history_transformer,0.1,fixed,0.577652228499686,0.5740097278063631,103.7242191436737,55
11,decision_close_2023_11,history_transformer|lambda=1|scaling=fixed,history_transformer,1.0,fixed,0.577652228499686,0.5490859850756074,110.76052038527995,55
12,decision_close_2023_12,history|lambda=0.01|scaling=fixed,history,0.01,fixed,0.6330431814302783,0.5127036929150217,118.06807193995836,56
12,decision_close_2023_12,history|lambda=0.1|scaling=fixed,history,0.1,fixed,0.5663657156614903,0.5289896350271612,105.17786567463831,56
12,decision_close_2023_12,history|lambda=1|scaling=fixed,history,1.0,fixed,0.2750677506775068,0.6705804163248323,102.89077339976872,56
12,decision_close_2023_12,history_tfidf|lambda=0.01|scaling=row_only,history_tfidf,0.01,row_only,0.6270514997170346,0.5005186545005197,110.72863535881795,56
12,decision_close_2023_12,history_tfidf|lambda=0.1|scaling=row_only,history_tfidf,0.1,row_only,0.5663657156614903,0.5188780992985677,103.62593173266474,56
12,decision_close_2023_12,history_tfidf|lambda=1|scaling=row_only,history_tfidf,1.0,row_only,0.2750677506775068,0.6651148624391973,102.9923558094456,56
12,decision_close_2023_12,history_tfidf|lambda=0.01|scaling=column_standardized,history_tfidf,0.01,column_standardized,0.65294270158154,0.567734487182762,92.58414375104269,56
12,decision_close_2023_12,history_tfidf|lambda=0.1|scaling=column_standardized,history_tfidf,0.1,column_standardized,0.670092368397453,0.5372481773705978,92.58268324120603,56
12,decision_close_2023_12,history_tfidf|lambda=1|scaling=column_standardized,history_tfidf,1.0,column_standardized,0.670092368397453,0.5002953335447817,91.93162325982878,56
12,decision_close_2023_12,history_lsa|lambda=0.01|scaling=row_only,history_lsa,0.01,row_only,0.6291666666666667,0.5275286600798665,126.1184001094014,56
12,decision_close_2023_12,history_lsa|lambda=0.1|scaling=row_only,history_lsa,0.1,row_only,0.5663657156614903,0.51917480090172,106.60547399759541,56
12,decision_close_2023_12,history_lsa|lambda=1|scaling=row_only,history_lsa,1.0,row_only,0.2750677506775068,0.6637056215373283,103.42764396129776,56
12,decision_close_2023_12,history_lsa|lambda=0.01|scaling=column_standardized,history_lsa,0.01,column_standardized,0.6161616161616162,0.5727197234524432,134.51377019909572,56
12,decision_close_2023_12,history_lsa|lambda=0.1|scaling=column_standardized,history_lsa,0.1,column_standardized,0.6176178660049628,0.5089729987790713,119.65792256538319,56
12,decision_close_2023_12,history_lsa|lambda=1|scaling=column_standardized,history_lsa,1.0,column_standardized,0.3626518218623482,0.6093994211137773,106.24438845700148,56
12,decision_close_2023_12,history_qwen_all|lambda=0.01|scaling=fixed,history_qwen_all,0.01,fixed,0.6018122228648544,0.6013802624107389,124.71369773130489,56
12,decision_close_2023_12,history_qwen_all|lambda=0.1|scaling=fixed,history_qwen_all,0.1,fixed,0.581052066559313,0.5633487705306564,108.2468841974118,56
12,decision_close_2023_12,history_qwen_all|lambda=1|scaling=fixed,history_qwen_all,1.0,fixed,0.21686746987951808,0.664000735607707,103.32053344771406,56
12,decision_close_2023_12,history_qwen_inflation|lambda=0.01|scaling=fixed,history_qwen_inflation,0.01,fixed,0.6695340501792115,0.5142211420556521,121.83123507964186,56
12,decision_close_2023_12,history_qwen_inflation|lambda=0.1|scaling=fixed,history_qwen_inflation,0.1,fixed,0.581052066559313,0.5323582920048044,108.08278261849195,56
12,decision_close_2023_12,history_qwen_inflation|lambda=1|scaling=fixed,history_qwen_inflation,1.0,fixed,0.21686746987951808,0.6650800400161516,104.57573550871112,56
12,decision_close_2023_12,history_qwen_demand|lambda=0.01|scaling=fixed,history_qwen_demand,0.01,fixed,0.6270514997170346,0.5555225586696754,118.68224413009276,56
12,decision_close_2023_12,history_qwen_demand|lambda=0.1|scaling=fixed,history_qwen_demand,0.1,fixed,0.581052066559313,0.5402432631938243,104.98208134653844,56
12,decision_close_2023_12,history_qwen_demand|lambda=1|scaling=fixed,history_qwen_demand,1.0,fixed,0.21686746987951808,0.6670443691757002,102.554146463946,56
12,decision_close_2023_12,history_qwen_forward|lambda=0.01|scaling=fixed,history_qwen_forward,0.01,fixed,0.5927601809954751,0.5626049699731591,118.51970507761072,56
12,decision_close_2023_12,history_qwen_forward|lambda=0.1|scaling=fixed,history_qwen_forward,0.1,fixed,0.5586080586080586,0.5507260882177348,105.84521196317077,56
12,decision_close_2023_12,history_qwen_forward|lambda=1|scaling=fixed,history_qwen_forward,1.0,fixed,0.21686746987951808,0.6664042191701017,102.46681693860701,56
12,decision_close_2023_12,history_qwen_scores_only|lambda=0.01|scaling=fixed,history_qwen_scores_only,0.01,fixed,0.5863095238095238,0.5843315764781456,125.27248754972724,56
12,decision_close_2023_12,history_qwen_scores_only|lambda=0.1|scaling=fixed,history_qwen_scores_only,0.1,fixed,0.5663657156614903,0.547883260316893,108.46484131534719,56
12,decision_close_2023_12,history_qwen_scores_only|lambda=1|scaling=fixed,history_qwen_scores_only,1.0,fixed,0.21686746987951808,0.674051293800394,102.07169546630507,56
12,decision_close_2023_12,history_qwen_missing_only|lambda=0.01|scaling=fixed,history_qwen_missing_only,0.01,fixed,0.6270514997170346,0.5355815440028707,118.35561351748136,56
12,decision_close_2023_12,history_qwen_missing_only|lambda=0.1|scaling=fixed,history_qwen_missing_only,0.1,fixed,0.581052066559313,0.5424128031767219,105.6821810718061,56
12,decision_close_2023_12,history_qwen_missing_only|lambda=1|scaling=fixed,history_qwen_missing_only,1.0,fixed,0.21686746987951808,0.6608204295677993,104.12347329782577,56
12,decision_close_2023_12,proxy_market|lambda=0.01|scaling=fixed,proxy_market,0.01,fixed,0.6287384387717351,0.5934843633860076,138.70326589325805,56
12,decision_close_2023_12,proxy_market|lambda=0.1|scaling=fixed,proxy_market,0.1,fixed,0.6562070545121393,0.5220053195155185,113.42442538620718,56
12,decision_close_2023_12,proxy_market|lambda=1|scaling=fixed,proxy_market,1.0,fixed,0.42818449156477323,0.6266594886780708,106.35992491764172,56
12,decision_close_2023_12,proxy_market_lsa|lambda=0.01|scaling=row_only,proxy_market_lsa,0.01,row_only,0.6287384387717351,0.5853182023593921,138.62030662635001,56
12,decision_close_2023_12,proxy_market_lsa|lambda=0.1|scaling=row_only,proxy_market_lsa,0.1,row_only,0.6407407407407407,0.517935192181647,113.54512602027054,56
12,decision_close_2023_12,proxy_market_lsa|lambda=1|scaling=row_only,proxy_market_lsa,1.0,row_only,0.42818449156477323,0.6233600593988806,106.44106964064304,56
12,decision_close_2023_12,proxy_market_lsa|lambda=0.01|scaling=column_standardized,proxy_market_lsa,0.01,column_standardized,0.667983721790603,0.5785980023110673,140.68853836668544,56
12,decision_close_2023_12,proxy_market_lsa|lambda=0.1|scaling=column_standardized,proxy_market_lsa,0.1,column_standardized,0.6558109833971904,0.490704721918316,113.69682085222429,56
12,decision_close_2023_12,proxy_market_lsa|lambda=1|scaling=column_standardized,proxy_market_lsa,1.0,column_standardized,0.4933485638133314,0.5873567623740682,106.38497366226268,56
12,decision_close_2023_12,history_transformer|lambda=0.01|scaling=fixed,history_transformer,0.01,fixed,0.6126674341684484,0.5995060175330422,105.13097860055554,56
12,decision_close_2023_12,history_transformer|lambda=0.1|scaling=fixed,history_transformer,0.1,fixed,0.5959528820944574,0.5637611352026044,105.19094686471594,56
12,decision_close_2023_12,history_transformer|lambda=1|scaling=fixed,history_transformer,1.0,fixed,0.5959528820944574,0.5393622649926427,112.41579265426148,56
13,decision_close_2024_1,history|lambda=0.01|scaling=fixed,history,0.01,fixed,0.6478579962450931,0.5054220863023168,116.46369848160374,57
13,decision_close_2024_1,history|lambda=0.1|scaling=fixed,history,0.1,fixed,0.5846663692562616,0.5211275361094883,103.59153640676678,57
13,decision_close_2024_1,history|lambda=1|scaling=fixed,history,1.0,fixed,0.26814952116156937,0.6682566924452253,101.37462725392642,57
13,decision_close_2024_1,history_tfidf|lambda=0.01|scaling=row_only,history_tfidf,0.01,row_only,0.642089093701997,0.4929294198503636,110.08073492668149,57
13,decision_close_2024_1,history_tfidf|lambda=0.1|scaling=row_only,history_tfidf,0.1,row_only,0.5846663692562616,0.511297932018879,102.26504476787507,57
13,decision_close_2024_1,history_tfidf|lambda=1|scaling=row_only,history_tfidf,1.0,row_only,0.26814952116156937,0.6627682762043033,101.46074016254678,57
13,decision_close_2024_1,history_tfidf|lambda=0.01|scaling=column_standardized,history_tfidf,0.01,column_standardized,0.6679802955665025,0.557774538355144,91.23528505288564,57
13,decision_close_2024_1,history_tfidf|lambda=0.1|scaling=column_standardized,history_tfidf,0.1,column_standardized,0.684907183212268,0.5278332497986503,91.23399443052492,57
13,decision_close_2024_1,history_tfidf|lambda=1|scaling=column_standardized,history_tfidf,1.0,column_standardized,0.684907183212268,0.4917888947962708,90.54191704771027,57
13,decision_close_2024_1,history_lsa|lambda=0.01|scaling=row_only,history_lsa,0.01,row_only,0.6443181818181818,0.5191842043394941,125.09989842807812,57
13,decision_close_2024_1,history_lsa|lambda=0.1|scaling=row_only,history_lsa,0.1,row_only,0.5846663692562616,0.5114997430133448,105.04431698245293,57
13,decision_close_2024_1,history_lsa|lambda=1|scaling=row_only,history_lsa,1.0,row_only,0.26814952116156937,0.6612614211857251,101.83080754990945,57
13,decision_close_2024_1,history_lsa|lambda=0.01|scaling=column_standardized,history_lsa,0.01,column_standardized,0.6313131313131314,0.5626797175818066,133.96740285703,57
13,decision_close_2024_1,history_lsa|lambda=0.1|scaling=column_standardized,history_lsa,0.1,column_standardized,0.6361363845234813,0.5004640245308084,117.94467019364956,57
13,decision_close_2024_1,history_lsa|lambda=1|scaling=column_standardized,history_lsa,1.0,column_standardized,0.39342105263157895,0.6051558401326238,104.91783576228744,57
13,decision_close_2024_1,history_qwen_all|lambda=0.01|scaling=fixed,history_qwen_all,0.01,fixed,0.6168498168498168,0.5923052397455232,122.8338789019169,57
13,decision_close_2024_1,history_qwen_all|lambda=0.1|scaling=fixed,history_qwen_all,0.1,fixed,0.5995705850778315,0.5555291448760095,106.5205574588448,57
13,decision_close_2024_1,history_qwen_all|lambda=1|scaling=fixed,history_qwen_all,1.0,fixed,0.2142857142857143,0.6635211517034255,101.88394551024254,57
13,decision_close_2024_1,history_qwen_inflation|lambda=0.01|scaling=fixed,history_qwen_inflation,0.01,fixed,0.6816552623004236,0.5070661289274903,120.45280208512725,57
13,decision_close_2024_1,history_qwen_inflation|lambda=0.1|scaling=fixed,history_qwen_inflation,0.1,fixed,0.5995705850778315,0.5250877183813432,106.71624231113084,57
13,decision_close_2024_1,history_qwen_inflation|lambda=1|scaling=fixed,history_qwen_inflation,1.0,fixed,0.2142857142857143,0.663754060072767,103.1831165968484,57
13,decision_close_2024_1,history_qwen_demand|lambda=0.01|scaling=fixed,history_qwen_demand,0.01,fixed,0.642089093701997,0.5466201804572848,116.97649144459193,57
13,decision_close_2024_1,history_qwen_demand|lambda=0.1|scaling=fixed,history_qwen_demand,0.1,fixed,0.5995705850778315,0.5323812210037863,103.31522501197641,57
13,decision_close_2024_1,history_qwen_demand|lambda=1|scaling=fixed,history_qwen_demand,1.0,fixed,0.2142857142857143,0.6655859648263287,101.03158644138892,57
13,decision_close_2024_1,history_qwen_forward|lambda=0.01|scaling=fixed,history_qwen_forward,0.01,fixed,0.611336032388664,0.5548947047306508,117.20039542491509,57
13,decision_close_2024_1,history_qwen_forward|lambda=0.1|scaling=fixed,history_qwen_forward,0.1,fixed,0.5771265771265771,0.5431935778816598,104.49862204281379,57
13,decision_close_2024_1,history_qwen_forward|lambda=1|scaling=fixed,history_qwen_forward,1.0,fixed,0.2142857142857143,0.6649908243814397,101.07151104265614,57
13,decision_close_2024_1,history_qwen_scores_only|lambda=0.01|scaling=fixed,history_qwen_scores_only,0.01,fixed,0.601461038961039,0.5751564593954046,123.11036072574423,57
13,decision_close_2024_1,history_qwen_scores_only|lambda=0.1|scaling=fixed,history_qwen_scores_only,0.1,fixed,0.5846663692562616,0.5396617716891067,106.62524823030186,57
13,decision_close_2024_1,history_qwen_scores_only|lambda=1|scaling=fixed,history_qwen_scores_only,1.0,fixed,0.2142857142857143,0.6715765848662668,100.5159050470206,57
13,decision_close_2024_1,history_qwen_missing_only|lambda=0.01|scaling=fixed,history_qwen_missing_only,0.01,fixed,0.642089093701997,0.5277730822565547,117.07736189306848,57
13,decision_close_2024_1,history_qwen_missing_only|lambda=0.1|scaling=fixed,history_qwen_missing_only,0.1,fixed,0.5995705850778315,0.534895631254661,104.37607467573486,57
13,decision_close_2024_1,history_qwen_missing_only|lambda=1|scaling=fixed,history_qwen_missing_only,1.0,fixed,0.2142857142857143,0.660479639909327,102.75012856943782,57
13,decision_close_2024_1,proxy_market|lambda=0.01|scaling=fixed,proxy_market,0.01,fixed,0.6415779449445745,0.5838922965698662,137.1004976653083,57
13,decision_close_2024_1,proxy_market|lambda=0.1|scaling=fixed,proxy_market,0.1,fixed,0.6747255730306577,0.5134933358822619,112.39539897886563,57
13,decision_close_2024_1,proxy_market|lambda=1|scaling=fixed,proxy_market,1.0,fixed,0.45895372233400406,0.6208697708423238,105.30146682287587,57
13,decision_close_2024_1,proxy_market_lsa|lambda=0.01|scaling=row_only,proxy_market_lsa,0.01,row_only,0.6415779449445745,0.5752234256275571,136.43260858247353,57
13,decision_close_2024_1,proxy_market_lsa|lambda=0.1|scaling=row_only,proxy_market_lsa,0.1,row_only,0.6592592592592592,0.5093957715938228,112.44985195576604,57
13,decision_close_2024_1,proxy_market_lsa|lambda=1|scaling=row_only,proxy_market_lsa,1.0,row_only,0.45895372233400406,0.6175272166572241,105.42366099001681,57
13,decision_close_2024_1,proxy_market_lsa|lambda=0.01|scaling=column_standardized,proxy_market_lsa,0.01,column_standardized,0.6788479193214672,0.5684714591061719,139.039526560615,57
13,decision_close_2024_1,proxy_market_lsa|lambda=0.1|scaling=column_standardized,proxy_market_lsa,0.1,column_standardized,0.6706257982120052,0.48230960219382746,111.70997786658364,57
13,decision_close_2024_1,proxy_market_lsa|lambda=1|scaling=column_standardized,proxy_market_lsa,1.0,column_standardized,0.5171580876228552,0.5810281989310456,105.63532765421961,57
13,decision_close_2024_1,history_transformer|lambda=0.01|scaling=fixed,history_transformer,0.01,fixed,0.627115318585373,0.588988905743915,103.56955881446312,57
13,decision_close_2024_1,history_transformer|lambda=0.1|scaling=fixed,history_transformer,0.1,fixed,0.610400766511382,0.5538791203918381,103.50293014120008,57
13,decision_close_2024_1,history_transformer|lambda=1|scaling=fixed,history_transformer,1.0,fixed,0.610400766511382,0.5300008823553387,111.05481439058443,57
14,decision_close_2024_2,history|lambda=0.01|scaling=fixed,history,0.01,fixed,0.6346966205837173,0.5079494384409821,116.05688296531251,58
14,decision_close_2024_2,history|lambda=0.1|scaling=fixed,history,0.1,fixed,0.5705128205128205,0.5291770599224286,103.8171078480426,58
14,decision_close_2024_2,history|lambda=1|scaling=fixed,history,1.0,fixed,0.27088989441930617,0.664663147811485,102.40995976214143,58
14,decision_close_2024_2,history_tfidf|lambda=0.01|scaling=row_only,history_tfidf,0.01,row_only,0.6296761780632748,0.4990259736031698,109.34037588751526,58
14,decision_close_2024_2,history_tfidf|lambda=0.1|scaling=row_only,history_tfidf,0.1,row_only,0.5705128205128205,0.5191941792435328,102.35731312988791,58
14,decision_close_2024_2,history_tfidf|lambda=1|scaling=row_only,history_tfidf,1.0,row_only,0.27088989441930617,0.6593785638333298,102.51025371019979,58
14,decision_close_2024_2,history_tfidf|lambda=0.01|scaling=column_standardized,history_tfidf,0.01,column_standardized,0.6554259300022012,0.5807254939610018,93.50951691179003,58
14,decision_close_2024_2,history_tfidf|lambda=0.1|scaling=column_standardized,history_tfidf,0.1,column_standardized,0.6714285714285714,0.5485377007545037,93.49610708597336,58
14,decision_close_2024_2,history_tfidf|lambda=1|scaling=column_standardized,history_tfidf,1.0,column_standardized,0.6714285714285714,0.5076596385394057,92.76585090411405,58
14,decision_close_2024_2,history_lsa|lambda=0.01|scaling=row_only,history_lsa,0.01,row_only,0.632587906866239,0.5270797221345839,123.70776571247008,58
14,decision_close_2024_2,history_lsa|lambda=0.1|scaling=row_only,history_lsa,0.1,row_only,0.5705128205128205,0.5198816606541393,105.14777932097049,58
14,decision_close_2024_2,history_lsa|lambda=1|scaling=row_only,history_lsa,1.0,row_only,0.27088989441930617,0.6580297378324432,102.92623212362639,58
14,decision_close_2024_2,history_lsa|lambda=0.01|scaling=column_standardized,history_lsa,0.01,column_standardized,0.6208150470219436,0.5845689462620677,131.71209414962576,58
14,decision_close_2024_2,history_lsa|lambda=0.1|scaling=column_standardized,history_lsa,0.1,column_standardized,0.6228155922553206,0.5157760438661166,117.64185908143874,58
14,decision_close_2024_2,history_lsa|lambda=1|scaling=column_standardized,history_lsa,1.0,column_standardized,0.3823099415204678,0.6057286252736811,106.625141093492,58
14,decision_close_2024_2,history_qwen_all|lambda=0.01|scaling=fixed,history_qwen_all,0.01,fixed,0.6046176046176046,0.595963215088315,122.46816710572375,58
14,decision_close_2024_2,history_qwen_all|lambda=0.1|scaling=fixed,history_qwen_all,0.1,fixed,0.5863733407593057,0.5616083726288488,106.77690188189864,58
14,decision_close_2024_2,history_qwen_all|lambda=1|scaling=fixed,history_qwen_all,1.0,fixed,0.2170542635658915,0.6587849602193638,102.84121038403654,58
14,decision_close_2024_2,history_qwen_inflation|lambda=0.01|scaling=fixed,history_qwen_inflation,0.01,fixed,0.6685070163331033,0.5103945019211716,119.7500535166172,58
14,decision_close_2024_2,history_qwen_inflation|lambda=0.1|scaling=fixed,history_qwen_inflation,0.1,fixed,0.5863733407593057,0.531423343755834,106.67213769865926,58
14,decision_close_2024_2,history_qwen_inflation|lambda=1|scaling=fixed,history_qwen_inflation,1.0,fixed,0.2170542635658915,0.6595914681153495,104.05613395507126,58
14,decision_close_2024_2,history_qwen_demand|lambda=0.01|scaling=fixed,history_qwen_demand,0.01,fixed,0.6296761780632748,0.5525556425195459,116.60941551347236,58
14,decision_close_2024_2,history_qwen_demand|lambda=0.1|scaling=fixed,history_qwen_demand,0.1,fixed,0.5863733407593057,0.5397957261289101,103.59567033336656,58
14,decision_close_2024_2,history_qwen_demand|lambda=1|scaling=fixed,history_qwen_demand,1.0,fixed,0.2170542635658915,0.6614230032590342,102.07754230154337,58
14,decision_close_2024_2,history_qwen_forward|lambda=0.01|scaling=fixed,history_qwen_forward,0.01,fixed,0.598989898989899,0.5566315914525757,116.52037618241314,58
14,decision_close_2024_2,history_qwen_forward|lambda=0.1|scaling=fixed,history_qwen_forward,0.1,fixed,0.5640265343749405,0.548917638601662,104.49464075071079,58
14,decision_close_2024_2,history_qwen_forward|lambda=1|scaling=fixed,history_qwen_forward,1.0,fixed,0.2170542635658915,0.6608171706698789,102.02918027063721,58
14,decision_close_2024_2,history_qwen_scores_only|lambda=0.01|scaling=fixed,history_qwen_scores_only,0.01,fixed,0.5900302595954771,0.5799422663596906,122.9905052546082,58
14,decision_close_2024_2,history_qwen_scores_only|lambda=0.1|scaling=fixed,history_qwen_scores_only,0.1,fixed,0.5705128205128205,0.5478590191205613,107.09219811452033,58
14,decision_close_2024_2,history_qwen_scores_only|lambda=1|scaling=fixed,history_qwen_scores_only,1.0,fixed,0.2170542635658915,0.6679990556819511,101.61696636024357,58
14,decision_close_2024_2,history_qwen_missing_only|lambda=0.01|scaling=fixed,history_qwen_missing_only,0.01,fixed,0.6296761780632748,0.5309471287436329,116.35928267059279,58
14,decision_close_2024_2,history_qwen_missing_only|lambda=0.1|scaling=fixed,history_qwen_missing_only,0.1,fixed,0.5863733407593057,0.5410909468584493,104.3318491123834,58
14,decision_close_2024_2,history_qwen_missing_only|lambda=1|scaling=fixed,history_qwen_missing_only,1.0,fixed,0.2170542635658915,0.6557463938915011,103.6220456930196,58
14,decision_close_2024_2,proxy_market|lambda=0.01|scaling=fixed,proxy_market,0.01,fixed,0.6314451706608569,0.5983502971640966,138.63017614012247,58
14,decision_close_2024_2,proxy_market|lambda=0.1|scaling=fixed,proxy_market,0.1,fixed,0.6610241820768136,0.5285497054501134,114.0967396656708,58
14,decision_close_2024_2,proxy_market|lambda=1|scaling=fixed,proxy_market,1.0,fixed,0.4477513227513228,0.6234301255242116,107.35408624136386,58
14,decision_close_2024_2,proxy_market_lsa|lambda=0.01|scaling=row_only,proxy_market_lsa,0.01,row_only,0.6314451706608569,0.593480782383852,137.29637204173312,58
14,decision_close_2024_2,proxy_market_lsa|lambda=0.1|scaling=row_only,proxy_market_lsa,0.1,row_only,0.6456875339532803,0.5249955493031437,113.99646983997879,58
14,decision_close_2024_2,proxy_market_lsa|lambda=1|scaling=row_only,proxy_market_lsa,1.0,row_only,0.4477513227513228,0.6203081735744514,107.50834125862994,58
14,decision_close_2024_2,proxy_market_lsa|lambda=0.01|scaling=column_standardized,proxy_market_lsa,0.01,column_standardized,0.6676003734827264,0.5887610894173985,138.91633324923038,58
14,decision_close_2024_2,proxy_market_lsa|lambda=0.1|scaling=column_standardized,proxy_market_lsa,0.1,column_standardized,0.6572056317819029,0.5013092105953089,112.27151764814157,58
14,decision_close_2024_2,proxy_market_lsa|lambda=1|scaling=column_standardized,proxy_market_lsa,1.0,column_standardized,0.5043175891046073,0.5862659426179269,107.9193058188293,58
14,decision_close_2024_2,history_transformer|lambda=0.01|scaling=fixed,history_transformer,0.01,fixed,0.6128874637349213,0.6130370024527012,103.04279800887552,58
14,decision_close_2024_2,history_transformer|lambda=0.1|scaling=fixed,history_transformer,0.1,fixed,0.5962962962962962,0.5780944477695873,104.07561981778457,58
14,decision_close_2024_2,history_transformer|lambda=1|scaling=fixed,history_transformer,1.0,fixed,0.5962962962962962,0.5529936737186978,112.86206844900376,58
15,decision_close_2024_3,history|lambda=0.01|scaling=fixed,history,0.01,fixed,0.6193181818181818,0.5211902615633078,123.02084635277113,59
15,decision_close_2024_3,history|lambda=0.1|scaling=fixed,history,0.1,fixed,0.5575952526204869,0.5320371692227502,110.51099681583837,59
15,decision_close_2024_3,history|lambda=1|scaling=fixed,history,1.0,fixed,0.2646733111849391,0.6677583489125479,107.79604964299905,59
15,decision_close_2024_3,history_tfidf|lambda=0.01|scaling=row_only,history_tfidf,0.01,row_only,0.6150506096158269,0.5123629061647081,116.7202091804696,59
15,decision_close_2024_3,history_tfidf|lambda=0.1|scaling=row_only,history_tfidf,0.1,row_only,0.5575952526204869,0.5226164001374586,109.19183948016146,59
15,decision_close_2024_3,history_tfidf|lambda=1|scaling=row_only,history_tfidf,1.0,row_only,0.2646733111849391,0.6625128500064587,107.87612733143945,59
15,decision_close_2024_3,history_tfidf|lambda=0.01|scaling=column_standardized,history_tfidf,0.01,column_standardized,0.6437543133195307,0.5982024184365449,98.03715318893504,59
15,decision_close_2024_3,history_tfidf|lambda=0.1|scaling=column_standardized,history_tfidf,0.1,column_standardized,0.6589454261585409,0.5615347481653391,98.04450169709872,59
15,decision_close_2024_3,history_tfidf|lambda=1|scaling=column_standardized,history_tfidf,1.0,column_standardized,0.6589454261585409,0.5153470588552672,97.39453117560731,59
15,decision_close_2024_3,history_lsa|lambda=0.01|scaling=row_only,history_lsa,0.01,row_only,0.6183970856102003,0.5421888044565788,131.4913910029184,59
15,decision_close_2024_3,history_lsa|lambda=0.1|scaling=row_only,history_lsa,0.1,row_only,0.5575952526204869,0.5231057899514807,111.96785925995275,59
15,decision_close_2024_3,history_lsa|lambda=1|scaling=row_only,history_lsa,1.0,row_only,0.2646733111849391,0.6610323612658849,108.24669075213143,59
15,decision_close_2024_3,history_lsa|lambda=0.01|scaling=column_standardized,history_lsa,0.01,column_standardized,0.6075310760909138,0.5979130548351103,140.4916316009526,59
15,decision_close_2024_3,history_lsa|lambda=0.1|scaling=column_standardized,history_lsa,0.1,column_standardized,0.6105761515005618,0.5166108913677219,124.78247508536035,59
15,decision_close_2024_3,history_lsa|lambda=1|scaling=column_standardized,history_lsa,1.0,column_standardized,0.3722469732437263,0.6080815873592927,111.47270390522094,59
15,decision_close_2024_3,history_qwen_all|lambda=0.01|scaling=fixed,history_qwen_all,0.01,fixed,0.5901443217785047,0.6064795181058895,129.03611178303703,59
15,decision_close_2024_3,history_qwen_all|lambda=0.1|scaling=fixed,history_qwen_all,0.1,fixed,0.5742479568770649,0.5639888637260395,113.1984827312061,59
15,decision_close_2024_3,history_qwen_all|lambda=1|scaling=fixed,history_qwen_all,1.0,fixed,0.21455938697318008,0.6630434676605955,108.22700327420296,59
15,decision_close_2024_3,history_qwen_inflation|lambda=0.01|scaling=fixed,history_qwen_inflation,0.01,fixed,0.652884451271548,0.5236313362006874,126.72866762354226,59
15,decision_close_2024_3,history_qwen_inflation|lambda=0.1|scaling=fixed,history_qwen_inflation,0.1,fixed,0.5742479568770649,0.5350683673418035,113.39963013544717,59
15,decision_close_2024_3,history_qwen_inflation|lambda=1|scaling=fixed,history_qwen_inflation,1.0,fixed,0.21455938697318008,0.6633675335065329,109.51172486610541,59
15,decision_close_2024_3,history_qwen_demand|lambda=0.01|scaling=fixed,history_qwen_demand,0.01,fixed,0.6150506096158269,0.564689892715005,123.5009118530598,59
15,decision_close_2024_3,history_qwen_demand|lambda=0.1|scaling=fixed,history_qwen_demand,0.1,fixed,0.5742479568770649,0.5424947067393309,110.22012359376333,59
15,decision_close_2024_3,history_qwen_demand|lambda=1|scaling=fixed,history_qwen_demand,1.0,fixed,0.21455938697318008,0.6651007583969474,107.45384228777489,59
15,decision_close_2024_3,history_qwen_forward|lambda=0.01|scaling=fixed,history_qwen_forward,0.01,fixed,0.5846017781501653,0.5687833744566725,123.63772116135286,59
15,decision_close_2024_3,history_qwen_forward|lambda=0.1|scaling=fixed,history_qwen_forward,0.1,fixed,0.551994301994302,0.5517386263162511,111.28684585387167,59
15,decision_close_2024_3,history_qwen_forward|lambda=1|scaling=fixed,history_qwen_forward,1.0,fixed,0.21455938697318008,0.664463440806819,107.46195145016289,59
15,decision_close_2024_3,history_qwen_scores_only|lambda=0.01|scaling=fixed,history_qwen_scores_only,0.01,fixed,0.5762157382847038,0.5903969135817719,129.3270048081478,59
15,decision_close_2024_3,history_qwen_scores_only|lambda=0.1|scaling=fixed,history_qwen_scores_only,0.1,fixed,0.5575952526204869,0.5495837922384235,113.32437231760508,59
15,decision_close_2024_3,history_qwen_scores_only|lambda=1|scaling=fixed,history_qwen_scores_only,1.0,fixed,0.21455938697318008,0.6708932698964732,106.91204758784103,59
15,decision_close_2024_3,history_qwen_missing_only|lambda=0.01|scaling=fixed,history_qwen_missing_only,0.01,fixed,0.6150506096158269,0.5439034806702642,123.5684587167873,59
15,decision_close_2024_3,history_qwen_missing_only|lambda=0.1|scaling=fixed,history_qwen_missing_only,0.1,fixed,0.5742479568770649,0.5444840806233565,111.22237710568025,59
15,decision_close_2024_3,history_qwen_missing_only|lambda=1|scaling=fixed,history_qwen_missing_only,1.0,fixed,0.21455938697318008,0.6601668713873335,109.11021767373403,59
15,decision_close_2024_3,proxy_market|lambda=0.01|scaling=fixed,proxy_market,0.01,fixed,0.6218821070748048,0.6046494575215734,142.38345574796105,59
15,decision_close_2024_3,proxy_market|lambda=0.1|scaling=fixed,proxy_market,0.1,fixed,0.6760617760617761,0.5279919191556389,118.6083878215877,59
15,decision_close_2024_3,proxy_market|lambda=1|scaling=fixed,proxy_market,1.0,fixed,0.4376079198802809,0.6224248783920744,111.48876036272445,59
15,decision_close_2024_3,proxy_market_lsa|lambda=0.01|scaling=row_only,proxy_market_lsa,0.01,row_only,0.6218821070748048,0.5965316400566337,141.36990656191594,59
15,decision_close_2024_3,proxy_market_lsa|lambda=0.1|scaling=row_only,proxy_market_lsa,0.1,row_only,0.6607251279382427,0.5243765528608071,118.53123428870657,59
15,decision_close_2024_3,proxy_market_lsa|lambda=1|scaling=row_only,proxy_market_lsa,1.0,row_only,0.4376079198802809,0.619271504054605,111.6067842224784,59
15,decision_close_2024_3,proxy_market_lsa|lambda=0.01|scaling=column_standardized,proxy_market_lsa,0.01,column_standardized,0.6771241830065359,0.5813744018002922,143.93161279328072,59
15,decision_close_2024_3,proxy_market_lsa|lambda=0.1|scaling=column_standardized,proxy_market_lsa,0.1,column_standardized,0.6696279920303502,0.49928746134343155,117.91164863456677,59
15,decision_close_2024_3,proxy_market_lsa|lambda=1|scaling=column_standardized,proxy_market_lsa,1.0,column_standardized,0.5228934404977962,0.5852709428683022,111.94975845559236,59
15,decision_close_2024_3,history_transformer|lambda=0.01|scaling=fixed,history_transformer,0.01,fixed,0.6250086758561335,0.6043424145136933,102.56573011649745,59
15,decision_close_2024_3,history_transformer|lambda=0.1|scaling=fixed,history_transformer,0.1,fixed,0.6084175084175084,0.572412611033268,104.59246416282798,59
15,decision_close_2024_3,history_transformer|lambda=1|scaling=fixed,history_transformer,1.0,fixed,0.6084175084175084,0.5505674775460123,115.33953181829213,59
16,decision_close_2024_4,history|lambda=0.01|scaling=fixed,history,0.01,fixed,0.6078874024526199,0.5302805848869484,122.81598871734442,60
16,decision_close_2024_4,history|lambda=0.1|scaling=fixed,history,0.1,fixed,0.5457380457380457,0.5414991402635285,110.8262258963536,60
16,decision_close_2024_4,history|lambda=1|scaling=fixed,history,1.0,fixed,0.26731601731601734,0.6641898711685676,108.79012514023567,60
16,decision_close_2024_4,history_tfidf|lambda=0.01|scaling=row_only,history_tfidf,0.01,row_only,0.6041666666666666,0.5210551650236391,117.30412099202815,60
16,decision_close_2024_4,history_tfidf|lambda=0.1|scaling=row_only,history_tfidf,0.1,row_only,0.5457380457380457,0.5311637631434508,109.59999028658417,60
16,decision_close_2024_4,history_tfidf|lambda=1|scaling=row_only,history_tfidf,1.0,row_only,0.26731601731601734,0.6590426744563367,108.88748600469539,60
16,decision_close_2024_4,history_tfidf|lambda=0.01|scaling=column_standardized,history_tfidf,0.01,column_standardized,0.6328649492583919,0.6167850866811725,101.7530315098623,60
16,decision_close_2024_4,history_tfidf|lambda=0.1|scaling=column_standardized,history_tfidf,0.1,column_standardized,0.6473385427102117,0.5760802307703071,101.7937187019742,60
16,decision_close_2024_4,history_tfidf|lambda=1|scaling=column_standardized,history_tfidf,1.0,column_standardized,0.6473385427102117,0.5238077541550733,101.23939151761891,60
16,decision_close_2024_4,history_lsa|lambda=0.01|scaling=row_only,history_lsa,0.01,row_only,0.6080286738351254,0.5485806386990538,129.31728336602123,60
16,decision_close_2024_4,history_lsa|lambda=0.1|scaling=row_only,history_lsa,0.1,row_only,0.5457380457380457,0.5314961123499695,112.04447643390432,60
16,decision_close_2024_4,history_lsa|lambda=1|scaling=row_only,history_lsa,1.0,row_only,0.26731601731601734,0.6576713995445943,109.26576138650435,60
16,decision_close_2024_4,history_lsa|lambda=0.01|scaling=column_standardized,history_lsa,0.01,column_standardized,0.5981315313319301,0.6025474595294393,139.90984003162333,60
16,decision_close_2024_4,history_lsa|lambda=0.1|scaling=column_standardized,history_lsa,0.1,column_standardized,0.5992741182494504,0.5243670333750982,123.39150780250681,60
16,decision_close_2024_4,history_lsa|lambda=1|scaling=column_standardized,history_lsa,1.0,column_standardized,0.37495700034399726,0.605964666259366,112.57575675188497,60
16,decision_close_2024_4,history_qwen_all|lambda=0.01|scaling=fixed,history_qwen_all,0.01,fixed,0.579430434036713,0.6061848068534413,128.3283232602493,60
16,decision_close_2024_4,history_qwen_all|lambda=0.1|scaling=fixed,history_qwen_all,0.1,fixed,0.5630511463844797,0.567289626909185,113.02376691344911,60
16,decision_close_2024_4,history_qwen_all|lambda=1|scaling=fixed,history_qwen_all,1.0,fixed,0.21722846441947566,0.6581577384503308,108.80609358245958,60
16,decision_close_2024_4,history_qwen_inflation|lambda=0.01|scaling=fixed,history_qwen_inflation,0.01,fixed,0.6413037634408602,0.5382880476369991,127.36048741440759,60
16,decision_close_2024_4,history_qwen_inflation|lambda=0.1|scaling=fixed,history_qwen_inflation,0.1,fixed,0.5630511463844797,0.544192385281638,114.44149845592693,60
16,decision_close_2024_4,history_qwen_inflation|lambda=1|scaling=fixed,history_qwen_inflation,1.0,fixed,0.21722846441947566,0.659147103319048,110.7898820688734,60
16,decision_close_2024_4,history_qwen_demand|lambda=0.01|scaling=fixed,history_qwen_demand,0.01,fixed,0.6041666666666666,0.5639724817351083,121.78383953855716,60
16,decision_close_2024_4,history_qwen_demand|lambda=0.1|scaling=fixed,history_qwen_demand,0.1,fixed,0.5630511463844797,0.546044739962925,109.17395968648792,60
16,decision_close_2024_4,history_qwen_demand|lambda=1|scaling=fixed,history_qwen_demand,1.0,fixed,0.21722846441947566,0.6607677587440756,107.68510785230002,60
16,decision_close_2024_4,history_qwen_forward|lambda=0.01|scaling=fixed,history_qwen_forward,0.01,fixed,0.5739192600049606,0.5739979244799367,123.10043517698644,60
16,decision_close_2024_4,history_qwen_forward|lambda=0.1|scaling=fixed,history_qwen_forward,0.1,fixed,0.5408868148594176,0.5579324686574684,111.35820505006804,60
16,decision_close_2024_4,history_qwen_forward|lambda=1|scaling=fixed,history_qwen_forward,1.0,fixed,0.21722846441947566,0.6603546073216368,108.38008590244178,60
16,decision_close_2024_4,history_qwen_scores_only|lambda=0.01|scaling=fixed,history_qwen_scores_only,0.01,fixed,0.5661302681992337,0.5908583996257042,128.7377441204664,60
16,decision_close_2024_4,history_qwen_scores_only|lambda=0.1|scaling=fixed,history_qwen_scores_only,0.1,fixed,0.5457380457380457,0.5545391061382006,113.24333155224514,60
16,decision_close_2024_4,history_qwen_scores_only|lambda=1|scaling=fixed,history_qwen_scores_only,1.0,fixed,0.21722846441947566,0.6668086337890232,107.57707863786305,60
16,decision_close_2024_4,history_qwen_missing_only|lambda=0.01|scaling=fixed,history_qwen_missing_only,0.01,fixed,0.6041666666666666,0.5529556845309999,123.12969874855506,60
16,decision_close_2024_4,history_qwen_missing_only|lambda=0.1|scaling=fixed,history_qwen_missing_only,0.1,fixed,0.5630511463844797,0.5517831359381764,111.34448706368504,60
16,decision_close_2024_4,history_qwen_missing_only|lambda=1|scaling=fixed,history_qwen_missing_only,1.0,fixed,0.21722846441947566,0.6555633660163543,109.97550413101649,60
16,decision_close_2024_4,proxy_market|lambda=0.01|scaling=fixed,proxy_market,0.01,fixed,0.6128384687208217,0.6191509542069237,144.5026476131148,60
16,decision_close_2024_4,proxy_market|lambda=0.1|scaling=fixed,proxy_market,0.1,fixed,0.6635786307917456,0.5404269378936397,120.69045243361266,60
16,decision_close_2024_4,proxy_market|lambda=1|scaling=fixed,proxy_market,1.0,fixed,0.42835692835692835,0.6236490625133357,113.50116481558477,60
16,decision_close_2024_4,proxy_market_lsa|lambda=0.01|scaling=row_only,proxy_market_lsa,0.01,row_only,0.6128384687208217,0.6086575414527456,142.3414230538865,60
16,decision_close_2024_4,proxy_market_lsa|lambda=0.1|scaling=row_only,proxy_market_lsa,0.1,row_only,0.6483653741718257,0.5363362093222691,120.44600985660985,60
16,decision_close_2024_4,proxy_market_lsa|lambda=1|scaling=row_only,proxy_market_lsa,1.0,row_only,0.42835692835692835,0.6205822795011106,113.62914110968859,60
16,decision_close_2024_4,proxy_market_lsa|lambda=0.01|scaling=column_standardized,proxy_market_lsa,0.01,column_standardized,0.6666321660629061,0.5891528810471088,143.54273006108423,60
16,decision_close_2024_4,proxy_market_lsa|lambda=0.1|scaling=column_standardized,proxy_market_lsa,0.1,column_standardized,0.6574074074074074,0.5107530114245448,118.4259605556218,60
16,decision_close_2024_4,proxy_market_lsa|lambda=1|scaling=column_standardized,proxy_market_lsa,1.0,column_standardized,0.5111704711024769,0.5870801678396618,113.86192671271708,60
16,decision_close_2024_4,history_transformer|lambda=0.01|scaling=fixed,history_transformer,0.01,fixed,0.612207860033947,0.6176889355542581,107.8293095238849,60
16,decision_close_2024_4,history_transformer|lambda=0.1|scaling=fixed,history_transformer,0.1,fixed,0.5957340091338666,0.5842876782089376,109.24502861305612,60
16,decision_close_2024_4,history_transformer|lambda=1|scaling=fixed,history_transformer,1.0,fixed,0.5957340091338666,0.5591086202885405,119.36463791234864,60
17,decision_close_2024_5,history|lambda=0.01|scaling=fixed,history,0.01,fixed,0.611102098204629,0.5256547529023202,123.0410890074327,61
17,decision_close_2024_5,history|lambda=0.1|scaling=fixed,history,0.1,fixed,0.5347985347985348,0.5410421736723494,111.27236658139137,61
17,decision_close_2024_5,history|lambda=1|scaling=fixed,history,1.0,fixed,0.2698412698412698,0.6589708403164497,109.41969012395901,61
17,decision_close_2024_5,history_tfidf|lambda=0.01|scaling=row_only,history_tfidf,0.01,row_only,0.6073232323232324,0.516143002418648,117.7225663123654,61
17,decision_close_2024_5,history_tfidf|lambda=0.1|scaling=row_only,history_tfidf,0.1,row_only,0.548582995951417,0.5301340805390008,110.06797745968792,61
17,decision_close_2024_5,history_tfidf|lambda=1|scaling=row_only,history_tfidf,1.0,row_only,0.2698412698412698,0.6539037893742236,109.52017316678736,61
17,decision_close_2024_5,history_tfidf|lambda=0.01|scaling=column_standardized,history_tfidf,0.01,column_standardized,0.6365079365079365,0.6066740417376871,100.19127970926961,61
17,decision_close_2024_5,history_tfidf|lambda=0.1|scaling=column_standardized,history_tfidf,0.1,column_standardized,0.6506987577639752,0.5666444314058999,100.1733268617034,61
17,decision_close_2024_5,history_tfidf|lambda=1|scaling=column_standardized,history_tfidf,1.0,column_standardized,0.6506987577639752,0.5154702350165166,99.95038025364565,61
17,decision_close_2024_5,history_lsa|lambda=0.01|scaling=row_only,history_lsa,0.01,row_only,0.6113888888888889,0.5442077348531538,128.52168139745123,61
17,decision_close_2024_5,history_lsa|lambda=0.1|scaling=row_only,history_lsa,0.1,row_only,0.548582995951417,0.5309022360518885,112.38178420885083,61
17,decision_close_2024_5,history_lsa|lambda=1|scaling=row_only,history_lsa,1.0,row_only,0.2698412698412698,0.6526921428867599,109.92954264313634,61
17,decision_close_2024_5,history_lsa|lambda=0.01|scaling=column_standardized,history_lsa,0.01,column_standardized,0.6020215007678845,0.6002675766435535,138.0476021733811,61
17,decision_close_2024_5,history_lsa|lambda=0.1|scaling=column_standardized,history_lsa,0.1,column_standardized,0.588791137178234,0.5242343711171388,122.87422576298509,61
17,decision_close_2024_5,history_lsa|lambda=1|scaling=column_standardized,history_lsa,1.0,column_standardized,0.37754097967216266,0.6023767426759259,113.41334139943066,61
17,decision_close_2024_5,history_qwen_all|lambda=0.01|scaling=fixed,history_qwen_all,0.01,fixed,0.5824587706146926,0.6017379824367652,127.07621767498487,61
17,decision_close_2024_5,history_qwen_all|lambda=0.1|scaling=fixed,history_qwen_all,0.1,fixed,0.5658038991372325,0.5638668492538554,112.15573138919582,61
17,decision_close_2024_5,history_qwen_all|lambda=1|scaling=fixed,history_qwen_all,1.0,fixed,0.21978021978021978,0.652098811733392,108.65949220299748,61
17,decision_close_2024_5,history_qwen_inflation|lambda=0.01|scaling=fixed,history_qwen_inflation,0.01,fixed,0.6441446725317693,0.5331899723164971,127.23601754757938,61
17,decision_close_2024_5,history_qwen_inflation|lambda=0.1|scaling=fixed,history_qwen_inflation,0.1,fixed,0.5658038991372325,0.5432153283183596,114.61969471604043,61
17,decision_close_2024_5,history_qwen_inflation|lambda=1|scaling=fixed,history_qwen_inflation,1.0,fixed,0.21978021978021978,0.6536458986490272,111.27357477130253,61
17,decision_close_2024_5,history_qwen_demand|lambda=0.01|scaling=fixed,history_qwen_demand,0.01,fixed,0.6073232323232324,0.5589194833791578,120.88182135378375,61
17,decision_close_2024_5,history_qwen_demand|lambda=0.1|scaling=fixed,history_qwen_demand,0.1,fixed,0.5658038991372325,0.5424849336458343,108.54054206398779,61
17,decision_close_2024_5,history_qwen_demand|lambda=1|scaling=fixed,history_qwen_demand,1.0,fixed,0.21978021978021978,0.6549262413724231,107.61531277812574,61
17,decision_close_2024_5,history_qwen_forward|lambda=0.01|scaling=fixed,history_qwen_forward,0.01,fixed,0.5769475965829401,0.5709863102172467,123.25880842113718,61
17,decision_close_2024_5,history_qwen_forward|lambda=0.1|scaling=fixed,history_qwen_forward,0.1,fixed,0.5305865305865306,0.5574250976063851,111.78100876588232,61
17,decision_close_2024_5,history_qwen_forward|lambda=1|scaling=fixed,history_qwen_forward,1.0,fixed,0.21978021978021978,0.6548166384322254,108.99684422145002,61
17,decision_close_2024_5,history_qwen_scores_only|lambda=0.01|scaling=fixed,history_qwen_scores_only,0.01,fixed,0.5693982420554429,0.5855457311232634,127.54562413575272,61
17,decision_close_2024_5,history_qwen_scores_only|lambda=0.1|scaling=fixed,history_qwen_scores_only,0.1,fixed,0.548582995951417,0.5515740931082052,112.42146011943571,61
17,decision_close_2024_5,history_qwen_scores_only|lambda=1|scaling=fixed,history_qwen_scores_only,1.0,fixed,0.21978021978021978,0.6612931596862435,107.50253745172326,61
17,decision_close_2024_5,history_qwen_missing_only|lambda=0.01|scaling=fixed,history_qwen_missing_only,0.01,fixed,0.6073232323232324,0.5481023926400562,123.23959692179633,61
17,decision_close_2024_5,history_qwen_missing_only|lambda=0.1|scaling=fixed,history_qwen_missing_only,0.1,fixed,0.5658038991372325,0.5506676238386592,111.69638805151675,61
17,decision_close_2024_5,history_qwen_missing_only|lambda=1|scaling=fixed,history_qwen_missing_only,1.0,fixed,0.21978021978021978,0.6496963374946464,110.50701942910447,61
17,decision_close_2024_5,proxy_market|lambda=0.01|scaling=fixed,proxy_market,0.01,fixed,0.6042700045496411,0.6182317700835999,146.81803948570902,61
17,decision_close_2024_5,proxy_market|lambda=0.1|scaling=fixed,proxy_market,0.1,fixed,0.6519717473434165,0.543384531379134,122.73022233534846,61
17,decision_close_2024_5,proxy_market|lambda=1|scaling=fixed,proxy_market,1.0,fixed,0.41986633249791144,0.6221682161120444,115.0018940541637,61
17,decision_close_2024_5,proxy_market_lsa|lambda=0.01|scaling=row_only,proxy_market_lsa,0.01,row_only,0.6173540680640072,0.6049967026102909,143.7856798453712,61
17,decision_close_2024_5,proxy_market_lsa|lambda=0.1|scaling=row_only,proxy_market_lsa,0.1,row_only,0.6368760064412239,0.5388461319851234,122.2694190672495,61
17,decision_close_2024_5,proxy_market_lsa|lambda=1|scaling=row_only,proxy_market_lsa,1.0,row_only,0.41986633249791144,0.6192043232415857,115.1375276837847,61
17,decision_close_2024_5,proxy_market_lsa|lambda=0.01|scaling=column_standardized,proxy_market_lsa,0.01,column_standardized,0.67067257010331,0.5853553089564935,144.14543612570293,61
17,decision_close_2024_5,proxy_market_lsa|lambda=0.1|scaling=column_standardized,proxy_market_lsa,0.1,column_standardized,0.645986642380085,0.5124059066825444,119.1209148419067,61
17,decision_close_2024_5,proxy_market_lsa|lambda=1|scaling=column_standardized,proxy_market_lsa,1.0,column_standardized,0.5003648969166211,0.5862532941681096,115.28905054550226,61
17,decision_close_2024_5,history_transformer|lambda=0.01|scaling=fixed,history_transformer,0.01,fixed,0.6161505123636961,0.6076024574952187,109.83382733833655,61
17,decision_close_2024_5,history_transformer|lambda=0.1|scaling=fixed,history_transformer,0.1,fixed,0.5997239475500346,0.5750967989955819,110.94080449974861,61
17,decision_close_2024_5,history_transformer|lambda=1|scaling=fixed,history_transformer,1.0,fixed,0.5997239475500346,0.5525184288001385,121.05326001049733,61
18,decision_close_2024_6,history|lambda=0.01|scaling=fixed,history,0.01,fixed,0.6014234415768943,0.5272493310185573,122.08895743224997,62
18,decision_close_2024_6,history|lambda=0.1|scaling=fixed,history,0.1,fixed,0.5376845376845377,0.5378146747534571,110.01391161785854,62
18,decision_close_2024_6,history|lambda=1|scaling=fixed,history,1.0,fixed,0.2722567287784679,0.652662319927503,108.45710796301773,62
18,decision_close_2024_6,history_tfidf|lambda=0.01|scaling=row_only,history_tfidf,0.01,row_only,0.6102941176470589,0.5128843615006426,116.51788897881809,62
18,decision_close_2024_6,history_tfidf|lambda=0.1|scaling=row_only,history_tfidf,0.1,row_only,0.5512820512820512,0.5263427236540645,108.80791735202455,62
18,decision_close_2024_6,history_tfidf|lambda=1|scaling=row_only,history_tfidf,1.0,row_only,0.2722567287784679,0.6476789347484353,108.57140499906794,62
18,decision_close_2024_6,history_tfidf|lambda=0.01|scaling=column_standardized,history_tfidf,0.01,column_standardized,0.63992673992674,0.5968917310323946,99.52274167940043,62
18,decision_close_2024_6,history_tfidf|lambda=0.1|scaling=column_standardized,history_tfidf,0.1,column_standardized,0.6538553234205408,0.5575449269808341,99.51691565299105,62
18,decision_close_2024_6,history_tfidf|lambda=1|scaling=column_standardized,history_tfidf,1.0,column_standardized,0.6538553234205408,0.5075854510340576,99.37958230583864,62
18,decision_close_2024_6,history_lsa|lambda=0.01|scaling=row_only,history_lsa,0.01,row_only,0.6145454545454546,0.5426698141567259,127.1642515251343,62
18,decision_close_2024_6,history_lsa|lambda=0.1|scaling=row_only,history_lsa,0.1,row_only,0.5512820512820512,0.5272834404448353,111.02194857709614,62
18,decision_close_2024_6,history_lsa|lambda=1|scaling=row_only,history_lsa,1.0,row_only,0.2722567287784679,0.6465962477053968,109.02981706422102,62
18,decision_close_2024_6,history_lsa|lambda=0.01|scaling=column_standardized,history_lsa,0.01,column_standardized,0.6056644880174292,0.5955222626389209,136.4852892241439,62
18,decision_close_2024_6,history_lsa|lambda=0.1|scaling=column_standardized,history_lsa,0.1,column_standardized,0.591921027632068,0.520974235394548,120.9786420677942,62
18,decision_close_2024_6,history_lsa|lambda=1|scaling=column_standardized,history_lsa,1.0,column_standardized,0.3800075053945023,0.5978612407784485,113.02467315391841,62
18,decision_close_2024_6,history_qwen_all|lambda=0.01|scaling=fixed,history_qwen_all,0.01,fixed,0.5730158730158731,0.6067543769141203,125.05266212771723,62
18,decision_close_2024_6,history_qwen_all|lambda=0.1|scaling=fixed,history_qwen_all,0.1,fixed,0.5684117701661561,0.5647055997572967,110.65239239439448,62
18,decision_close_2024_6,history_qwen_all|lambda=1|scaling=fixed,history_qwen_all,1.0,fixed,0.2222222222222222,0.648075967573584,108.06581770484098,62
18,decision_close_2024_6,history_qwen_inflation|lambda=0.01|scaling=fixed,history_qwen_inflation,0.01,fixed,0.6338059701492537,0.535757384845024,125.75632087784294,62
18,decision_close_2024_6,history_qwen_inflation|lambda=0.1|scaling=fixed,history_qwen_inflation,0.1,fixed,0.5684117701661561,0.5423621146530193,112.95956796473627,62
18,decision_close_2024_6,history_qwen_inflation|lambda=1|scaling=fixed,history_qwen_inflation,1.0,fixed,0.2222222222222222,0.6484677425285201,110.42197792060064,62
18,decision_close_2024_6,history_qwen_demand|lambda=0.01|scaling=fixed,history_qwen_demand,0.01,fixed,0.5975425900799035,0.5623419026302822,119.2454969661096,62
18,decision_close_2024_6,history_qwen_demand|lambda=0.1|scaling=fixed,history_qwen_demand,0.1,fixed,0.5684117701661561,0.5428774839171199,106.90440588489403,62
18,decision_close_2024_6,history_qwen_demand|lambda=1|scaling=fixed,history_qwen_demand,1.0,fixed,0.2222222222222222,0.6497620702368958,106.97348897610932,62
18,decision_close_2024_6,history_qwen_forward|lambda=0.01|scaling=fixed,history_qwen_forward,0.01,fixed,0.5675865800865801,0.577459208365155,122.01537809576344,62
18,decision_close_2024_6,history_qwen_forward|lambda=0.1|scaling=fixed,history_qwen_forward,0.1,fixed,0.5334314807999019,0.55706634213319,110.29371931823763,62
18,decision_close_2024_6,history_qwen_forward|lambda=1|scaling=fixed,history_qwen_forward,1.0,fixed,0.2222222222222222,0.6495930067219473,108.1901474068492,62
18,decision_close_2024_6,history_qwen_scores_only|lambda=0.01|scaling=fixed,history_qwen_scores_only,0.01,fixed,0.5599999999999999,0.5863473383329183,125.6753299592165,62
18,decision_close_2024_6,history_qwen_scores_only|lambda=0.1|scaling=fixed,history_qwen_scores_only,0.1,fixed,0.5512820512820512,0.5491056667158972,110.76836311843945,62
18,decision_close_2024_6,history_qwen_scores_only|lambda=1|scaling=fixed,history_qwen_scores_only,1.0,fixed,0.2222222222222222,0.6550354525932254,106.77166330039954,62
18,decision_close_2024_6,history_qwen_missing_only|lambda=0.01|scaling=fixed,history_qwen_missing_only,0.01,fixed,0.5975425900799035,0.551150806337163,122.03585343416626,62
18,decision_close_2024_6,history_qwen_missing_only|lambda=0.1|scaling=fixed,history_qwen_missing_only,0.1,fixed,0.5684117701661561,0.5505564120028608,110.20763817201819,62
18,decision_close_2024_6,history_qwen_missing_only|lambda=1|scaling=fixed,history_qwen_missing_only,1.0,fixed,0.2222222222222222,0.6456649749116468,109.7357534135849,62
18,decision_close_2024_6,proxy_market|lambda=0.01|scaling=fixed,proxy_market,0.01,fixed,0.6088294257013905,0.611924954114609,145.39911340574403,62
18,decision_close_2024_6,proxy_market|lambda=0.1|scaling=fixed,proxy_market,0.1,fixed,0.6553319623971797,0.5391328668116164,121.55474742782935,62
18,decision_close_2024_6,proxy_market|lambda=1|scaling=fixed,proxy_market,1.0,fixed,0.42344497607655507,0.6182843824509122,114.82024737332861,62
18,decision_close_2024_6,proxy_market_lsa|lambda=0.01|scaling=row_only,proxy_market_lsa,0.01,row_only,0.6215686274509804,0.5985724565468229,142.6545742844273,62
18,decision_close_2024_6,proxy_market_lsa|lambda=0.1|scaling=row_only,proxy_market_lsa,0.1,row_only,0.6402948098600273,0.5347491390835389,121.0896425328168,62
18,decision_close_2024_6,proxy_market_lsa|lambda=1|scaling=row_only,proxy_market_lsa,1.0,row_only,0.42344497607655507,0.6154248000806701,114.98663461769546,62
18,decision_close_2024_6,proxy_market_lsa|lambda=0.01|scaling=column_standardized,proxy_market_lsa,0.01,column_standardized,0.6744390484460596,0.5781481291898249,142.84170033197776,62
18,decision_close_2024_6,proxy_market_lsa|lambda=0.1|scaling=column_standardized,proxy_market_lsa,0.1,column_standardized,0.6496296296296297,0.5091771357172286,117.75324025913379,62
18,decision_close_2024_6,proxy_market_lsa|lambda=1|scaling=column_standardized,proxy_market_lsa,1.0,column_standardized,0.5038684004201245,0.5833490393283544,115.33286936090522,62
18,decision_close_2024_6,history_transformer|lambda=0.01|scaling=fixed,history_transformer,0.01,fixed,0.619846748922836,0.5988184655616382,112.08900579336843,62
18,decision_close_2024_6,history_transformer|lambda=0.1|scaling=fixed,history_transformer,0.1,fixed,0.6034683512944383,0.5681164293549454,111.62876189060981,62
18,decision_close_2024_6,history_transformer|lambda=1|scaling=fixed,history_transformer,1.0,fixed,0.6034683512944383,0.5478166029531297,119.24220794777212,62
19,decision_close_2024_7,history|lambda=0.01|scaling=fixed,history,0.01,fixed,0.5922136970730322,0.5322773387184646,121.98584107198806,63
19,decision_close_2024_7,history|lambda=0.1|scaling=fixed,history,0.1,fixed,0.5404244138421354,0.5340521077268096,109.66530446553047,63
19,decision_close_2024_7,history|lambda=1|scaling=fixed,history,1.0,fixed,0.2745694022289767,0.6458030858163238,106.79652854305922,63
19,decision_close_2024_7,history_tfidf|lambda=0.01|scaling=row_only,history_tfidf,0.01,row_only,0.6130952380952381,0.5094261970858635,116.27945103609174,63
19,decision_close_2024_7,history_tfidf|lambda=0.1|scaling=row_only,history_tfidf,0.1,row_only,0.5538461538461538,0.5217283283284609,108.46106831585001,63
19,decision_close_2024_7,history_tfidf|lambda=1|scaling=row_only,history_tfidf,1.0,row_only,0.2745694022289767,0.6408793968961053,106.92274739704392,63
19,decision_close_2024_7,history_tfidf|lambda=0.01|scaling=column_standardized,history_tfidf,0.01,column_standardized,0.6431414356787492,0.5874173543609713,98.51616047489239,63
19,decision_close_2024_7,history_tfidf|lambda=0.1|scaling=column_standardized,history_tfidf,0.1,column_standardized,0.6568262087443674,0.5486981809316662,98.49977752787268,63
19,decision_close_2024_7,history_tfidf|lambda=1|scaling=column_standardized,history_tfidf,1.0,column_standardized,0.6568262087443674,0.49961115523742794,98.3237638914459,63
19,decision_close_2024_7,history_lsa|lambda=0.01|scaling=row_only,history_lsa,0.01,row_only,0.617516339869281,0.5404489828171521,126.79280824206212,63
19,decision_close_2024_7,history_lsa|lambda=0.1|scaling=row_only,history_lsa,0.1,row_only,0.5538461538461538,0.5226980380307883,110.5722833524743,63
19,decision_close_2024_7,history_lsa|lambda=1|scaling=row_only,history_lsa,1.0,row_only,0.2745694022289767,0.6398997955328429,107.43510857257017,63
19,decision_close_2024_7,history_lsa|lambda=0.01|scaling=column_standardized,history_lsa,0.01,column_standardized,0.6090832914362326,0.5874977518728897,135.68206330453808,63
19,decision_close_2024_7,history_lsa|lambda=0.1|scaling=column_standardized,history_lsa,0.1,column_standardized,0.5948794172391167,0.5151799687129958,119.81304702056416,63
19,decision_close_2024_7,history_lsa|lambda=1|scaling=column_standardized,history_lsa,1.0,column_standardized,0.3823644077514046,0.5923471863287548,111.98110147030394,63
19,decision_close_2024_7,history_qwen_all|lambda=0.01|scaling=fixed,history_qwen_all,0.01,fixed,0.5640617900954111,0.6129358291905279,124.09032227445203,63
19,decision_close_2024_7,history_qwen_all|lambda=0.1|scaling=fixed,history_qwen_all,0.1,fixed,0.5708859042192375,0.5634481328524428,109.63794306987995,63
19,decision_close_2024_7,history_qwen_all|lambda=1|scaling=fixed,history_qwen_all,1.0,fixed,0.22456140350877193,0.6429723089753882,106.70119135214262,63
19,decision_close_2024_7,history_qwen_inflation|lambda=0.01|scaling=fixed,history_qwen_inflation,0.01,fixed,0.6239809863339275,0.5402426434767192,125.3551371124988,63
19,decision_close_2024_7,history_qwen_inflation|lambda=0.1|scaling=fixed,history_qwen_inflation,0.1,fixed,0.5708859042192375,0.5401855388907644,112.3467664741722,63
19,decision_close_2024_7,history_qwen_inflation|lambda=1|scaling=fixed,history_qwen_inflation,1.0,fixed,0.22456140350877193,0.6425002213795383,108.83485734065317,63
19,decision_close_2024_7,history_qwen_demand|lambda=0.01|scaling=fixed,history_qwen_demand,0.01,fixed,0.5882352941176471,0.5680845092919021,118.47549813522912,63
19,decision_close_2024_7,history_qwen_demand|lambda=0.1|scaling=fixed,history_qwen_demand,0.1,fixed,0.5708859042192375,0.5412436370746874,106.03132474899024,63
19,decision_close_2024_7,history_qwen_demand|lambda=1|scaling=fixed,history_qwen_demand,1.0,fixed,0.22456140350877193,0.6437692535946243,105.57684369628858,63
19,decision_close_2024_7,history_qwen_forward|lambda=0.01|scaling=fixed,history_qwen_forward,0.01,fixed,0.5586854460093896,0.5844207123715025,121.75435015590082,63
19,decision_close_2024_7,history_qwen_forward|lambda=0.1|scaling=fixed,history_qwen_forward,0.1,fixed,0.5361305361305361,0.5550800167915563,109.76564466543302,63
19,decision_close_2024_7,history_qwen_forward|lambda=1|scaling=fixed,history_qwen_forward,1.0,fixed,0.22456140350877193,0.6435549119095205,106.67077941726649,63
19,decision_close_2024_7,history_qwen_scores_only|lambda=0.01|scaling=fixed,history_qwen_scores_only,0.01,fixed,0.5510906298003072,0.5910620270027014,124.80065530074819,63
19,decision_close_2024_7,history_qwen_scores_only|lambda=0.1|scaling=fixed,history_qwen_scores_only,0.1,fixed,0.5538461538461538,0.5455166351966552,109.85663542744872,63
19,decision_close_2024_7,history_qwen_scores_only|lambda=1|scaling=fixed,history_qwen_scores_only,1.0,fixed,0.22456140350877193,0.6481839726953204,105.3046988976362,63
19,decision_close_2024_7,history_qwen_missing_only|lambda=0.01|scaling=fixed,history_qwen_missing_only,0.01,fixed,0.5882352941176471,0.5562000846177254,121.75847357168817,63
19,decision_close_2024_7,history_qwen_missing_only|lambda=0.1|scaling=fixed,history_qwen_missing_only,0.1,fixed,0.5708859042192375,0.5487824326752377,109.67539281807669,63
19,decision_close_2024_7,history_qwen_missing_only|lambda=1|scaling=fixed,history_qwen_missing_only,1.0,fixed,0.22456140350877193,0.6405831121902532,108.22869486846022,63
19,decision_close_2024_7,proxy_market|lambda=0.01|scaling=fixed,proxy_market,0.01,fixed,0.6130898684169596,0.6066319166484926,143.5678694474675,63
19,decision_close_2024_7,proxy_market|lambda=0.1|scaling=fixed,proxy_market,0.1,fixed,0.6584885280537455,0.5329693959437205,119.82178527247663,63
19,decision_close_2024_7,proxy_market|lambda=1|scaling=fixed,proxy_market,1.0,fixed,0.42684242251197607,0.6130131394723909,113.84902020314523,63
19,decision_close_2024_7,proxy_market_lsa|lambda=0.01|scaling=row_only,proxy_market_lsa,0.01,row_only,0.6255112797807295,0.5916801227997598,140.88983558493837,63
19,decision_close_2024_7,proxy_market_lsa|lambda=0.1|scaling=row_only,proxy_market_lsa,0.1,row_only,0.6435095056120365,0.5286094822700906,119.40681374682549,63
19,decision_close_2024_7,proxy_market_lsa|lambda=1|scaling=row_only,proxy_market_lsa,1.0,row_only,0.42684242251197607,0.610220158790535,114.04696482833778,63
19,decision_close_2024_7,proxy_market_lsa|lambda=0.01|scaling=column_standardized,proxy_market_lsa,0.01,column_standardized,0.6779585446023993,0.569912085791543,140.87645510576783,63
19,decision_close_2024_7,proxy_market_lsa|lambda=0.1|scaling=column_standardized,proxy_market_lsa,0.1,column_standardized,0.6530484330484331,0.5032068958555709,116.19252379093015,63
19,decision_close_2024_7,proxy_market_lsa|lambda=1|scaling=column_standardized,proxy_market_lsa,1.0,column_standardized,0.507187509002391,0.5787357231203852,114.63194418785966,63
19,decision_close_2024_7,history_transformer|lambda=0.01|scaling=fixed,history_transformer,0.01,fixed,0.6233189711450581,0.5893578667899008,111.352210167144,63
19,decision_close_2024_7,history_transformer|lambda=0.1|scaling=fixed,history_transformer,0.1,fixed,0.6069892085466387,0.5594699696721092,111.25070131792268,63
19,decision_close_2024_7,history_transformer|lambda=1|scaling=fixed,history_transformer,1.0,fixed,0.6069892085466387,0.5409174338675518,119.06649153784119,63
20,decision_close_2024_8,history|lambda=0.01|scaling=fixed,history,0.01,fixed,0.5953435875268663,0.5296407406389463,121.24426674267991,64
20,decision_close_2024_8,history|lambda=0.1|scaling=fixed,history,0.1,fixed,0.543028987473432,0.5296003184409809,108.80728955626444,64
20,decision_close_2024_8,history|lambda=1|scaling=fixed,history,1.0,fixed,0.27678571428571425,0.6390767138570054,105.38288851909789,64
20,decision_close_2024_8,history_tfidf|lambda=0.01|scaling=row_only,history_tfidf,0.01,row_only,0.6157407407407408,0.5037850502113776,115.1180423211824,64
20,decision_close_2024_8,history_tfidf|lambda=0.1|scaling=row_only,history_tfidf,0.1,row_only,0.5562851782363977,0.5167822240757642,107.54107904471576,64
20,decision_close_2024_8,history_tfidf|lambda=1|scaling=row_only,history_tfidf,1.0,row_only,0.27678571428571425,0.634219354707753,105.52293933227794,64
20,decision_close_2024_8,history_tfidf|lambda=0.01|scaling=column_standardized,history_tfidf,0.01,column_standardized,0.6461697722567288,0.5782392907887544,97.04207247703633,64
20,decision_close_2024_8,history_tfidf|lambda=0.1|scaling=column_standardized,history_tfidf,0.1,column_standardized,0.6596273291925466,0.5401332350314777,97.06707747402484,64
20,decision_close_2024_8,history_tfidf|lambda=1|scaling=column_standardized,history_tfidf,1.0,column_standardized,0.6596273291925466,0.49196303257233703,97.12606011245272,64
20,decision_close_2024_8,history_lsa|lambda=0.01|scaling=row_only,history_lsa,0.01,row_only,0.6203174603174603,0.5341857177928877,125.68758347154636,64
20,decision_close_2024_8,history_lsa|lambda=0.1|scaling=row_only,history_lsa,0.1,row_only,0.5562851782363977,0.5175564508615542,109.63319120029945,64
20,decision_close_2024_8,history_lsa|lambda=1|scaling=row_only,history_lsa,1.0,row_only,0.27678571428571425,0.6332652190076911,106.05390813127202,64
20,decision_close_2024_8,history_lsa|lambda=0.01|scaling=column_standardized,history_lsa,0.01,column_standardized,0.6122979871882418,0.5791916885325381,134.03891483584653,64
20,decision_close_2024_8,history_lsa|lambda=0.1|scaling=column_standardized,history_lsa,0.1,column_standardized,0.5976800260671228,0.5089119248437883,118.11987422044766,64
20,decision_close_2024_8,history_lsa|lambda=1|scaling=column_standardized,history_lsa,1.0,column_standardized,0.3846188360927895,0.5861324550324489,110.86807385358273,64
20,decision_close_2024_8,history_qwen_all|lambda=0.01|scaling=fixed,history_qwen_all,0.01,fixed,0.5670201797024599,0.6089148922011653,122.51788538809554,64
20,decision_close_2024_8,history_qwen_all|lambda=0.1|scaling=fixed,history_qwen_all,0.1,fixed,0.5732363315696648,0.5600592526825175,108.12377122798061,64
20,decision_close_2024_8,history_qwen_all|lambda=1|scaling=fixed,history_qwen_all,1.0,fixed,0.2268041237113402,0.6376890183973538,105.56817798098425,64
20,decision_close_2024_8,history_qwen_inflation|lambda=0.01|scaling=fixed,history_qwen_inflation,0.01,fixed,0.6267821067821068,0.5365890939728087,124.25331767864625,64
20,decision_close_2024_8,history_qwen_inflation|lambda=0.1|scaling=fixed,history_qwen_inflation,0.1,fixed,0.5732363315696648,0.536421474250955,111.1747721993358,64
20,decision_close_2024_8,history_qwen_inflation|lambda=1|scaling=fixed,history_qwen_inflation,1.0,fixed,0.2268041237113402,0.6365113931078998,107.49899790069693,64
20,decision_close_2024_8,history_qwen_demand|lambda=0.01|scaling=fixed,history_qwen_demand,0.01,fixed,0.5913165266106443,0.5652862674746316,117.19071343439778,64
20,decision_close_2024_8,history_qwen_demand|lambda=0.1|scaling=fixed,history_qwen_demand,0.1,fixed,0.5732363315696648,0.538099145968342,104.73221510846454,64
20,decision_close_2024_8,history_qwen_demand|lambda=1|scaling=fixed,history_qwen_demand,1.0,fixed,0.2268041237113402,0.6377628072966782,104.40103556723193,64
20,decision_close_2024_8,history_qwen_forward|lambda=0.01|scaling=fixed,history_qwen_forward,0.01,fixed,0.5616438356164384,0.5815992841040105,120.88143304944757,64
20,decision_close_2024_8,history_qwen_forward|lambda=0.1|scaling=fixed,history_qwen_forward,0.1,fixed,0.5386946386946386,0.5515050769375556,108.75316049543972,64
20,decision_close_2024_8,history_qwen_forward|lambda=1|scaling=fixed,history_qwen_forward,1.0,fixed,0.2268041237113402,0.6375132890456856,105.37915378391942,64
20,decision_close_2024_8,history_qwen_scores_only|lambda=0.01|scaling=fixed,history_qwen_scores_only,0.01,fixed,0.5542652329749104,0.5870163086792307,123.30179192712517,64
20,decision_close_2024_8,history_qwen_scores_only|lambda=0.1|scaling=fixed,history_qwen_scores_only,0.1,fixed,0.5562851782363977,0.5409901283634504,108.43299933554412,64
20,decision_close_2024_8,history_qwen_scores_only|lambda=1|scaling=fixed,history_qwen_scores_only,1.0,fixed,0.2268041237113402,0.6414496989347158,104.08676911038786,64
20,decision_close_2024_8,history_qwen_missing_only|lambda=0.01|scaling=fixed,history_qwen_missing_only,0.01,fixed,0.5913165266106443,0.5531851630127845,120.87078212998303,64
20,decision_close_2024_8,history_qwen_missing_only|lambda=0.1|scaling=fixed,history_qwen_missing_only,0.1,fixed,0.5732363315696648,0.5454055227851489,108.65665315160297,64
20,decision_close_2024_8,history_qwen_missing_only|lambda=1|scaling=fixed,history_qwen_missing_only,1.0,fixed,0.2268041237113402,0.6353341541699753,106.94643533868091,64
20,decision_close_2024_8,proxy_market|lambda=0.01|scaling=fixed,proxy_market,0.01,fixed,0.6170798068331275,0.5984443765835951,141.74408839493856,64
20,decision_close_2024_8,proxy_market|lambda=0.1|scaling=fixed,proxy_market,0.1,fixed,0.661459413377572,0.5266276004383637,118.03856965953953,64
20,decision_close_2024_8,proxy_market|lambda=1|scaling=fixed,proxy_market,1.0,fixed,0.4300720938147838,0.6074112134770453,112.92769373145016,64
20,decision_close_2024_8,proxy_market_lsa|lambda=0.01|scaling=row_only,proxy_market_lsa,0.01,row_only,0.6292075163398693,0.5833227670801637,138.8108835764609,64
20,decision_close_2024_8,proxy_market_lsa|lambda=0.1|scaling=row_only,proxy_market_lsa,0.1,row_only,0.6465378421900162,0.5222952421932101,117.59723737425551,64
20,decision_close_2024_8,proxy_market_lsa|lambda=1|scaling=row_only,proxy_market_lsa,1.0,row_only,0.4300720938147838,0.6046322008977304,113.13606272575394,64
20,decision_close_2024_8,proxy_market_lsa|lambda=0.01|scaling=column_standardized,proxy_market_lsa,0.01,column_standardized,0.6812545806853207,0.561488514259262,138.80906087230238,64
20,decision_close_2024_8,proxy_market_lsa|lambda=0.1|scaling=column_standardized,proxy_market_lsa,0.1,column_standardized,0.6562631288004422,0.4969874483118998,114.43767547112262,64
20,decision_close_2024_8,proxy_market_lsa|lambda=1|scaling=column_standardized,proxy_market_lsa,1.0,column_standardized,0.510336406888131,0.5730383468200151,113.76112393980458,64
20,decision_close_2024_8,history_transformer|lambda=0.01|scaling=fixed,history_transformer,0.01,fixed,0.6265869450012672,0.5801491501243745,109.72066232510636,64
20,decision_close_2024_8,history_transformer|lambda=0.1|scaling=fixed,history_transformer,0.1,fixed,0.6103059581320451,0.5507283260644638,109.55133533041699,64
20,decision_close_2024_8,history_transformer|lambda=1|scaling=fixed,history_transformer,1.0,fixed,0.6103059581320451,0.5326083956497509,118.4687069498302,64
21,decision_close_2024_9,history|lambda=0.01|scaling=fixed,history,0.01,fixed,0.5983019771339149,0.5239286702980517,120.41009858077796,65
21,decision_close_2024_9,history|lambda=0.1|scaling=fixed,history,0.1,fixed,0.5455080394839431,0.524078000783175,107.91441657392726,65
21,decision_close_2024_9,history|lambda=1|scaling=fixed,history,1.0,fixed,0.27891156462585037,0.6322180899531002,103.96228455412337,65
21,decision_close_2024_9,history_tfidf|lambda=0.01|scaling=row_only,history_tfidf,0.01,row_only,0.6182432432432433,0.4969940176594517,113.96412452561393,65
21,decision_close_2024_9,history_tfidf|lambda=0.1|scaling=row_only,history_tfidf,0.1,row_only,0.5586080586080586,0.5109851947517535,106.58939991777619,65
21,decision_close_2024_9,history_tfidf|lambda=1|scaling=row_only,history_tfidf,1.0,row_only,0.27891156462585037,0.627416547840138,104.11398385931989,65
21,decision_close_2024_9,history_tfidf|lambda=0.01|scaling=column_standardized,history_tfidf,0.01,column_standardized,0.649027498323273,0.5693435692401979,95.60364425610496,65
21,decision_close_2024_9,history_tfidf|lambda=0.1|scaling=column_standardized,history_tfidf,0.1,column_standardized,0.6622728318380493,0.5318298744966619,95.6417958928914,65
21,decision_close_2024_9,history_tfidf|lambda=1|scaling=column_standardized,history_tfidf,1.0,column_standardized,0.6622728318380493,0.4845092628978732,95.80485497688737,65
21,decision_close_2024_9,history_lsa|lambda=0.01|scaling=row_only,history_lsa,0.01,row_only,0.6229629629629629,0.5268965000893634,124.49880445411965,65
21,decision_close_2024_9,history_lsa|lambda=0.1|scaling=row_only,history_lsa,0.1,row_only,0.5586080586080586,0.5115958989664671,108.67048341571105,65
21,decision_close_2024_9,history_lsa|lambda=1|scaling=row_only,history_lsa,1.0,row_only,0.27891156462585037,0.6264594146404502,104.6450017821985,65
21,decision_close_2024_9,history_lsa|lambda=0.01|scaling=column_standardized,history_lsa,0.01,column_standardized,0.6153263237662215,0.5705439468296801,132.22216574091624,65
21,decision_close_2024_9,history_lsa|lambda=0.1|scaling=column_standardized,history_lsa,0.1,column_standardized,0.6003351487222455,0.5018650394725621,116.44253083001192,65
21,decision_close_2024_9,history_lsa|lambda=1|scaling=column_standardized,history_lsa,1.0,column_standardized,0.38677733131326436,0.5793734694368163,109.46934184270886,65
21,decision_close_2024_9,history_qwen_all|lambda=0.01|scaling=fixed,history_qwen_all,0.01,fixed,0.5698207885304659,0.6028294749217189,122.86121737804051,65
21,decision_close_2024_9,history_qwen_all|lambda=0.1|scaling=fixed,history_qwen_all,0.1,fixed,0.5754721039273885,0.5534364710631319,108.37068761490849,65
21,decision_close_2024_9,history_qwen_all|lambda=1|scaling=fixed,history_qwen_all,1.0,fixed,0.22895622895622894,0.6303725143020007,104.4249879687457,65
21,decision_close_2024_9,history_qwen_inflation|lambda=0.01|scaling=fixed,history_qwen_inflation,0.01,fixed,0.6294276094276094,0.5302660139801573,123.62767889101511,65
21,decision_close_2024_9,history_qwen_inflation|lambda=0.1|scaling=fixed,history_qwen_inflation,0.1,fixed,0.5754721039273885,0.5300852213633455,110.4390970562589,65
21,decision_close_2024_9,history_qwen_inflation|lambda=1|scaling=fixed,history_qwen_inflation,1.0,fixed,0.22895622895622894,0.6294681032775478,105.96060926297642,65
21,decision_close_2024_9,history_qwen_demand|lambda=0.01|scaling=fixed,history_qwen_demand,0.01,fixed,0.5942265795206971,0.560259490351664,117.59353447883407,65
21,decision_close_2024_9,history_qwen_demand|lambda=0.1|scaling=fixed,history_qwen_demand,0.1,fixed,0.5754721039273885,0.5323471957653604,105.01620613646277,65
21,decision_close_2024_9,history_qwen_demand|lambda=1|scaling=fixed,history_qwen_demand,1.0,fixed,0.22895622895622894,0.6306688566093975,103.2691315638385,65
21,decision_close_2024_9,history_qwen_forward|lambda=0.01|scaling=fixed,history_qwen_forward,0.01,fixed,0.5644444444444444,0.5747407189164979,120.24805102125025,65
21,decision_close_2024_9,history_qwen_forward|lambda=0.1|scaling=fixed,history_qwen_forward,0.1,fixed,0.5411336630848825,0.5447924484662896,107.9807948290215,65
21,decision_close_2024_9,history_qwen_forward|lambda=1|scaling=fixed,history_qwen_forward,1.0,fixed,0.22895622895622894,0.6304046203283348,103.94626970789939,65
21,decision_close_2024_9,history_qwen_scores_only|lambda=0.01|scaling=fixed,history_qwen_scores_only,0.01,fixed,0.5572682359779134,0.5820646447663842,123.50432779408047,65
21,decision_close_2024_9,history_qwen_scores_only|lambda=0.1|scaling=fixed,history_qwen_scores_only,0.1,fixed,0.5586080586080586,0.5357115333861613,108.57337349218895,65
21,decision_close_2024_9,history_qwen_scores_only|lambda=1|scaling=fixed,history_qwen_scores_only,1.0,fixed,0.22895622895622894,0.6345203822041435,102.91140039462925,65
21,decision_close_2024_9,history_qwen_missing_only|lambda=0.01|scaling=fixed,history_qwen_missing_only,0.01,fixed,0.5942265795206971,0.5472156759003947,120.30289310088385,65
21,decision_close_2024_9,history_qwen_missing_only|lambda=0.1|scaling=fixed,history_qwen_missing_only,0.1,fixed,0.5754721039273885,0.538856040460838,107.97115472490498,65
21,decision_close_2024_9,history_qwen_missing_only|lambda=1|scaling=fixed,history_qwen_missing_only,1.0,fixed,0.22895622895622894,0.6280469669613037,105.40888743864579,65
21,decision_close_2024_9,proxy_market|lambda=0.01|scaling=fixed,proxy_market,0.01,fixed,0.6208242105775312,0.5896301612875795,139.76237443139757,65
21,decision_close_2024_9,proxy_market|lambda=0.1|scaling=fixed,proxy_market,0.1,fixed,0.6642605338257512,0.5197271872854707,116.2494801881559,65
21,decision_close_2024_9,proxy_market|lambda=1|scaling=fixed,proxy_market,1.0,fixed,0.43314611830781774,0.6013867424032424,111.95596719195375,65
21,decision_close_2024_9,proxy_market_lsa|lambda=0.01|scaling=row_only,proxy_market_lsa,0.01,row_only,0.6326797385620915,0.5746205132284354,136.78952826317922,65
21,decision_close_2024_9,proxy_market_lsa|lambda=0.1|scaling=row_only,proxy_market_lsa,0.1,row_only,0.6493955682565603,0.5154021337220989,115.82072435225801,65
21,decision_close_2024_9,proxy_market_lsa|lambda=1|scaling=row_only,proxy_market_lsa,1.0,row_only,0.43314611830781774,0.5985912781132934,112.15690525550998,65
21,decision_close_2024_9,proxy_market_lsa|lambda=0.01|scaling=column_standardized,proxy_market_lsa,0.01,column_standardized,0.6843477837785238,0.5529802715438096,136.85646783144048,65
21,decision_close_2024_9,proxy_market_lsa|lambda=0.1|scaling=column_standardized,proxy_market_lsa,0.1,column_standardized,0.659291465378422,0.48997732366313207,112.85690735216987,65
21,decision_close_2024_9,proxy_market_lsa|lambda=1|scaling=column_standardized,proxy_market_lsa,1.0,column_standardized,0.513327859879584,0.5665553990002742,112.58558739936628,65
21,decision_close_2024_9,history_transformer|lambda=0.01|scaling=fixed,history_transformer,0.01,fixed,0.6296681774942644,0.5720384505709568,111.06971819306007,65
21,decision_close_2024_9,history_transformer|lambda=0.1|scaling=fixed,history_transformer,0.1,fixed,0.6134358485858792,0.5433472448980987,110.12146385879363,65
21,decision_close_2024_9,history_transformer|lambda=1|scaling=fixed,history_transformer,1.0,fixed,0.6134358485858792,0.5261129244000139,118.20418947641917,65
22,decision_close_2024_10,history|lambda=0.01|scaling=fixed,history,0.01,fixed,0.6011025859619211,0.5173465890182579,119.5352190848307,66
22,decision_close_2024_10,history|lambda=0.1|scaling=fixed,history,0.1,fixed,0.5478704302233713,0.5180450806104117,107.01673819623807,66
22,decision_close_2024_10,history|lambda=1|scaling=fixed,history,1.0,fixed,0.2809523809523809,0.625307297778804,102.53982898512432,66
22,decision_close_2024_10,history_tfidf|lambda=0.01|scaling=row_only,history_tfidf,0.01,row_only,0.6206140350877193,0.49006426212744403,112.69148291529982,66
22,decision_close_2024_10,history_tfidf|lambda=0.1|scaling=row_only,history_tfidf,0.1,row_only,0.5608228980322004,0.5048473584523109,105.61835084123224,66
22,decision_close_2024_10,history_tfidf|lambda=1|scaling=row_only,history_tfidf,1.0,row_only,0.2809523809523809,0.6205618963411521,102.70359133562128,66
22,decision_close_2024_10,history_tfidf|lambda=0.01|scaling=column_standardized,history_tfidf,0.01,column_standardized,0.6517286366601435,0.5607174118368613,94.7088082811733,66
22,decision_close_2024_10,history_tfidf|lambda=0.1|scaling=column_standardized,history_tfidf,0.1,column_standardized,0.6647753343405518,0.5237775751687799,94.72966136735214,66
22,decision_close_2024_10,history_tfidf|lambda=1|scaling=column_standardized,history_tfidf,1.0,column_standardized,0.6647753343405518,0.47726594311433507,94.82254115409276,66
22,decision_close_2024_10,history_lsa|lambda=0.01|scaling=row_only,history_lsa,0.01,row_only,0.6254654654654654,0.5195257122296244,123.40836795299359,66
22,decision_close_2024_10,history_lsa|lambda=0.1|scaling=row_only,history_lsa,0.1,row_only,0.5608228980322004,0.5053544406778111,107.71353863322854,66
22,decision_close_2024_10,history_lsa|lambda=1|scaling=row_only,history_lsa,1.0,row_only,0.2809523809523809,0.6196049874092944,103.22931408036823,66
22,decision_close_2024_10,history_lsa|lambda=0.01|scaling=column_standardized,history_lsa,0.01,column_standardized,0.6181840498327656,0.5620871403146345,130.83363158598377,66
22,decision_close_2024_10,history_lsa|lambda=0.1|scaling=column_standardized,history_lsa,0.1,column_standardized,0.6028558347872354,0.4948624934502731,115.0682486119022,66
22,decision_close_2024_10,history_lsa|lambda=1|scaling=column_standardized,history_lsa,1.0,column_standardized,0.38884588923288615,0.5725999249367981,107.98193227917012,66
22,decision_close_2024_10,history_qwen_all|lambda=0.01|scaling=fixed,history_qwen_all,0.01,fixed,0.5724759111855886,0.5946891363275446,121.44250592119569,66
22,decision_close_2024_10,history_qwen_all|lambda=0.1|scaling=fixed,history_qwen_all,0.1,fixed,0.5776014109347444,0.5464040145254963,107.06104874913142,66
22,decision_close_2024_10,history_qwen_all|lambda=1|scaling=fixed,history_qwen_all,1.0,fixed,0.23102310231023102,0.6230605606858337,103.09930623686975,66
22,decision_close_2024_10,history_qwen_inflation|lambda=0.01|scaling=fixed,history_qwen_inflation,0.01,fixed,0.631930111930112,0.5232665467194823,122.91947774614859,66
22,decision_close_2024_10,history_qwen_inflation|lambda=0.1|scaling=fixed,history_qwen_inflation,0.1,fixed,0.5776014109347444,0.5234769091878402,109.674459731365,66
22,decision_close_2024_10,history_qwen_inflation|lambda=1|scaling=fixed,history_qwen_inflation,1.0,fixed,0.23102310231023102,0.6223979670100294,104.42549112330603,66
22,decision_close_2024_10,history_qwen_demand|lambda=0.01|scaling=fixed,history_qwen_demand,0.01,fixed,0.5969793322734499,0.553175182138388,116.28775175391546,66
22,decision_close_2024_10,history_qwen_demand|lambda=0.1|scaling=fixed,history_qwen_demand,0.1,fixed,0.5776014109347444,0.5258975882158418,103.78216559583491,66
22,decision_close_2024_10,history_qwen_demand|lambda=1|scaling=fixed,history_qwen_demand,1.0,fixed,0.23102310231023102,0.6235820709538948,101.97129548122605,66
22,decision_close_2024_10,history_qwen_forward|lambda=0.01|scaling=fixed,history_qwen_forward,0.01,fixed,0.5670995670995671,0.5671317949258764,119.51740245375387,66
22,decision_close_2024_10,history_qwen_forward|lambda=0.1|scaling=fixed,history_qwen_forward,0.1,fixed,0.5434565434565435,0.5378465686734767,107.17036333661935,66
22,decision_close_2024_10,history_qwen_forward|lambda=1|scaling=fixed,history_qwen_forward,1.0,fixed,0.23102310231023102,0.6232725266251756,102.51465088198306,66
22,decision_close_2024_10,history_qwen_scores_only|lambda=0.01|scaling=fixed,history_qwen_scores_only,0.01,fixed,0.5601131861912846,0.5746125888231486,121.9530779666487,66
22,decision_close_2024_10,history_qwen_scores_only|lambda=0.1|scaling=fixed,history_qwen_scores_only,0.1,fixed,0.5608228980322004,0.5296544923723415,107.1586507939912,66
22,decision_close_2024_10,history_qwen_scores_only|lambda=1|scaling=fixed,history_qwen_scores_only,1.0,fixed,0.23102310231023102,0.6276077781175743,101.67127891281973,66
22,decision_close_2024_10,history_qwen_missing_only|lambda=0.01|scaling=fixed,history_qwen_missing_only,0.01,fixed,0.5969793322734499,0.5401842257488185,119.62697331227879,66
22,decision_close_2024_10,history_qwen_missing_only|lambda=0.1|scaling=fixed,history_qwen_missing_only,0.1,fixed,0.5776014109347444,0.5320408276870442,107.23471191728488,66
22,decision_close_2024_10,history_qwen_missing_only|lambda=1|scaling=fixed,history_qwen_missing_only,1.0,fixed,0.23102310231023102,0.6207604304455068,103.87996491566844,66
22,decision_close_2024_10,proxy_market|lambda=0.01|scaling=fixed,proxy_market,0.01,fixed,0.6243450678297319,0.5809270518891767,137.78448145163276,66
22,decision_close_2024_10,proxy_market|lambda=0.1|scaling=fixed,proxy_market,0.1,fixed,0.6669060364712539,0.5127253603756502,114.49737751304325,66
22,decision_close_2024_10,proxy_market|lambda=1|scaling=fixed,proxy_market,1.0,fixed,0.43607548282470887,0.5951175117503912,110.90560607835083,66
22,decision_close_2024_10,proxy_market_lsa|lambda=0.01|scaling=row_only,proxy_market_lsa,0.01,row_only,0.6359477124183006,0.566080588959172,134.861685280485,66
22,decision_close_2024_10,proxy_market_lsa|lambda=0.1|scaling=row_only,proxy_market_lsa,0.1,row_only,0.6520967065934308,0.5084376046875654,114.06877645831041,66
22,decision_close_2024_10,proxy_market_lsa|lambda=1|scaling=row_only,proxy_market_lsa,1.0,row_only,0.43607548282470887,0.5923182351813548,111.0969695644977,66
22,decision_close_2024_10,proxy_market_lsa|lambda=0.01|scaling=column_standardized,proxy_market_lsa,0.01,column_standardized,0.6872563180303416,0.5447195838772363,134.79297109987715,66
22,decision_close_2024_10,proxy_market_lsa|lambda=0.1|scaling=column_standardized,proxy_market_lsa,0.1,column_standardized,0.6621491914449661,0.48305516298495565,111.2196623084839,66
22,decision_close_2024_10,proxy_market_lsa|lambda=1|scaling=column_standardized,proxy_market_lsa,1.0,column_standardized,0.5161733883348686,0.5599958850474358,111.29693009593271,66
22,decision_close_2024_10,history_transformer|lambda=0.01|scaling=fixed,history_transformer,0.01,fixed,0.6325782304043174,0.5633908795590723,109.44009654436879,66
22,decision_close_2024_10,history_transformer|lambda=0.1|scaling=fixed,history_transformer,0.1,fixed,0.6163942381929278,0.5353859097331987,109.11669493803669,66
22,decision_close_2024_10,history_transformer|lambda=1|scaling=fixed,history_transformer,1.0,fixed,0.6163942381929278,0.5195178954918923,117.69017426244939,66
23,decision_close_2024_11,history|lambda=0.01|scaling=fixed,history,0.01,fixed,0.6037577086170437,0.510589139943164,118.50221760970042,67
23,decision_close_2024_11,history|lambda=0.1|scaling=fixed,history,0.1,fixed,0.5501242052966191,0.5119487611866345,105.99644324063924,67
23,decision_close_2024_11,history|lambda=1|scaling=fixed,history,1.0,fixed,0.2829131652661065,0.6184738655842326,101.19772903680993,67
23,decision_close_2024_11,history_tfidf|lambda=0.01|scaling=row_only,history_tfidf,0.01,row_only,0.6228632478632479,0.4832082643752869,111.50383462718176,67
23,decision_close_2024_11,history_tfidf|lambda=0.1|scaling=row_only,history_tfidf,0.1,row_only,0.5629370629370629,0.49869918570524663,104.5547696379928,67
23,decision_close_2024_11,history_tfidf|lambda=1|scaling=row_only,history_tfidf,1.0,row_only,0.2829131652661065,0.6137801486856925,101.36727337561406,67
23,decision_close_2024_11,history_tfidf|lambda=0.01|scaling=column_standardized,history_tfidf,0.01,column_standardized,0.6542857142857142,0.5523486753796311,93.64125240415655,67
23,decision_close_2024_11,history_tfidf|lambda=0.1|scaling=column_standardized,history_tfidf,0.1,column_standardized,0.6671461261850279,0.5159639463740489,93.65510556470015,67
23,decision_close_2024_11,history_tfidf|lambda=1|scaling=column_standardized,history_tfidf,1.0,column_standardized,0.6671461261850279,0.4702114696751569,93.66118795816102,67
23,decision_close_2024_11,history_lsa|lambda=0.01|scaling=row_only,history_lsa,0.01,row_only,0.6278362573099415,0.5122181070134042,122.23132084289912,67
23,decision_close_2024_11,history_lsa|lambda=0.1|scaling=row_only,history_lsa,0.1,row_only,0.5629370629370629,0.49911567113380595,106.64665746329035,67
23,decision_close_2024_11,history_lsa|lambda=1|scaling=row_only,history_lsa,1.0,row_only,0.2829131652661065,0.6128219708467242,101.88795429568614,67
23,decision_close_2024_11,history_lsa|lambda=0.01|scaling=column_standardized,history_lsa,0.01,column_standardized,0.6208851881696361,0.553837444853413,129.451449550884,67
23,decision_close_2024_11,history_lsa|lambda=0.1|scaling=column_standardized,history_lsa,0.1,column_standardized,0.6052520425280282,0.487981804160496,113.69438102046904,67
23,decision_close_2024_11,history_lsa|lambda=1|scaling=column_standardized,history_lsa,1.0,column_standardized,0.39083001621701313,0.5659091774590403,106.5146066037057,67
23,decision_close_2024_11,history_qwen_all|lambda=0.01|scaling=fixed,history_qwen_all,0.01,fixed,0.5749965972505785,0.5865126443623656,119.90254496809519,67
23,decision_close_2024_11,history_qwen_all|lambda=0.1|scaling=fixed,history_qwen_all,0.1,fixed,0.5796316804068743,0.5394180387568035,105.65580507314668,67
23,decision_close_2024_11,history_qwen_all|lambda=1|scaling=fixed,history_qwen_all,1.0,fixed,0.23300970873786409,0.6158537026552529,101.846860060257,67
23,decision_close_2024_11,history_qwen_inflation|lambda=0.01|scaling=fixed,history_qwen_inflation,0.01,fixed,0.634300903774588,0.5161544878004249,121.98673038874115,67
23,decision_close_2024_11,history_qwen_inflation|lambda=0.1|scaling=fixed,history_qwen_inflation,0.1,fixed,0.5796316804068743,0.5168900625445527,108.74006329203596,67
23,decision_close_2024_11,history_qwen_inflation|lambda=1|scaling=fixed,history_qwen_inflation,1.0,fixed,0.23300970873786409,0.6154180917644622,102.98225507550868,67
23,decision_close_2024_11,history_qwen_demand|lambda=0.01|scaling=fixed,history_qwen_demand,0.01,fixed,0.5995872033023736,0.5458983451683441,114.87717459901035,67
23,decision_close_2024_11,history_qwen_demand|lambda=0.1|scaling=fixed,history_qwen_demand,0.1,fixed,0.5796316804068743,0.5194476835728417,102.46599560382111,67
23,decision_close_2024_11,history_qwen_demand|lambda=1|scaling=fixed,history_qwen_demand,1.0,fixed,0.23300970873786409,0.6165846455319165,100.74199010884419,67
23,decision_close_2024_11,history_qwen_forward|lambda=0.01|scaling=fixed,history_qwen_forward,0.01,fixed,0.569620253164557,0.5594338997425509,118.59464381013086,67
23,decision_close_2024_11,history_qwen_forward|lambda=0.1|scaling=fixed,history_qwen_forward,0.1,fixed,0.5456713828806853,0.5309666488592613,106.21763417995155,67
23,decision_close_2024_11,history_qwen_forward|lambda=1|scaling=fixed,history_qwen_forward,1.0,fixed,0.23300970873786409,0.6162366270152672,101.16436546208776,67
23,decision_close_2024_11,history_qwen_scores_only|lambda=0.01|scaling=fixed,history_qwen_scores_only,0.01,fixed,0.5628122415219189,0.5669870510874976,120.30821456496355,67
23,decision_close_2024_11,history_qwen_scores_only|lambda=0.1|scaling=fixed,history_qwen_scores_only,0.1,fixed,0.5629370629370629,0.5234838072599155,105.66784307679592,67
23,decision_close_2024_11,history_qwen_scores_only|lambda=1|scaling=fixed,history_qwen_scores_only,1.0,fixed,0.23300970873786409,0.6207652067712106,100.49915056004546,67
23,decision_close_2024_11,history_qwen_missing_only|lambda=0.01|scaling=fixed,history_qwen_missing_only,0.01,fixed,0.5995872033023736,0.532984562340182,118.75004017069561,67
23,decision_close_2024_11,history_qwen_missing_only|lambda=0.1|scaling=fixed,history_qwen_missing_only,0.1,fixed,0.5796316804068743,0.525281150350782,106.34507819270569,67
23,decision_close_2024_11,history_qwen_missing_only|lambda=1|scaling=fixed,history_qwen_missing_only,1.0,fixed,0.23300970873786409,0.6135839607385651,102.43959568446459,67
23,decision_close_2024_11,proxy_market|lambda=0.01|scaling=fixed,proxy_market,0.01,fixed,0.627661817415138,0.572482259673903,135.77244863505604,67
23,decision_close_2024_11,proxy_market|lambda=0.1|scaling=fixed,proxy_market,0.1,fixed,0.6694085389737564,0.5058257745948945,112.83682664214983,67
23,decision_close_2024_11,proxy_market|lambda=1|scaling=fixed,proxy_market,1.0,fixed,0.4388701639155359,0.5887437260952955,109.84143847308343,67
23,decision_close_2024_11,proxy_market_lsa|lambda=0.01|scaling=row_only,proxy_market_lsa,0.01,row_only,0.6390289449112978,0.5577765714184788,133.0672663267246,67
23,decision_close_2024_11,proxy_market_lsa|lambda=0.1|scaling=row_only,proxy_market_lsa,0.1,row_only,0.6546537842190016,0.5015677869120273,112.40806664968304,67
23,decision_close_2024_11,proxy_market_lsa|lambda=1|scaling=row_only,proxy_market_lsa,1.0,row_only,0.4388701639155359,0.5859424057518482,110.01988236017027,67
23,decision_close_2024_11,proxy_market_lsa|lambda=0.01|scaling=column_standardized,proxy_market_lsa,0.01,column_standardized,0.6899962416008947,0.5366705687319081,132.80392028523417,67
23,decision_close_2024_11,proxy_market_lsa|lambda=0.1|scaling=column_standardized,proxy_market_lsa,0.1,column_standardized,0.6648503297818366,0.476236621715965,109.62880070705536,67
23,decision_close_2024_11,proxy_market_lsa|lambda=1|scaling=column_standardized,proxy_market_lsa,1.0,column_standardized,0.5188834154351395,0.5534214142624121,109.97567617227011,67
23,decision_close_2024_11,history_transformer|lambda=0.01|scaling=fixed,history_transformer,0.01,fixed,0.6353309831570702,0.555037387957836,110.42849217349422,67
23,decision_close_2024_11,history_transformer|lambda=0.1|scaling=fixed,history_transformer,0.1,fixed,0.619194847020934,0.5276389075649701,108.83352792848052,67
23,decision_close_2024_11,history_transformer|lambda=1|scaling=fixed,history_transformer,1.0,fixed,0.619194847020934,0.5127634372609462,116.83431537283295,67
24,decision_close_2024_12,history|lambda=0.01|scaling=fixed,history,0.01,fixed,0.5951584647236822,0.5249077714014077,119.51887486228696,68
24,decision_close_2024_12,history|lambda=0.1|scaling=fixed,history,0.1,fixed,0.5417267917267917,0.5240935095697712,107.36933374158451,68
24,decision_close_2024_12,history|lambda=1|scaling=fixed,history,1.0,fixed,0.2806287563569117,0.6265899146728322,103.43226291834635,68
24,decision_close_2024_12,history_tfidf|lambda=0.01|scaling=row_only,history_tfidf,0.01,row_only,0.6134126070834932,0.5004781029816534,112.99706892576951,68
24,decision_close_2024_12,history_tfidf|lambda=0.1|scaling=row_only,history_tfidf,0.1,row_only,0.55451518934665,0.5117699658672507,106.02829432565511,68
24,decision_close_2024_12,history_tfidf|lambda=1|scaling=row_only,history_tfidf,1.0,row_only,0.2806287563569117,0.6220241602456693,103.61010628149978,68
24,decision_close_2024_12,history_tfidf|lambda=0.01|scaling=column_standardized,history_tfidf,0.01,column_standardized,0.6442495126705653,0.5735732429897845,96.21614604851004,68
24,decision_close_2024_12,history_tfidf|lambda=0.1|scaling=column_standardized,history_tfidf,0.1,column_standardized,0.657078026643244,0.5374359827051511,96.24369644986419,68
24,decision_close_2024_12,history_tfidf|lambda=1|scaling=column_standardized,history_tfidf,1.0,column_standardized,0.657078026643244,0.491017332871996,96.31624646672016,68
24,decision_close_2024_12,history_lsa|lambda=0.01|scaling=row_only,history_lsa,0.01,row_only,0.6181105169340464,0.5287222377250723,123.15348607772269,68
24,decision_close_2024_12,history_lsa|lambda=0.1|scaling=row_only,history_lsa,0.1,row_only,0.55451518934665,0.5124041294492873,108.01654823778614,68
24,decision_close_2024_12,history_lsa|lambda=1|scaling=row_only,history_lsa,1.0,row_only,0.2806287563569117,0.621119149839131,104.11988228226565,68
24,decision_close_2024_12,history_lsa|lambda=0.01|scaling=column_standardized,history_lsa,0.01,column_standardized,0.610953810953811,0.5727193282392462,130.29137679463906,68
24,decision_close_2024_12,history_lsa|lambda=0.1|scaling=column_standardized,history_lsa,0.1,column_standardized,0.595620842572062,0.5050346118491164,114.99350727332691,68
24,decision_close_2024_12,history_lsa|lambda=1|scaling=column_standardized,history_lsa,1.0,column_standardized,0.38667062784709844,0.5763397699294687,108.59813497103805,68
24,decision_close_2024_12,history_qwen_all|lambda=0.01|scaling=fixed,history_qwen_all,0.01,fixed,0.5666666666666667,0.6003778811957626,121.24036177184973,68
24,decision_close_2024_12,history_qwen_all|lambda=0.1|scaling=fixed,history_qwen_all,0.1,fixed,0.5706075533661741,0.552818641207744,107.30999626875239,68
24,decision_close_2024_12,history_qwen_all|lambda=1|scaling=fixed,history_qwen_all,1.0,fixed,0.23076923076923075,0.6250445728297701,104.14234616426513,68
24,decision_close_2024_12,history_qwen_inflation|lambda=0.01|scaling=fixed,history_qwen_inflation,0.01,fixed,0.6251693404634581,0.5309940505438114,122.75509992976755,68
24,decision_close_2024_12,history_qwen_inflation|lambda=0.1|scaling=fixed,history_qwen_inflation,0.1,fixed,0.5706075533661741,0.5300219475583253,109.90932060003992,68
24,decision_close_2024_12,history_qwen_inflation|lambda=1|scaling=fixed,history_qwen_inflation,1.0,fixed,0.23076923076923075,0.6239649767124643,105.10933123348215,68
24,decision_close_2024_12,history_qwen_demand|lambda=0.01|scaling=fixed,history_qwen_demand,0.01,fixed,0.5909090909090909,0.5598852280797635,116.32841505997166,68
24,decision_close_2024_12,history_qwen_demand|lambda=0.1|scaling=fixed,history_qwen_demand,0.1,fixed,0.5706075533661741,0.5324824081706554,104.19630534655381,68
24,decision_close_2024_12,history_qwen_demand|lambda=1|scaling=fixed,history_qwen_demand,1.0,fixed,0.23076923076923075,0.6251968510877624,103.07187778914546,68
24,decision_close_2024_12,history_qwen_forward|lambda=0.01|scaling=fixed,history_qwen_forward,0.01,fixed,0.561319073083779,0.5737003781675231,119.52779378172532,68
24,decision_close_2024_12,history_qwen_forward|lambda=0.1|scaling=fixed,history_qwen_forward,0.1,fixed,0.5372111923836062,0.5444626268674706,107.53684314950189,68
24,decision_close_2024_12,history_qwen_forward|lambda=1|scaling=fixed,history_qwen_forward,1.0,fixed,0.23076923076923075,0.6249804513159706,103.3950222416743,68
24,decision_close_2024_12,history_qwen_scores_only|lambda=0.01|scaling=fixed,history_qwen_scores_only,0.01,fixed,0.5545147679324894,0.5800712504721833,121.72165611668639,68
24,decision_close_2024_12,history_qwen_scores_only|lambda=0.1|scaling=fixed,history_qwen_scores_only,0.1,fixed,0.55451518934665,0.5352113899115651,107.39407669600985,68
24,decision_close_2024_12,history_qwen_scores_only|lambda=1|scaling=fixed,history_qwen_scores_only,1.0,fixed,0.23076923076923075,0.6288967580573445,102.87006837215888,68
24,decision_close_2024_12,history_qwen_missing_only|lambda=0.01|scaling=fixed,history_qwen_missing_only,0.01,fixed,0.5909090909090909,0.5474160113416933,119.6371591176547,68
24,decision_close_2024_12,history_qwen_missing_only|lambda=0.1|scaling=fixed,history_qwen_missing_only,0.1,fixed,0.5706075533661741,0.5386901748134058,107.6027221240611,68
24,decision_close_2024_12,history_qwen_missing_only|lambda=1|scaling=fixed,history_qwen_missing_only,1.0,fixed,0.23076923076923075,0.6227081780404855,104.58403159605332,68
24,decision_close_2024_12,proxy_market|lambda=0.01|scaling=fixed,proxy_market,0.01,fixed,0.6172043010752688,0.5904876865554565,137.32888521870044,68
24,decision_close_2024_12,proxy_market|lambda=0.1|scaling=fixed,proxy_market,0.1,fixed,0.6595270785659801,0.5218430856529954,114.77465147308047,68
24,decision_close_2024_12,proxy_market|lambda=1|scaling=fixed,proxy_market,1.0,fixed,0.43232689875158115,0.5981417560792037,112.34490701745774,68
24,decision_close_2024_12,proxy_market_lsa|lambda=0.01|scaling=row_only,proxy_market_lsa,0.01,row_only,0.6285267158506596,0.5766076799284693,134.6823919159985,68
24,decision_close_2024_12,proxy_market_lsa|lambda=0.1|scaling=row_only,proxy_market_lsa,0.1,row_only,0.6449893829756531,0.5177822166068605,114.28254757536301,68
24,decision_close_2024_12,proxy_market_lsa|lambda=1|scaling=row_only,proxy_market_lsa,1.0,row_only,0.43232689875158115,0.5954847907670564,112.50590943493044,68
24,decision_close_2024_12,proxy_market_lsa|lambda=0.01|scaling=column_standardized,proxy_market_lsa,0.01,column_standardized,0.6792626728110599,0.5566170274425646,134.1739634154371,68
24,decision_close_2024_12,proxy_market_lsa|lambda=0.1|scaling=column_standardized,proxy_market_lsa,0.1,column_standardized,0.6551351351351352,0.49440203298489405,111.24251679068178,68
24,decision_close_2024_12,proxy_market_lsa|lambda=1|scaling=column_standardized,proxy_market_lsa,1.0,column_standardized,0.5116713352007469,0.5647899090425306,112.19902223077757,68
24,decision_close_2024_12,history_transformer|lambda=0.01|scaling=fixed,history_transformer,0.01,fixed,0.6269921179760997,0.5762544131341802,112.92229667551985,68
24,decision_close_2024_12,history_transformer|lambda=0.1|scaling=fixed,history_transformer,0.1,fixed,0.6111489063434145,0.5489134912154477,111.87669617657998,68
24,decision_close_2024_12,history_transformer|lambda=1|scaling=fixed,history_transformer,1.0,fixed,0.6111489063434145,0.5318417952872714,119.79211276776675,68
25,decision_close_2025_1,history|lambda=0.01|scaling=fixed,history,0.01,fixed,0.6028804724456899,0.5174967758365409,119.25809985745107,69
25,decision_close_2025_1,history|lambda=0.1|scaling=fixed,history,0.1,fixed,0.5337970394150169,0.5238678020603802,107.50502814601904,69
25,decision_close_2025_1,history|lambda=1|scaling=fixed,history,1.0,fixed,0.27838827838827834,0.6323742865935635,104.67667336789106,69
25,decision_close_2025_1,history_tfidf|lambda=0.01|scaling=row_only,history_tfidf,0.01,row_only,0.6209162145871007,0.4941557406224345,113.22904499523949,69
25,decision_close_2025_1,history_tfidf|lambda=0.1|scaling=row_only,history_tfidf,0.1,row_only,0.5465608465608466,0.5128318190022064,106.26726144007549,69
25,decision_close_2025_1,history_tfidf|lambda=1|scaling=row_only,history_tfidf,1.0,row_only,0.27838827838827834,0.6278944499252312,104.86159977498914,69
25,decision_close_2025_1,history_tfidf|lambda=0.01|scaling=column_standardized,history_tfidf,0.01,column_standardized,0.6346671346671346,0.587030171527844,96.10803502535184,69
25,decision_close_2025_1,history_tfidf|lambda=0.1|scaling=column_standardized,history_tfidf,0.1,column_standardized,0.6474635170287345,0.5485578917342889,96.20231111735801,69
25,decision_close_2025_1,history_tfidf|lambda=1|scaling=column_standardized,history_tfidf,1.0,column_standardized,0.6474635170287345,0.500580569885678,96.75176008785918,69
25,decision_close_2025_1,history_lsa|lambda=0.01|scaling=row_only,history_lsa,0.01,row_only,0.6246464646464647,0.5218707584477701,123.28458905064015,69
25,decision_close_2025_1,history_lsa|lambda=0.1|scaling=row_only,history_lsa,0.1,row_only,0.5465608465608466,0.514018633775243,108.23298751145292,69
25,decision_close_2025_1,history_lsa|lambda=1|scaling=row_only,history_lsa,1.0,row_only,0.27838827838827834,0.6270677023531978,105.36767881377699,69
25,decision_close_2025_1,history_lsa|lambda=0.01|scaling=column_standardized,history_lsa,0.01,column_standardized,0.6166166166166166,0.5656415780226334,130.62475538683805,69
25,decision_close_2025_1,history_lsa|lambda=0.1|scaling=column_standardized,history_lsa,0.1,column_standardized,0.5864670804429841,0.5112532832789227,115.38002428998004,69
25,decision_close_2025_1,history_lsa|lambda=1|scaling=column_standardized,history_lsa,1.0,column_standardized,0.38272642390289446,0.5841277578214591,109.79460723687882,69
25,decision_close_2025_1,history_qwen_all|lambda=0.01|scaling=fixed,history_qwen_all,0.01,fixed,0.5764705882352942,0.592068075857574,121.28367558455624,69
25,decision_close_2025_1,history_qwen_all|lambda=0.1|scaling=fixed,history_qwen_all,0.1,fixed,0.5620739413842862,0.554680192618759,107.72201280756096,69
25,decision_close_2025_1,history_qwen_all|lambda=1|scaling=fixed,history_qwen_all,1.0,fixed,0.22857142857142856,0.6318667920520085,105.45483508758414,69
25,decision_close_2025_1,history_qwen_inflation|lambda=0.01|scaling=fixed,history_qwen_inflation,0.01,fixed,0.6327946127946128,0.5235731779481608,122.32916701283453,69
25,decision_close_2025_1,history_qwen_inflation|lambda=0.1|scaling=fixed,history_qwen_inflation,0.1,fixed,0.5620739413842862,0.5308948458247033,109.89764117287933,69
25,decision_close_2025_1,history_qwen_inflation|lambda=1|scaling=fixed,history_qwen_inflation,1.0,fixed,0.22857142857142856,0.6301336295248193,106.25781727152439,69
25,decision_close_2025_1,history_qwen_demand|lambda=0.01|scaling=fixed,history_qwen_demand,0.01,fixed,0.5986310986310986,0.5519668773428843,116.41497621253538,69
25,decision_close_2025_1,history_qwen_demand|lambda=0.1|scaling=fixed,history_qwen_demand,0.1,fixed,0.5620739413842862,0.5334075108091664,104.63017510430208,69
25,decision_close_2025_1,history_qwen_demand|lambda=1|scaling=fixed,history_qwen_demand,1.0,fixed,0.22857142857142856,0.6314467300255817,104.39566780343921,69
25,decision_close_2025_1,history_qwen_forward|lambda=0.01|scaling=fixed,history_qwen_forward,0.01,fixed,0.57003367003367,0.5657202497875777,119.29725560564111,69
25,decision_close_2025_1,history_qwen_forward|lambda=0.1|scaling=fixed,history_qwen_forward,0.1,fixed,0.5292207792207793,0.5461271640790546,107.69982462309126,69
25,decision_close_2025_1,history_qwen_forward|lambda=1|scaling=fixed,history_qwen_forward,1.0,fixed,0.22857142857142856,0.6313980899329102,104.66107791389766,69
25,decision_close_2025_1,history_qwen_scores_only|lambda=0.01|scaling=fixed,history_qwen_scores_only,0.01,fixed,0.5643186895011169,0.5719749897267719,121.83530281441806,69
25,decision_close_2025_1,history_qwen_scores_only|lambda=0.1|scaling=fixed,history_qwen_scores_only,0.1,fixed,0.5465608465608466,0.5350569985976985,107.87671703364369,69
25,decision_close_2025_1,history_qwen_scores_only|lambda=1|scaling=fixed,history_qwen_scores_only,1.0,fixed,0.22857142857142856,0.6347291949100247,104.25894124658626,69
25,decision_close_2025_1,history_qwen_missing_only|lambda=0.01|scaling=fixed,history_qwen_missing_only,0.01,fixed,0.5986310986310986,0.5396786261493924,119.28984055460211,69
25,decision_close_2025_1,history_qwen_missing_only|lambda=0.1|scaling=fixed,history_qwen_missing_only,0.1,fixed,0.5620739413842862,0.5397951230609995,107.65403404698041,69
25,decision_close_2025_1,history_qwen_missing_only|lambda=1|scaling=fixed,history_qwen_missing_only,1.0,fixed,0.22857142857142856,0.6294228723022413,105.74622241526211,69
25,decision_close_2025_1,proxy_market|lambda=0.01|scaling=fixed,proxy_market,0.01,fixed,0.6218375057084735,0.5826368849624562,137.61303479644653,69
25,decision_close_2025_1,proxy_market|lambda=0.1|scaling=fixed,proxy_market,0.1,fixed,0.6500713880576581,0.5243205073710464,115.38244619777215,69
25,decision_close_2025_1,proxy_market|lambda=1|scaling=fixed,proxy_market,1.0,fixed,0.42611209672120376,0.6045862973647673,113.74275073844063,69
25,decision_close_2025_1,proxy_market_lsa|lambda=0.01|scaling=row_only,proxy_market_lsa,0.01,row_only,0.6331599204838642,0.5693421477625451,135.54451704539773,69
25,decision_close_2025_1,proxy_market_lsa|lambda=0.1|scaling=row_only,proxy_market_lsa,0.1,row_only,0.6357494526830911,0.5208592348155426,114.92216347017619,69
25,decision_close_2025_1,proxy_market_lsa|lambda=1|scaling=row_only,proxy_market_lsa,1.0,row_only,0.42611209672120376,0.6020626055609849,113.89870982713215,69
25,decision_close_2025_1,proxy_market_lsa|lambda=0.01|scaling=column_standardized,proxy_market_lsa,0.01,column_standardized,0.6838958774442645,0.5490050342773749,134.99242859479318,69
25,decision_close_2025_1,proxy_market_lsa|lambda=0.1|scaling=column_standardized,proxy_market_lsa,0.1,column_standardized,0.6458479532163742,0.4997930283829931,111.8324316990169,69
25,decision_close_2025_1,proxy_market_lsa|lambda=1|scaling=column_standardized,proxy_market_lsa,1.0,column_standardized,0.5048166803605664,0.5729633297972353,113.46447150767844,69
25,decision_close_2025_1,history_transformer|lambda=0.01|scaling=fixed,history_transformer,0.01,fixed,0.6190029141974223,0.5968851385831994,112.87255813263774,69
25,decision_close_2025_1,history_transformer|lambda=0.1|scaling=fixed,history_transformer,0.1,fixed,0.6034453723240909,0.5698158490391303,111.00246266350403,69
25,decision_close_2025_1,history_transformer|lambda=1|scaling=fixed,history_transformer,1.0,fixed,0.6034453723240909,0.5513774802262928,119.69359875048681,69
26,decision_close_2025_2,history|lambda=0.01|scaling=fixed,history,0.01,fixed,0.6098104793756968,0.5101140951399833,117.67796112681393,70
26,decision_close_2025_2,history|lambda=0.1|scaling=fixed,history,0.1,fixed,0.5464954521134296,0.5182003750801621,106.39932455052073,70
26,decision_close_2025_2,history|lambda=1|scaling=fixed,history,1.0,fixed,0.27619047619047615,0.6357926880020016,105.0189470689356,70
26,decision_close_2025_2,history_tfidf|lambda=0.01|scaling=row_only,history_tfidf,0.01,row_only,0.6276086212795073,0.4871559306038181,112.1531133389984,70
26,decision_close_2025_2,history_tfidf|lambda=0.1|scaling=row_only,history_tfidf,0.1,row_only,0.5592592592592592,0.5077555351221364,105.27687628796873,70
26,decision_close_2025_2,history_tfidf|lambda=1|scaling=row_only,history_tfidf,1.0,row_only,0.27619047619047615,0.6313076464315459,105.2137898875063,70
26,decision_close_2025_2,history_tfidf|lambda=0.01|scaling=column_standardized,history_tfidf,0.01,column_standardized,0.6397491397491398,0.5786485962943196,95.04693876384522,70
26,decision_close_2025_2,history_tfidf|lambda=0.1|scaling=column_standardized,history_tfidf,0.1,column_standardized,0.6525455221107395,0.5408141217520692,95.25007145590457,70
26,decision_close_2025_2,history_tfidf|lambda=1|scaling=column_standardized,history_tfidf,1.0,column_standardized,0.6525455221107395,0.4947667751275603,96.38893999082325,70
26,decision_close_2025_2,history_lsa|lambda=0.01|scaling=row_only,history_lsa,0.01,row_only,0.630494417862839,0.5144891434556668,122.56925915360695,70
26,decision_close_2025_2,history_lsa|lambda=0.1|scaling=row_only,history_lsa,0.1,row_only,0.5592592592592592,0.5092154518112832,107.29935525921425,70
26,decision_close_2025_2,history_lsa|lambda=1|scaling=row_only,history_lsa,1.0,row_only,0.27619047619047615,0.6305452295555367,105.72079651379158,70
26,decision_close_2025_2,history_lsa|lambda=0.01|scaling=column_standardized,history_lsa,0.01,column_standardized,0.6216986216986217,0.5576832406659868,130.48138593070502,70
26,decision_close_2025_2,history_lsa|lambda=0.1|scaling=column_standardized,history_lsa,0.1,column_standardized,0.5939706879465916,0.5081381207647647,115.00710689363667,70
26,decision_close_2025_2,history_lsa|lambda=1|scaling=column_standardized,history_lsa,1.0,column_standardized,0.3789731914367907,0.5884730381562748,110.2224067966604,70
26,decision_close_2025_2,history_qwen_all|lambda=0.01|scaling=fixed,history_qwen_all,0.01,fixed,0.5851851851851851,0.5836358293919178,120.03164684286897,70
26,decision_close_2025_2,history_qwen_all|lambda=0.1|scaling=fixed,history_qwen_all,0.1,fixed,0.5731974119070893,0.5498346728378788,106.90934270037019,70
26,decision_close_2025_2,history_qwen_all|lambda=1|scaling=fixed,history_qwen_all,1.0,fixed,0.22641509433962262,0.6362978039339369,105.8687553888207,70
26,decision_close_2025_2,history_qwen_inflation|lambda=0.01|scaling=fixed,history_qwen_inflation,0.01,fixed,0.6396172248803828,0.5161109421766854,120.68486419905645,70
26,decision_close_2025_2,history_qwen_inflation|lambda=0.1|scaling=fixed,history_qwen_inflation,0.1,fixed,0.5731974119070893,0.5257094579835874,108.72182876635681,70
26,decision_close_2025_2,history_qwen_inflation|lambda=1|scaling=fixed,history_qwen_inflation,1.0,fixed,0.22641509433962262,0.6339266041451683,106.52457884928917,70
26,decision_close_2025_2,history_qwen_demand|lambda=0.01|scaling=fixed,history_qwen_demand,0.01,fixed,0.6055611055611055,0.5440918210553112,115.08175215360397,70
26,decision_close_2025_2,history_qwen_demand|lambda=0.1|scaling=fixed,history_qwen_demand,0.1,fixed,0.5731974119070893,0.5281011934826105,103.7463424752135,70
26,decision_close_2025_2,history_qwen_demand|lambda=1|scaling=fixed,history_qwen_demand,1.0,fixed,0.22641509433962262,0.6353057859252997,104.79813510603385,70
26,decision_close_2025_2,history_qwen_forward|lambda=0.01|scaling=fixed,history_qwen_forward,0.01,fixed,0.5778309409888357,0.5576551333243395,117.72500217275031,70
26,decision_close_2025_2,history_qwen_forward|lambda=0.1|scaling=fixed,history_qwen_forward,0.1,fixed,0.541919191919192,0.5411378624857925,106.60045455566956,70
26,decision_close_2025_2,history_qwen_forward|lambda=1|scaling=fixed,history_qwen_forward,1.0,fixed,0.22641509433962262,0.6354424219702695,105.02397917314991,70
26,decision_close_2025_2,history_qwen_scores_only|lambda=0.01|scaling=fixed,history_qwen_scores_only,0.01,fixed,0.5730332864510079,0.5638233525039968,120.66454602293709,70
26,decision_close_2025_2,history_qwen_scores_only|lambda=0.1|scaling=fixed,history_qwen_scores_only,0.1,fixed,0.5592592592592592,0.5295099792125368,107.14554368748253,70
26,decision_close_2025_2,history_qwen_scores_only|lambda=1|scaling=fixed,history_qwen_scores_only,1.0,fixed,0.22641509433962262,0.6382292032896171,104.75406270950549,70
26,decision_close_2025_2,history_qwen_missing_only|lambda=0.01|scaling=fixed,history_qwen_missing_only,0.01,fixed,0.6055611055611055,0.5319787795081551,117.60527690472003,70
26,decision_close_2025_2,history_qwen_missing_only|lambda=0.1|scaling=fixed,history_qwen_missing_only,0.1,fixed,0.5731974119070893,0.5345030142103311,106.4486619628429,70
26,decision_close_2025_2,history_qwen_missing_only|lambda=1|scaling=fixed,history_qwen_missing_only,1.0,fixed,0.22641509433962262,0.6337154504060983,106.00287398808827,70
26,decision_close_2025_2,proxy_market|lambda=0.01|scaling=fixed,proxy_market,0.01,fixed,0.6259955098664777,0.5743427257356887,136.37182808898203,70
26,decision_close_2025_2,proxy_market|lambda=0.1|scaling=fixed,proxy_market,0.1,fixed,0.6546575877658091,0.5193156835251573,114.58467088138208,70
26,decision_close_2025_2,proxy_market|lambda=1|scaling=fixed,proxy_market,1.0,fixed,0.4201974470225743,0.6078476120003093,114.13408663017546,70
26,decision_close_2025_2,proxy_market_lsa|lambda=0.01|scaling=row_only,proxy_market_lsa,0.01,row_only,0.6373179246418683,0.5612701977537907,135.3632857268126,70
26,decision_close_2025_2,proxy_market_lsa|lambda=0.1|scaling=row_only,proxy_market_lsa,0.1,row_only,0.6410126105778279,0.5160975394322997,114.28351706250855,70
26,decision_close_2025_2,proxy_market_lsa|lambda=1|scaling=row_only,proxy_market_lsa,1.0,row_only,0.4201974470225743,0.6053798918932976,114.296373876322,70
26,decision_close_2025_2,proxy_market_lsa|lambda=0.01|scaling=column_standardized,proxy_market_lsa,0.01,column_standardized,0.6880538816022687,0.541188177096639,134.91801453308943,70
26,decision_close_2025_2,proxy_market_lsa|lambda=0.1|scaling=column_standardized,proxy_market_lsa,0.1,column_standardized,0.6511111111111111,0.49568479790890935,111.48835845125573,70
26,decision_close_2025_2,proxy_market_lsa|lambda=1|scaling=column_standardized,proxy_market_lsa,1.0,column_standardized,0.4982895457033389,0.5771162189752677,113.88206301162082,70
26,decision_close_2025_2,history_transformer|lambda=0.01|scaling=fixed,history_transformer,0.01,fixed,0.6260906773827464,0.5905098206034133,113.79052959726143,70
26,decision_close_2025_2,history_transformer|lambda=0.1|scaling=fixed,history_transformer,0.1,fixed,0.6113401091661962,0.5670042326415838,111.20833137330176,70
26,decision_close_2025_2,history_transformer|lambda=1|scaling=fixed,history_transformer,1.0,fixed,0.5960609438870308,0.5565929944376146,120.81126916717322,70
27,decision_close_2025_3,history|lambda=0.01|scaling=fixed,history,0.01,fixed,0.6017611447440836,0.5305360628818975,120.11832434691458,71
27,decision_close_2025_3,history|lambda=0.1|scaling=fixed,history,0.1,fixed,0.5388974227683905,0.5289158486966112,108.71965896882818,71
27,decision_close_2025_3,history|lambda=1|scaling=fixed,history,1.0,fixed,0.27814864263462397,0.6307729007545598,105.80745516063664,71
27,decision_close_2025_3,history_tfidf|lambda=0.01|scaling=row_only,history_tfidf,0.01,row_only,0.618859649122807,0.5069783070614474,114.25688996703306,71
27,decision_close_2025_3,history_tfidf|lambda=0.1|scaling=row_only,history_tfidf,0.1,row_only,0.5516365355075032,0.5177327485892034,107.51629914358057,71
27,decision_close_2025_3,history_tfidf|lambda=1|scaling=row_only,history_tfidf,1.0,row_only,0.27814864263462397,0.6264126000827294,105.98843212406247,71
27,decision_close_2025_3,history_tfidf|lambda=0.01|scaling=column_standardized,history_tfidf,0.01,column_standardized,0.6307692307692307,0.598329141151744,96.14968718115917,71
27,decision_close_2025_3,history_tfidf|lambda=0.1|scaling=column_standardized,history_tfidf,0.1,column_standardized,0.6435332966428179,0.5597415035501919,96.31745480932408,71
27,decision_close_2025_3,history_tfidf|lambda=1|scaling=column_standardized,history_tfidf,1.0,column_standardized,0.6435332966428179,0.5087466295665249,97.20673636013382,71
27,decision_close_2025_3,history_lsa|lambda=0.01|scaling=row_only,history_lsa,0.01,row_only,0.6215384615384615,0.5338156422452737,124.26483506629059,71
27,decision_close_2025_3,history_lsa|lambda=0.1|scaling=row_only,history_lsa,0.1,row_only,0.5516365355075032,0.5185606471792714,109.4915260193785,71
27,decision_close_2025_3,history_lsa|lambda=1|scaling=row_only,history_lsa,1.0,row_only,0.27814864263462397,0.6256301885978083,106.48931753923752,71
27,decision_close_2025_3,history_lsa|lambda=0.01|scaling=column_standardized,history_lsa,0.01,column_standardized,0.6125925925925926,0.5757285234070801,131.37800494175502,71
27,decision_close_2025_3,history_lsa|lambda=0.1|scaling=column_standardized,history_lsa,0.1,column_standardized,0.5853775853775854,0.5146264112794703,116.60572243948008,71
27,decision_close_2025_3,history_lsa|lambda=1|scaling=column_standardized,history_lsa,1.0,column_standardized,0.38095979786442385,0.5841240092568702,110.87224573607033,71
27,decision_close_2025_3,history_qwen_all|lambda=0.01|scaling=fixed,history_qwen_all,0.01,fixed,0.5772995217439661,0.6028951340181027,122.2911404101389,71
27,decision_close_2025_3,history_qwen_all|lambda=0.1|scaling=fixed,history_qwen_all,0.1,fixed,0.5650971999286606,0.558489806289199,109.09699372886254,71
27,decision_close_2025_3,history_qwen_all|lambda=1|scaling=fixed,history_qwen_all,1.0,fixed,0.22839506172839508,0.6308010405530116,106.60724459840286,71
27,decision_close_2025_3,history_qwen_inflation|lambda=0.01|scaling=fixed,history_qwen_inflation,0.01,fixed,0.6311111111111112,0.5363786497325517,123.26501366792671,71
27,decision_close_2025_3,history_qwen_inflation|lambda=0.1|scaling=fixed,history_qwen_inflation,0.1,fixed,0.5650971999286606,0.5356627816645202,111.15593594866502,71
27,decision_close_2025_3,history_qwen_inflation|lambda=1|scaling=fixed,history_qwen_inflation,1.0,fixed,0.22839506172839508,0.6287781550878067,107.36677861444747,71
27,decision_close_2025_3,history_qwen_demand|lambda=0.01|scaling=fixed,history_qwen_demand,0.01,fixed,0.5974358974358974,0.5640548079654469,117.36053104439605,71
27,decision_close_2025_3,history_qwen_demand|lambda=0.1|scaling=fixed,history_qwen_demand,0.1,fixed,0.5650971999286606,0.5377727626818346,105.951681542403,71
27,decision_close_2025_3,history_qwen_demand|lambda=1|scaling=fixed,history_qwen_demand,1.0,fixed,0.22839506172839508,0.6300816392852235,105.5536017547568,71
27,decision_close_2025_3,history_qwen_forward|lambda=0.01|scaling=fixed,history_qwen_forward,0.01,fixed,0.5700020144464589,0.5772973160411623,120.17410472581115,71
27,decision_close_2025_3,history_qwen_forward|lambda=0.1|scaling=fixed,history_qwen_forward,0.1,fixed,0.534262523751469,0.5496863650806546,108.90122849532298,71
27,decision_close_2025_3,history_qwen_forward|lambda=1|scaling=fixed,history_qwen_forward,1.0,fixed,0.22839506172839508,0.6301170223530183,105.78525489355228,71
27,decision_close_2025_3,history_qwen_scores_only|lambda=0.01|scaling=fixed,history_qwen_scores_only,0.01,fixed,0.5651801801801802,0.5834408780651589,122.82476404354364,71
27,decision_close_2025_3,history_qwen_scores_only|lambda=0.1|scaling=fixed,history_qwen_scores_only,0.1,fixed,0.5516365355075032,0.5401235394383826,109.25060478726424,71
27,decision_close_2025_3,history_qwen_scores_only|lambda=1|scaling=fixed,history_qwen_scores_only,1.0,fixed,0.22839506172839508,0.6331493679476299,105.44653582022842,71
27,decision_close_2025_3,history_qwen_missing_only|lambda=0.01|scaling=fixed,history_qwen_missing_only,0.01,fixed,0.5974358974358974,0.5521018844459568,120.1410099874582,71
27,decision_close_2025_3,history_qwen_missing_only|lambda=0.1|scaling=fixed,history_qwen_missing_only,0.1,fixed,0.5650971999286606,0.5437976330126827,108.85048303587223,71
27,decision_close_2025_3,history_qwen_missing_only|lambda=1|scaling=fixed,history_qwen_missing_only,1.0,fixed,0.22839506172839508,0.6283093671279325,106.84152387070266,71
27,decision_close_2025_3,proxy_market|lambda=0.01|scaling=fixed,proxy_market,0.01,fixed,0.6165000757231561,0.5911270914756005,136.03454477742903,71
27,decision_close_2025_3,proxy_market|lambda=0.1|scaling=fixed,proxy_market,0.1,fixed,0.6457745153397328,0.5268031039078304,115.32885741683954,71
27,decision_close_2025_3,proxy_market|lambda=1|scaling=fixed,proxy_market,1.0,fixed,0.42293496715139883,0.6038147003395289,114.41291132491149,71
27,decision_close_2025_3,proxy_market_lsa|lambda=0.01|scaling=row_only,proxy_market_lsa,0.01,row_only,0.6277777777777778,0.5762670798158204,134.4462437421075,71
27,decision_close_2025_3,proxy_market_lsa|lambda=0.1|scaling=row_only,proxy_market_lsa,0.1,row_only,0.6323245506702558,0.5228547383712053,114.99706730514819,71
27,decision_close_2025_3,proxy_market_lsa|lambda=1|scaling=row_only,proxy_market_lsa,1.0,row_only,0.42293496715139883,0.6013648742907406,114.57470884079372,71
27,decision_close_2025_3,proxy_market_lsa|lambda=0.01|scaling=column_standardized,proxy_market_lsa,0.01,column_standardized,0.6782901711343329,0.5574576030514872,134.14168260835677,71
27,decision_close_2025_3,proxy_market_lsa|lambda=0.1|scaling=column_standardized,proxy_market_lsa,0.1,column_standardized,0.6423791185280274,0.5011952942001988,112.23689418338475,71
27,decision_close_2025_3,proxy_market_lsa|lambda=1|scaling=column_standardized,proxy_market_lsa,1.0,column_standardized,0.5009586231496344,0.573188691433571,114.23657673090072,71
27,decision_close_2025_3,history_transformer|lambda=0.01|scaling=fixed,history_transformer,0.01,fixed,0.6184829663090533,0.609714889798832,117.55246044300651,71
27,decision_close_2025_3,history_transformer|lambda=0.1|scaling=fixed,history_transformer,0.1,fixed,0.6039825615647461,0.5827456468663982,113.82695871773618,71
27,decision_close_2025_3,history_transformer|lambda=1|scaling=fixed,history_transformer,1.0,fixed,0.5889745000917262,0.5596044038715873,121.79851128529072,71
28,decision_close_2025_4,history|lambda=0.01|scaling=fixed,history,0.01,fixed,0.5896367191520017,0.5436282115019291,124.96905453632166,72
28,decision_close_2025_4,history|lambda=0.1|scaling=fixed,history,0.1,fixed,0.5269781144781145,0.5405207630221889,113.65212249935156,72
28,decision_close_2025_4,history|lambda=1|scaling=fixed,history,1.0,fixed,0.27283950617283953,0.6392551973998026,110.03984369900807,72
28,decision_close_2025_4,history_tfidf|lambda=0.01|scaling=row_only,history_tfidf,0.01,row_only,0.6092094433614901,0.5203389660878552,119.42401740763889,72
28,decision_close_2025_4,history_tfidf|lambda=0.1|scaling=row_only,history_tfidf,0.1,row_only,0.5411518511097754,0.5293571135738163,112.47809074451317,72
28,decision_close_2025_4,history_tfidf|lambda=1|scaling=row_only,history_tfidf,1.0,row_only,0.27283950617283953,0.6349707797810902,110.20470965143227,72
28,decision_close_2025_4,history_tfidf|lambda=0.01|scaling=column_standardized,history_tfidf,0.01,column_standardized,0.6211814345991561,0.6168509879913842,99.97072477992452,72
28,decision_close_2025_4,history_tfidf|lambda=0.1|scaling=column_standardized,history_tfidf,0.1,column_standardized,0.6333333333333333,0.5772609363255262,100.13400347586365,72
28,decision_close_2025_4,history_tfidf|lambda=1|scaling=column_standardized,history_tfidf,1.0,column_standardized,0.6333333333333333,0.5238124662587416,100.95642484878614,72
28,decision_close_2025_4,history_lsa|lambda=0.01|scaling=row_only,history_lsa,0.01,row_only,0.6123552958995998,0.5473063192025912,129.9391741041516,72
28,decision_close_2025_4,history_lsa|lambda=0.1|scaling=row_only,history_lsa,0.1,row_only,0.5411518511097754,0.5302910352166986,114.49179126396871,72
28,decision_close_2025_4,history_lsa|lambda=1|scaling=row_only,history_lsa,1.0,row_only,0.27283950617283953,0.6342775382843873,110.71241438269193,72
28,decision_close_2025_4,history_lsa|lambda=0.01|scaling=column_standardized,history_lsa,0.01,column_standardized,0.6042606516290727,0.5851670652352572,138.78729729374137,72
28,decision_close_2025_4,history_lsa|lambda=0.1|scaling=column_standardized,history_lsa,0.1,column_standardized,0.5760822203277446,0.5277578390878789,122.19338638990854,72
28,decision_close_2025_4,history_lsa|lambda=1|scaling=column_standardized,history_lsa,1.0,column_standardized,0.3721833721833722,0.5952081511238537,115.23002411415253,72
28,decision_close_2025_4,history_qwen_all|lambda=0.01|scaling=fixed,history_qwen_all,0.01,fixed,0.5678224566029444,0.6159794321035448,126.27797876194902,72
28,decision_close_2025_4,history_qwen_all|lambda=0.1|scaling=fixed,history_qwen_all,0.1,fixed,0.5552188552188553,0.5708999006387074,113.37655989856246,72
28,decision_close_2025_4,history_qwen_all|lambda=1|scaling=fixed,history_qwen_all,1.0,fixed,0.22629969418960247,0.6403085092777195,110.73943489848075,72
28,decision_close_2025_4,history_qwen_inflation|lambda=0.01|scaling=fixed,history_qwen_inflation,0.01,fixed,0.6209023044466083,0.5502308095314054,127.42596641708971,72
28,decision_close_2025_4,history_qwen_inflation|lambda=0.1|scaling=fixed,history_qwen_inflation,0.1,fixed,0.5552188552188553,0.5473271441996052,115.48229810093329,72
28,decision_close_2025_4,history_qwen_inflation|lambda=1|scaling=fixed,history_qwen_inflation,1.0,fixed,0.22629969418960247,0.6376550497806114,111.32623249111147,72
28,decision_close_2025_4,history_qwen_demand|lambda=0.01|scaling=fixed,history_qwen_demand,0.01,fixed,0.5858911819887429,0.5762079895057304,122.05816144762058,72
28,decision_close_2025_4,history_qwen_demand|lambda=0.1|scaling=fixed,history_qwen_demand,0.1,fixed,0.5552188552188553,0.5489805560821909,110.77213564041485,72
28,decision_close_2025_4,history_qwen_demand|lambda=1|scaling=fixed,history_qwen_demand,1.0,fixed,0.22629969418960247,0.6387238763370622,109.74168864030068,72
28,decision_close_2025_4,history_qwen_forward|lambda=0.01|scaling=fixed,history_qwen_forward,0.01,fixed,0.5587135444623367,0.5910225173504559,125.7030632468239,72
28,decision_close_2025_4,history_qwen_forward|lambda=0.1|scaling=fixed,history_qwen_forward,0.1,fixed,0.5229706073929327,0.5625763939425583,114.43201753934356,72
28,decision_close_2025_4,history_qwen_forward|lambda=1|scaling=fixed,history_qwen_forward,1.0,fixed,0.22629969418960247,0.6393776419377585,110.38979313722724,72
28,decision_close_2025_4,history_qwen_scores_only|lambda=0.01|scaling=fixed,history_qwen_scores_only,0.01,fixed,0.5562485562485563,0.5964437438382432,126.77307311329706,72
28,decision_close_2025_4,history_qwen_scores_only|lambda=0.1|scaling=fixed,history_qwen_scores_only,0.1,fixed,0.5411518511097754,0.5527185561091905,113.50175681616906,72
28,decision_close_2025_4,history_qwen_scores_only|lambda=1|scaling=fixed,history_qwen_scores_only,1.0,fixed,0.22629969418960247,0.6423190300469764,109.56077841250688,72
28,decision_close_2025_4,history_qwen_missing_only|lambda=0.01|scaling=fixed,history_qwen_missing_only,0.01,fixed,0.5858911819887429,0.5646828828528377,125.11634130337546,72
28,decision_close_2025_4,history_qwen_missing_only|lambda=0.1|scaling=fixed,history_qwen_missing_only,0.1,fixed,0.5552188552188553,0.5551809369211562,113.89039096585257,72
28,decision_close_2025_4,history_qwen_missing_only|lambda=1|scaling=fixed,history_qwen_missing_only,1.0,fixed,0.22629969418960247,0.637258750320247,111.13591013225853,72
28,decision_close_2025_4,proxy_market|lambda=0.01|scaling=fixed,proxy_market,0.01,fixed,0.6087962962962963,0.6050492263899798,139.0744813226602,72
28,decision_close_2025_4,proxy_market|lambda=0.1|scaling=fixed,proxy_market,0.1,fixed,0.6355311355311355,0.5386135351916275,119.0984778583301,72
28,decision_close_2025_4,proxy_market|lambda=1|scaling=fixed,proxy_market,1.0,fixed,0.4154121863799283,0.6118974048253675,118.197753642251,72
28,decision_close_2025_4,proxy_market_lsa|lambda=0.01|scaling=row_only,proxy_market_lsa,0.01,row_only,0.6197157166003829,0.5907454128471036,137.1343931050525,72
28,decision_close_2025_4,proxy_market_lsa|lambda=0.1|scaling=row_only,proxy_market_lsa,0.1,row_only,0.6221570443552537,0.534854650440679,118.65616194624505,72
28,decision_close_2025_4,proxy_market_lsa|lambda=1|scaling=row_only,proxy_market_lsa,1.0,row_only,0.4154121863799283,0.6095636680046419,118.3481077445823,72
28,decision_close_2025_4,proxy_market_lsa|lambda=0.01|scaling=column_standardized,proxy_market_lsa,0.01,column_standardized,0.6867619860577606,0.5562228722043834,139.072142449574,72
28,decision_close_2025_4,proxy_market_lsa|lambda=0.1|scaling=column_standardized,proxy_market_lsa,0.1,column_standardized,0.6322376810181688,0.513174721848593,116.72875205519924,72
28,decision_close_2025_4,proxy_market_lsa|lambda=1|scaling=column_standardized,proxy_market_lsa,1.0,column_standardized,0.49132996632996634,0.5834036267408769,118.21354600310418,72
28,decision_close_2025_4,history_transformer|lambda=0.01|scaling=fixed,history_transformer,0.01,fixed,0.6071428571428572,0.6290105230628504,128.76825109154964,72
28,decision_close_2025_4,history_transformer|lambda=0.1|scaling=fixed,history_transformer,0.1,fixed,0.5927155157627526,0.6016970512998765,122.38044559587257,72
28,decision_close_2025_4,history_transformer|lambda=1|scaling=fixed,history_transformer,1.0,fixed,0.5777777777777778,0.5722230285765473,126.73834000308992,72
29,decision_close_2025_5,history|lambda=0.01|scaling=fixed,history,0.01,fixed,0.5922412927832982,0.5379806782680918,124.76510299382144,73
29,decision_close_2025_5,history|lambda=0.1|scaling=fixed,history,0.1,fixed,0.5292325428194994,0.535669764041914,113.30427905201545,73
29,decision_close_2025_5,history|lambda=1|scaling=fixed,history,1.0,fixed,0.27474747474747474,0.6333504774624237,109.57648786912291,73
29,decision_close_2025_5,history_tfidf|lambda=0.01|scaling=row_only,history_tfidf,0.01,row_only,0.6114901712111603,0.5145992510752334,118.59071627148782,73
29,decision_close_2025_5,history_tfidf|lambda=0.1|scaling=row_only,history_tfidf,0.1,row_only,0.5433103463302502,0.5245919780106135,112.05451693581514,73
29,decision_close_2025_5,history_tfidf|lambda=1|scaling=row_only,history_tfidf,1.0,row_only,0.27474747474747474,0.6291420915922794,109.72326605880582,73
29,decision_close_2025_5,history_tfidf|lambda=0.01|scaling=column_standardized,history_tfidf,0.01,column_standardized,0.6237860082304526,0.6087644374092552,99.09374107376068,73
29,decision_close_2025_5,history_tfidf|lambda=0.1|scaling=column_standardized,history_tfidf,0.1,column_standardized,0.6357723577235772,0.5704982750992063,99.24961033745373,73
29,decision_close_2025_5,history_tfidf|lambda=1|scaling=column_standardized,history_tfidf,1.0,column_standardized,0.6357723577235772,0.5194998761660865,100.02995801116728,73
29,decision_close_2025_5,history_lsa|lambda=0.01|scaling=row_only,history_lsa,0.01,row_only,0.6147515036403925,0.5408427687834625,128.8707135907791,73
29,decision_close_2025_5,history_lsa|lambda=0.1|scaling=row_only,history_lsa,0.1,row_only,0.5433103463302502,0.5253321290101997,113.9814202681845,73
29,decision_close_2025_5,history_lsa|lambda=1|scaling=row_only,history_lsa,1.0,row_only,0.27474747474747474,0.6284407698346024,110.21425914973865,73
29,decision_close_2025_5,history_lsa|lambda=0.01|scaling=column_standardized,history_lsa,0.01,column_standardized,0.6069597069597069,0.5773131305407878,137.2060552228412,73
29,decision_close_2025_5,history_lsa|lambda=0.1|scaling=column_standardized,history_lsa,0.1,column_standardized,0.5785162974068522,0.521497879251044,120.89774783734994,73
29,decision_close_2025_5,history_lsa|lambda=1|scaling=column_standardized,history_lsa,1.0,column_standardized,0.37411854392986466,0.5893537684036333,114.24969039449981,73
29,decision_close_2025_5,history_qwen_all|lambda=0.01|scaling=fixed,history_qwen_all,0.01,fixed,0.5703389103389104,0.6077741389040812,124.69585618590291,73
29,decision_close_2025_5,history_qwen_all|lambda=0.1|scaling=fixed,history_qwen_all,0.1,fixed,0.5573122529644269,0.5641804833885132,111.84266066941889,73
29,decision_close_2025_5,history_qwen_all|lambda=1|scaling=fixed,history_qwen_all,1.0,fixed,0.22822822822822822,0.6338513973826927,109.60788534575654,73
29,decision_close_2025_5,history_qwen_inflation|lambda=0.01|scaling=fixed,history_qwen_inflation,0.01,fixed,0.6232985121874011,0.5440394919529696,126.90650786990588,73
29,decision_close_2025_5,history_qwen_inflation|lambda=0.1|scaling=fixed,history_qwen_inflation,0.1,fixed,0.5573122529644269,0.5420079068991108,114.90668259754595,73
29,decision_close_2025_5,history_qwen_inflation|lambda=1|scaling=fixed,history_qwen_inflation,1.0,fixed,0.22822822822822822,0.6315986379453405,110.74913025530672,73
29,decision_close_2025_5,history_qwen_demand|lambda=0.01|scaling=fixed,history_qwen_demand,0.01,fixed,0.5884552845528455,0.5686501468664075,120.84998357062285,73
29,decision_close_2025_5,history_qwen_demand|lambda=0.1|scaling=fixed,history_qwen_demand,0.1,fixed,0.5573122529644269,0.5426308075465778,109.46749956467869,73
29,decision_close_2025_5,history_qwen_demand|lambda=1|scaling=fixed,history_qwen_demand,1.0,fixed,0.22822822822822822,0.6324394482260468,108.70614662259953,73
29,decision_close_2025_5,history_qwen_forward|lambda=0.01|scaling=fixed,history_qwen_forward,0.01,fixed,0.5611925964728479,0.5847797820791182,125.40044664129137,73
29,decision_close_2025_5,history_qwen_forward|lambda=0.1|scaling=fixed,history_qwen_forward,0.1,fixed,0.5251931039974519,0.5571124204440625,113.99980585542961,73
29,decision_close_2025_5,history_qwen_forward|lambda=1|scaling=fixed,history_qwen_forward,1.0,fixed,0.22822822822822822,0.6332762492079315,109.88525091377332,73
29,decision_close_2025_5,history_qwen_scores_only|lambda=0.01|scaling=fixed,history_qwen_scores_only,0.01,fixed,0.5589259324199083,0.5884964749354147,125.24832021388511,73
29,decision_close_2025_5,history_qwen_scores_only|lambda=0.1|scaling=fixed,history_qwen_scores_only,0.1,fixed,0.5433103463302502,0.5463539700752423,111.98585926964768,73
29,decision_close_2025_5,history_qwen_scores_only|lambda=1|scaling=fixed,history_qwen_scores_only,1.0,fixed,0.22822822822822822,0.6361363384627169,108.49818478516501,73
29,decision_close_2025_5,history_qwen_missing_only|lambda=0.01|scaling=fixed,history_qwen_missing_only,0.01,fixed,0.5884552845528455,0.5588094851021658,124.82909343562172,73
29,decision_close_2025_5,history_qwen_missing_only|lambda=0.1|scaling=fixed,history_qwen_missing_only,0.1,fixed,0.5573122529644269,0.5498211715552843,113.46066515241434,73
29,decision_close_2025_5,history_qwen_missing_only|lambda=1|scaling=fixed,history_qwen_missing_only,1.0,fixed,0.22822822822822822,0.6310208100274148,110.58634126979031,73
29,decision_close_2025_5,proxy_market|lambda=0.01|scaling=fixed,proxy_market,0.01,fixed,0.601459803514598,0.6040384586425288,139.83501149277632,73
29,decision_close_2025_5,proxy_market|lambda=0.1|scaling=fixed,proxy_market,0.1,fixed,0.638095238095238,0.5349098334573402,119.5118610940398,73
29,decision_close_2025_5,proxy_market|lambda=1|scaling=fixed,proxy_market,1.0,fixed,0.4180531975099038,0.606955229832495,117.8683057173193,73
29,decision_close_2025_5,proxy_market_lsa|lambda=0.01|scaling=row_only,proxy_market_lsa,0.01,row_only,0.6227598566308243,0.5862520781157666,137.38717908224393,73
29,decision_close_2025_5,proxy_market_lsa|lambda=0.1|scaling=row_only,proxy_market_lsa,0.1,row_only,0.6247616179865503,0.5307893905539289,118.92087526198944,73
29,decision_close_2025_5,proxy_market_lsa|lambda=1|scaling=row_only,proxy_market_lsa,1.0,row_only,0.4180531975099038,0.6046230005451702,117.98375391755005,73
29,decision_close_2025_5,proxy_market_lsa|lambda=0.01|scaling=column_standardized,proxy_market_lsa,0.01,column_standardized,0.6894631243946313,0.5490708938026876,138.9701577343627,73
29,decision_close_2025_5,proxy_market_lsa|lambda=0.1|scaling=column_standardized,proxy_market_lsa,0.1,column_standardized,0.6349775571757665,0.5075803828555336,116.38989870747726,73
29,decision_close_2025_5,proxy_market_lsa|lambda=1|scaling=column_standardized,proxy_market_lsa,1.0,column_standardized,0.4939064558629776,0.5781337147852483,117.42247757165696,73
29,decision_close_2025_5,history_transformer|lambda=0.01|scaling=fixed,history_transformer,0.01,fixed,0.5999002387727734,0.6315880038115764,130.7025866547798,73
29,decision_close_2025_5,history_transformer|lambda=0.1|scaling=fixed,history_transformer,0.1,fixed,0.5955284552845529,0.5996789628099973,123.79029717479527,73
29,decision_close_2025_5,history_transformer|lambda=1|scaling=fixed,history_transformer,1.0,fixed,0.5806233062330625,0.5682728394715972,126.24819257073501,73
30,decision_close_2025_6,history|lambda=0.01|scaling=fixed,history,0.01,fixed,0.5847851335656213,0.5554846823326459,127.07598448012642,74
30,decision_close_2025_6,history|lambda=0.1|scaling=fixed,history,0.1,fixed,0.5223199739328772,0.550585979530664,115.79242880423476,74
30,decision_close_2025_6,history|lambda=1|scaling=fixed,history,1.0,fixed,0.27267267267267264,0.641186136767162,112.59226752922028,74
30,decision_close_2025_6,history_tfidf|lambda=0.01|scaling=row_only,history_tfidf,0.01,row_only,0.6032234432234432,0.5316196788080706,120.71626323625453,74
30,decision_close_2025_6,history_tfidf|lambda=0.1|scaling=row_only,history_tfidf,0.1,row_only,0.5361424394319131,0.5393601933345642,114.48322387192279,74
30,decision_close_2025_6,history_tfidf|lambda=1|scaling=row_only,history_tfidf,1.0,row_only,0.27267267267267264,0.6370030443449924,112.72062624653552,74
30,decision_close_2025_6,history_tfidf|lambda=0.01|scaling=column_standardized,history_tfidf,0.01,column_standardized,0.6152845528455285,0.6263320075508539,101.20965665853637,74
30,decision_close_2025_6,history_tfidf|lambda=0.1|scaling=column_standardized,history_tfidf,0.1,column_standardized,0.6272406699970614,0.586318231082042,101.37518446447505,74
30,decision_close_2025_6,history_tfidf|lambda=1|scaling=column_standardized,history_tfidf,1.0,column_standardized,0.6272406699970614,0.5313523983539536,102.1866495228508,74
30,decision_close_2025_6,history_lsa|lambda=0.01|scaling=row_only,history_lsa,0.01,row_only,0.6062851782363978,0.5578512621340668,130.00624457386917,74
30,decision_close_2025_6,history_lsa|lambda=0.1|scaling=row_only,history_lsa,0.1,row_only,0.5361424394319131,0.5403104590670391,116.17675664280137,74
30,decision_close_2025_6,history_lsa|lambda=1|scaling=row_only,history_lsa,1.0,row_only,0.27267267267267264,0.6363558427303823,113.18415015833199,74
30,decision_close_2025_6,history_lsa|lambda=0.01|scaling=column_standardized,history_lsa,0.01,column_standardized,0.5983475205457299,0.5947060101662286,137.98076639123764,74
30,decision_close_2025_6,history_lsa|lambda=0.1|scaling=column_standardized,history_lsa,0.1,column_standardized,0.5703984617028095,0.5380396365545953,121.93551402073057,74
30,decision_close_2025_6,history_lsa|lambda=1|scaling=column_standardized,history_lsa,1.0,column_standardized,0.37062621337306423,0.5985547705976298,116.64145841500081,74
30,decision_close_2025_6,history_qwen_all|lambda=0.01|scaling=fixed,history_qwen_all,0.01,fixed,0.5628895768833849,0.622633301559053,125.41325023169756,74
30,decision_close_2025_6,history_qwen_all|lambda=0.1|scaling=fixed,history_qwen_all,0.1,fixed,0.5496904529162594,0.5784805341951211,112.920641869942,74
30,decision_close_2025_6,history_qwen_all|lambda=1|scaling=fixed,history_qwen_all,1.0,fixed,0.2261904761904762,0.6423484529614211,111.92290465607749,74
30,decision_close_2025_6,history_qwen_inflation|lambda=0.01|scaling=fixed,history_qwen_inflation,0.01,fixed,0.6152595372107567,0.5612121352510004,128.66676820454444,74
30,decision_close_2025_6,history_qwen_inflation|lambda=0.1|scaling=fixed,history_qwen_inflation,0.1,fixed,0.5496904529162594,0.5568056294123933,116.95749640895465,74
30,decision_close_2025_6,history_qwen_inflation|lambda=1|scaling=fixed,history_qwen_inflation,1.0,fixed,0.2261904761904762,0.6396571589056023,113.60329948901007,74
30,decision_close_2025_6,history_qwen_demand|lambda=0.01|scaling=fixed,history_qwen_demand,0.01,fixed,0.5809288653733098,0.5852602299694962,122.23721860398318,74
30,decision_close_2025_6,history_qwen_demand|lambda=0.1|scaling=fixed,history_qwen_demand,0.1,fixed,0.5496904529162594,0.5576667583752963,111.06869854031683,74
30,decision_close_2025_6,history_qwen_demand|lambda=1|scaling=fixed,history_qwen_demand,1.0,fixed,0.2261904761904762,0.640696570005843,111.17109862437714,74
30,decision_close_2025_6,history_qwen_forward|lambda=0.01|scaling=fixed,history_qwen_forward,0.01,fixed,0.5539480550085004,0.601216287916864,127.66480220615843,74
30,decision_close_2025_6,history_qwen_forward|lambda=0.1|scaling=fixed,history_qwen_forward,0.1,fixed,0.51822573561704,0.5717426217325678,116.44394217109874,74
30,decision_close_2025_6,history_qwen_forward|lambda=1|scaling=fixed,history_qwen_forward,1.0,fixed,0.2261904761904762,0.6414771616128043,112.87216056602733,74
30,decision_close_2025_6,history_qwen_scores_only|lambda=0.01|scaling=fixed,history_qwen_scores_only,0.01,fixed,0.5515069725596041,0.6039137746195307,125.97959583916762,74
30,decision_close_2025_6,history_qwen_scores_only|lambda=0.1|scaling=fixed,history_qwen_scores_only,0.1,fixed,0.5361424394319131,0.5607369915543587,113.08477203758129,74
30,decision_close_2025_6,history_qwen_scores_only|lambda=1|scaling=fixed,history_qwen_scores_only,1.0,fixed,0.2261904761904762,0.6440821976215177,110.86558224826217,74
30,decision_close_2025_6,history_qwen_missing_only|lambda=0.01|scaling=fixed,history_qwen_missing_only,0.01,fixed,0.5809288653733098,0.5760515323680273,127.10272896991783,74
30,decision_close_2025_6,history_qwen_missing_only|lambda=0.1|scaling=fixed,history_qwen_missing_only,0.1,fixed,0.5496904529162594,0.5648225001316087,115.90680846889525,74
30,decision_close_2025_6,history_qwen_missing_only|lambda=1|scaling=fixed,history_qwen_missing_only,1.0,fixed,0.2261904761904762,0.6394620427273735,113.53384323330246,74
30,decision_close_2025_6,proxy_market|lambda=0.01|scaling=fixed,proxy_market,0.01,fixed,0.5925237876457389,0.6214000905975443,144.51111490099714,74
30,decision_close_2025_6,proxy_market|lambda=0.1|scaling=fixed,proxy_market,0.1,fixed,0.6296774810986697,0.5486342828224265,123.34618598038742,74
30,decision_close_2025_6,proxy_market|lambda=1|scaling=fixed,proxy_market,1.0,fixed,0.41250000000000003,0.6143711850127668,121.0894666025943,74
30,decision_close_2025_6,proxy_market_lsa|lambda=0.01|scaling=row_only,proxy_market_lsa,0.01,row_only,0.6137383190470275,0.6040556497843635,140.77563271923054,74
30,decision_close_2025_6,proxy_market_lsa|lambda=0.1|scaling=row_only,proxy_market_lsa,0.1,row_only,0.6165311653116531,0.5449519948939798,122.32881965960819,74
30,decision_close_2025_6,proxy_market_lsa|lambda=1|scaling=row_only,proxy_market_lsa,1.0,row_only,0.41250000000000003,0.6121403458120775,121.1527199520535,74
30,decision_close_2025_6,proxy_market_lsa|lambda=0.01|scaling=column_standardized,proxy_market_lsa,0.01,column_standardized,0.6801568752788265,0.566855240251022,141.80587315158354,74
30,decision_close_2025_6,proxy_market_lsa|lambda=0.1|scaling=column_standardized,proxy_market_lsa,0.1,column_standardized,0.6267094017094017,0.5238692169481499,118.61966827186272,74
30,decision_close_2025_6,proxy_market_lsa|lambda=1|scaling=column_standardized,proxy_market_lsa,1.0,column_standardized,0.48778103616813295,0.586950318598403,120.02049712044703,74
30,decision_close_2025_6,history_transformer|lambda=0.01|scaling=fixed,history_transformer,0.01,fixed,0.592929292929293,0.646575881693904,131.90473988495384,74
30,decision_close_2025_6,history_transformer|lambda=0.1|scaling=fixed,history_transformer,0.1,fixed,0.5885598141695704,0.61161614956081,125.05170335356716,74
30,decision_close_2025_6,history_transformer|lambda=1|scaling=fixed,history_transformer,1.0,fixed,0.5739135403402228,0.5775963694375622,127.8183695666906,74
31,decision_close_2025_7,history|lambda=0.01|scaling=fixed,history,0.01,fixed,0.5912786400591279,0.5486329480609028,126.99963871384654,75
31,decision_close_2025_7,history|lambda=0.1|scaling=fixed,history,0.1,fixed,0.5332867848996882,0.5496373775788819,116.14293190876369,75
31,decision_close_2025_7,history|lambda=1|scaling=fixed,history,1.0,fixed,0.2706349206349206,0.6450970525619593,113.74112601112907,75
31,decision_close_2025_7,history_tfidf|lambda=0.01|scaling=row_only,history_tfidf,0.01,row_only,0.6094773519163763,0.5256124219521476,121.25730072878379,75
31,decision_close_2025_7,history_tfidf|lambda=0.1|scaling=row_only,history_tfidf,0.1,row_only,0.547171851196619,0.5387282188497359,114.93765456863072,75
31,decision_close_2025_7,history_tfidf|lambda=1|scaling=row_only,history_tfidf,1.0,row_only,0.2706349206349206,0.6409037162263962,113.86583276904169,75
31,decision_close_2025_7,history_tfidf|lambda=0.01|scaling=column_standardized,history_tfidf,0.01,column_standardized,0.620200415957648,0.6183416691066996,102.20112714647351,75
31,decision_close_2025_7,history_tfidf|lambda=0.1|scaling=column_standardized,history_tfidf,0.1,column_standardized,0.632156533109181,0.5799263391250137,102.37446721551512,75
31,decision_close_2025_7,history_tfidf|lambda=1|scaling=column_standardized,history_tfidf,1.0,column_standardized,0.632156533109181,0.5285645157386355,103.22185703310214,75
31,decision_close_2025_7,history_lsa|lambda=0.01|scaling=row_only,history_lsa,0.01,row_only,0.6118407337919534,0.5518692115072781,130.25943899820226,75
31,decision_close_2025_7,history_lsa|lambda=0.1|scaling=row_only,history_lsa,0.1,row_only,0.5293109668109669,0.5402393086993271,116.57148989687916,75
31,decision_close_2025_7,history_lsa|lambda=1|scaling=row_only,history_lsa,1.0,row_only,0.2706349206349206,0.6403235841869073,114.31415584081991,75
31,decision_close_2025_7,history_lsa|lambda=0.01|scaling=column_standardized,history_lsa,0.01,column_standardized,0.6032633836578494,0.5888221112740026,138.61257764771187,75
31,decision_close_2025_7,history_lsa|lambda=0.1|scaling=column_standardized,history_lsa,0.1,column_standardized,0.5626290934958303,0.5399525308522991,122.31262036073585,75
31,decision_close_2025_7,history_lsa|lambda=1|scaling=column_standardized,history_lsa,1.0,column_standardized,0.36728395061728397,0.6033930136708808,117.54830682493045,75
31,decision_close_2025_7,history_qwen_all|lambda=0.01|scaling=fixed,history_qwen_all,0.01,fixed,0.5707843137254902,0.6173540438248208,127.20225920540928,75
31,decision_close_2025_7,history_qwen_all|lambda=0.1|scaling=fixed,history_qwen_all,0.1,fixed,0.5424204498046801,0.5787067983249177,114.94697229488784,75
31,decision_close_2025_7,history_qwen_all|lambda=1|scaling=fixed,history_qwen_all,1.0,fixed,0.224188790560472,0.6464194423600674,113.7286881443579,75
31,decision_close_2025_7,history_qwen_inflation|lambda=0.01|scaling=fixed,history_qwen_inflation,0.01,fixed,0.6216087435599631,0.5545225345025313,128.5223449588976,75
31,decision_close_2025_7,history_qwen_inflation|lambda=0.1|scaling=fixed,history_qwen_inflation,0.1,fixed,0.5424204498046801,0.5562629903397462,117.213488236688,75
31,decision_close_2025_7,history_qwen_inflation|lambda=1|scaling=fixed,history_qwen_inflation,1.0,fixed,0.224188790560472,0.6437825622390927,114.6639271583778,75
31,decision_close_2025_7,history_qwen_demand|lambda=0.01|scaling=fixed,history_qwen_demand,0.01,fixed,0.5874223718668162,0.5801886360777196,123.85474486530946,75
31,decision_close_2025_7,history_qwen_demand|lambda=0.1|scaling=fixed,history_qwen_demand,0.1,fixed,0.5424204498046801,0.560373026050991,113.00940074466986,75
31,decision_close_2025_7,history_qwen_demand|lambda=1|scaling=fixed,history_qwen_demand,1.0,fixed,0.224188790560472,0.6453503752637609,113.12169416244593,75
31,decision_close_2025_7,history_qwen_forward|lambda=0.01|scaling=fixed,history_qwen_forward,0.01,fixed,0.5611327780185211,0.5935218293996771,127.43873141070624,75
31,decision_close_2025_7,history_qwen_forward|lambda=0.1|scaling=fixed,history_qwen_forward,0.1,fixed,0.5291925465838508,0.5686532769697223,116.62635888626896,75
31,decision_close_2025_7,history_qwen_forward|lambda=1|scaling=fixed,history_qwen_forward,1.0,fixed,0.224188790560472,0.6448199278048609,113.83673678611689,75
31,decision_close_2025_7,history_qwen_scores_only|lambda=0.01|scaling=fixed,history_qwen_scores_only,0.01,fixed,0.5594017094017095,0.5985118835228688,127.79647175295693,75
31,decision_close_2025_7,history_qwen_scores_only|lambda=0.1|scaling=fixed,history_qwen_scores_only,0.1,fixed,0.5293109668109669,0.5604253458087948,115.14834498829279,75
31,decision_close_2025_7,history_qwen_scores_only|lambda=1|scaling=fixed,history_qwen_scores_only,1.0,fixed,0.224188790560472,0.6475353999162143,112.73585014076886,75
31,decision_close_2025_7,history_qwen_missing_only|lambda=0.01|scaling=fixed,history_qwen_missing_only,0.01,fixed,0.5874223718668162,0.5690169952551357,126.99956706053709,75
31,decision_close_2025_7,history_qwen_missing_only|lambda=0.1|scaling=fixed,history_qwen_missing_only,0.1,fixed,0.5424204498046801,0.5644433460013185,116.22419212976202,75
31,decision_close_2025_7,history_qwen_missing_only|lambda=1|scaling=fixed,history_qwen_missing_only,1.0,fixed,0.224188790560472,0.6439507662215969,114.6210525460321,75
31,decision_close_2025_7,proxy_market|lambda=0.01|scaling=fixed,proxy_market,0.01,fixed,0.5966833641252246,0.6138835524365263,145.74582123042885,75
31,decision_close_2025_7,proxy_market|lambda=0.1|scaling=fixed,proxy_market,0.1,fixed,0.6341563786008231,0.5467112135656471,124.19465748364172,75
31,decision_close_2025_7,proxy_market|lambda=1|scaling=fixed,proxy_market,1.0,fixed,0.4071956680204103,0.6177179620563659,122.20418650709345,75
31,decision_close_2025_7,proxy_market_lsa|lambda=0.01|scaling=row_only,proxy_market_lsa,0.01,row_only,0.6178978955265132,0.5973623505517212,142.74113205875918,75
31,decision_close_2025_7,proxy_market_lsa|lambda=0.1|scaling=row_only,proxy_market_lsa,0.1,row_only,0.6215816703621582,0.5435066894900169,123.23552334455157,75
31,decision_close_2025_7,proxy_market_lsa|lambda=1|scaling=row_only,proxy_market_lsa,1.0,row_only,0.4071956680204103,0.61555621869549,122.25262334228323,75
31,decision_close_2025_7,proxy_market_lsa|lambda=0.01|scaling=column_standardized,proxy_market_lsa,0.01,column_standardized,0.6843164517583121,0.560470550365724,144.0139912318613,75
31,decision_close_2025_7,proxy_market_lsa|lambda=0.1|scaling=column_standardized,proxy_market_lsa,0.1,column_standardized,0.6187636652752931,0.5242422218588311,119.72899972982353,75
31,decision_close_2025_7,proxy_market_lsa|lambda=1|scaling=column_standardized,proxy_market_lsa,1.0,column_standardized,0.48192816778548947,0.5912625181801242,120.9555597478342,75
31,decision_close_2025_7,history_transformer|lambda=0.01|scaling=fixed,history_transformer,0.01,fixed,0.5995169082125603,0.6430511051739463,130.35943788073592,75
31,decision_close_2025_7,history_transformer|lambda=0.1|scaling=fixed,history_transformer,0.1,fixed,0.5957748213845776,0.6075388423655523,123.8111279686911,75
31,decision_close_2025_7,history_transformer|lambda=1|scaling=fixed,history_transformer,1.0,fixed,0.5818545499828773,0.576885374695831,127.9412681894867,75
32,decision_close_2025_8,history|lambda=0.01|scaling=fixed,history,0.01,fixed,0.5972074938140687,0.5415514300202696,127.90437343504587,76
32,decision_close_2025_8,history|lambda=0.1|scaling=fixed,history,0.1,fixed,0.543067994680898,0.544417507144345,116.85314293269057,76
32,decision_close_2025_8,history|lambda=1|scaling=fixed,history,1.0,fixed,0.2686332350049164,0.6470871874892439,113.03791314894764,76
32,decision_close_2025_8,history_tfidf|lambda=0.01|scaling=row_only,history_tfidf,0.01,row_only,0.6151495016611296,0.5192544003180369,121.7727496233686,76
32,decision_close_2025_8,history_tfidf|lambda=0.1|scaling=row_only,history_tfidf,0.1,row_only,0.5569757727652465,0.5339404103664143,115.58674816928291,76
32,decision_close_2025_8,history_tfidf|lambda=1|scaling=row_only,history_tfidf,1.0,row_only,0.2686332350049164,0.6428785476402803,113.15198534846394,76
32,decision_close_2025_8,history_tfidf|lambda=0.01|scaling=column_standardized,history_tfidf,0.01,column_standardized,0.6121723256663015,0.6246550640082449,101.01193380282997,76
32,decision_close_2025_8,history_tfidf|lambda=0.1|scaling=column_standardized,history_tfidf,0.1,column_standardized,0.6240981240981242,0.5832638848681381,101.20626073045926,76
32,decision_close_2025_8,history_tfidf|lambda=1|scaling=column_standardized,history_tfidf,1.0,column_standardized,0.6240981240981242,0.5300772609396351,102.12023935957511,76
32,decision_close_2025_8,history_lsa|lambda=0.01|scaling=row_only,history_lsa,0.01,row_only,0.6168912388424584,0.5450276230545302,130.59449400005414,76
32,decision_close_2025_8,history_lsa|lambda=0.1|scaling=row_only,history_lsa,0.1,row_only,0.5402777777777777,0.5356556403933151,117.19684537260419,76
32,decision_close_2025_8,history_lsa|lambda=1|scaling=row_only,history_lsa,1.0,row_only,0.2686332350049164,0.6423450963708477,113.59746497584914,76
32,decision_close_2025_8,history_lsa|lambda=0.01|scaling=column_standardized,history_lsa,0.01,column_standardized,0.6077422811600027,0.5819103406664142,138.1601975859119,76
32,decision_close_2025_8,history_lsa|lambda=0.1|scaling=column_standardized,history_lsa,0.1,column_standardized,0.5696466373554795,0.5372661149301791,122.44517998957338,76
32,decision_close_2025_8,history_lsa|lambda=1|scaling=column_standardized,history_lsa,1.0,column_standardized,0.3640774719673802,0.6064654263401503,116.72875990377746,76
32,decision_close_2025_8,history_qwen_all|lambda=0.01|scaling=fixed,history_qwen_all,0.01,fixed,0.5779271708683473,0.6094003632281837,128.1479658211158,76
32,decision_close_2025_8,history_qwen_all|lambda=0.1|scaling=fixed,history_qwen_all,0.1,fixed,0.5522243713733076,0.573715916185327,115.6838823695189,76
32,decision_close_2025_8,history_qwen_all|lambda=1|scaling=fixed,history_qwen_all,1.0,fixed,0.2222222222222222,0.6491069867729508,113.02922491193742,76
32,decision_close_2025_8,history_qwen_inflation|lambda=0.01|scaling=fixed,history_qwen_inflation,0.01,fixed,0.6273807493319689,0.5473563198239845,129.62657389376122,76
32,decision_close_2025_8,history_qwen_inflation|lambda=0.1|scaling=fixed,history_qwen_inflation,0.1,fixed,0.5522243713733076,0.5509815003000196,118.10301757239128,76
32,decision_close_2025_8,history_qwen_inflation|lambda=1|scaling=fixed,history_qwen_inflation,1.0,fixed,0.2222222222222222,0.6459425034170666,114.03933214653101,76
32,decision_close_2025_8,history_qwen_demand|lambda=0.01|scaling=fixed,history_qwen_demand,0.01,fixed,0.593351225621757,0.5727133675599937,124.66332755602573,76
32,decision_close_2025_8,history_qwen_demand|lambda=0.1|scaling=fixed,history_qwen_demand,0.1,fixed,0.5522243713733076,0.5552771332487462,113.63412916382678,76
32,decision_close_2025_8,history_qwen_demand|lambda=1|scaling=fixed,history_qwen_demand,1.0,fixed,0.2222222222222222,0.647586330437702,112.39972866446361,76
32,decision_close_2025_8,history_qwen_forward|lambda=0.01|scaling=fixed,history_qwen_forward,0.01,fixed,0.5676788589832068,0.5860163635078642,128.31414989921205,76
32,decision_close_2025_8,history_qwen_forward|lambda=0.1|scaling=fixed,history_qwen_forward,0.1,fixed,0.5389737563650606,0.5641856236047518,117.30459173686233,76
32,decision_close_2025_8,history_qwen_forward|lambda=1|scaling=fixed,history_qwen_forward,1.0,fixed,0.2222222222222222,0.6473654147904498,113.10952971797923,76
32,decision_close_2025_8,history_qwen_scores_only|lambda=0.01|scaling=fixed,history_qwen_scores_only,0.01,fixed,0.5665445665445666,0.5907385526636699,128.68357210539887,76
32,decision_close_2025_8,history_qwen_scores_only|lambda=0.1|scaling=fixed,history_qwen_scores_only,0.1,fixed,0.5402777777777777,0.5549872931644535,115.83038039921117,76
32,decision_close_2025_8,history_qwen_scores_only|lambda=1|scaling=fixed,history_qwen_scores_only,1.0,fixed,0.2222222222222222,0.6496241257674823,111.99647643693133,76
32,decision_close_2025_8,history_qwen_missing_only|lambda=0.01|scaling=fixed,history_qwen_missing_only,0.01,fixed,0.593351225621757,0.5617127237070125,127.94191528144802,76
32,decision_close_2025_8,history_qwen_missing_only|lambda=0.1|scaling=fixed,history_qwen_missing_only,0.1,fixed,0.5522243713733076,0.5594618298018671,116.97296105513284,76
32,decision_close_2025_8,history_qwen_missing_only|lambda=1|scaling=fixed,history_qwen_missing_only,1.0,fixed,0.2222222222222222,0.6464796978816065,113.95470421578,76
32,decision_close_2025_8,proxy_market|lambda=0.01|scaling=fixed,proxy_market,0.01,fixed,0.6004732004732004,0.6058631230621847,145.2793467342164,76
32,decision_close_2025_8,proxy_market|lambda=0.1|scaling=fixed,proxy_market,0.1,fixed,0.6382540933368356,0.5406829411166099,124.14449341171246,76
32,decision_close_2025_8,proxy_market|lambda=1|scaling=fixed,proxy_market,1.0,fixed,0.40212084833933576,0.6184517884879723,121.30309150235496,76
32,decision_close_2025_8,proxy_market_lsa|lambda=0.01|scaling=row_only,proxy_market_lsa,0.01,row_only,0.6216877318744891,0.5896317178660034,141.6945402403603,76
32,decision_close_2025_8,proxy_market_lsa|lambda=0.1|scaling=row_only,proxy_market_lsa,0.1,row_only,0.6261930010604454,0.5377436716462779,123.1622948384183,76
32,decision_close_2025_8,proxy_market_lsa|lambda=1|scaling=row_only,proxy_market_lsa,1.0,row_only,0.40212084833933576,0.6163559211732658,121.34592246435194,76
32,decision_close_2025_8,proxy_market_lsa|lambda=0.01|scaling=column_standardized,proxy_market_lsa,0.01,column_standardized,0.688106288106288,0.5531662629233146,142.48438851564578,76
32,decision_close_2025_8,proxy_market_lsa|lambda=0.1|scaling=column_standardized,proxy_market_lsa,0.1,column_standardized,0.6239316239316239,0.5195633299139609,119.34350881098548,76
32,decision_close_2025_8,proxy_market_lsa|lambda=1|scaling=column_standardized,proxy_market_lsa,1.0,column_standardized,0.47632718159033943,0.5931715792612998,120.0092935143055,76
32,decision_close_2025_8,history_transformer|lambda=0.01|scaling=fixed,history_transformer,0.01,fixed,0.592833377112337,0.6584682242086037,130.27920476871813,76
32,decision_close_2025_8,history_transformer|lambda=0.1|scaling=fixed,history_transformer,0.1,fixed,0.5890896921017403,0.6132827242863882,123.00162977038504,76
32,decision_close_2025_8,history_transformer|lambda=1|scaling=fixed,history_transformer,1.0,fixed,0.5890896921017403,0.5753450078531004,126.33091740934546,76
33,decision_close_2025_9,history|lambda=0.01|scaling=fixed,history,0.01,fixed,0.6026422764227642,0.5361563078472921,126.74688350166352,77
33,decision_close_2025_9,history|lambda=0.1|scaling=fixed,history,0.1,fixed,0.5518460034589067,0.54132396930018,115.75939830224168,77
33,decision_close_2025_9,history|lambda=1|scaling=fixed,history,1.0,fixed,0.26666666666666666,0.6492106927250044,112.0337638985422,77
33,decision_close_2025_9,history_tfidf|lambda=0.01|scaling=row_only,history_tfidf,0.01,row_only,0.6203174603174603,0.5154100873463083,120.81873487053356,77
33,decision_close_2025_9,history_tfidf|lambda=0.1|scaling=row_only,history_tfidf,0.1,row_only,0.5657477025898078,0.5311701259231479,114.30630332685558,77
33,decision_close_2025_9,history_tfidf|lambda=1|scaling=row_only,history_tfidf,1.0,row_only,0.26666666666666666,0.6449507900575954,112.16512514142015,77
33,decision_close_2025_9,history_tfidf|lambda=0.01|scaling=column_standardized,history_tfidf,0.01,column_standardized,0.6167836563645888,0.6165630025543983,101.68806451174896,77
33,decision_close_2025_9,history_tfidf|lambda=0.1|scaling=column_standardized,history_tfidf,0.1,column_standardized,0.6287094547964113,0.5758876054490158,101.86624588033789,77
33,decision_close_2025_9,history_tfidf|lambda=1|scaling=column_standardized,history_tfidf,1.0,column_standardized,0.6287094547964113,0.5245965796315383,102.66365730220174,77
33,decision_close_2025_9,history_lsa|lambda=0.01|scaling=row_only,history_lsa,0.01,row_only,0.6215025695407456,0.5418535369964973,128.93027093452952,77
33,decision_close_2025_9,history_lsa|lambda=0.1|scaling=row_only,history_lsa,0.1,row_only,0.5500589875589875,0.533357116419089,116.00738145515888,77
33,decision_close_2025_9,history_lsa|lambda=1|scaling=row_only,history_lsa,1.0,row_only,0.26666666666666666,0.6444835156578306,112.58736177014733,77
33,decision_close_2025_9,history_lsa|lambda=0.01|scaling=column_standardized,history_lsa,0.01,column_standardized,0.5997412008281574,0.581510437475657,136.9612036051176,77
33,decision_close_2025_9,history_lsa|lambda=0.1|scaling=column_standardized,history_lsa,0.1,column_standardized,0.5622717096736184,0.5370423911489688,120.89485236353367,77
33,decision_close_2025_9,history_lsa|lambda=1|scaling=column_standardized,history_lsa,1.0,column_standardized,0.360994560994561,0.609375039300757,115.67571718659929,77
33,decision_close_2025_9,history_qwen_all|lambda=0.01|scaling=fixed,history_qwen_all,0.01,fixed,0.5844206773618539,0.6049408953712265,127.2070328762531,77
33,decision_close_2025_9,history_qwen_all|lambda=0.1|scaling=fixed,history_qwen_all,0.1,fixed,0.5452562610457348,0.57325863180845,114.83199734392805,77
33,decision_close_2025_9,history_qwen_all|lambda=1|scaling=fixed,history_qwen_all,1.0,fixed,0.22028985507246376,0.6526722785658484,111.87463995155,77
33,decision_close_2025_9,history_qwen_inflation|lambda=0.01|scaling=fixed,history_qwen_inflation,0.01,fixed,0.6326508415585828,0.5463064109680767,128.06381048115523,77
33,decision_close_2025_9,history_qwen_inflation|lambda=0.1|scaling=fixed,history_qwen_inflation,0.1,fixed,0.5452562610457348,0.5512088493912687,116.72349832666919,77
33,decision_close_2025_9,history_qwen_inflation|lambda=1|scaling=fixed,history_qwen_inflation,1.0,fixed,0.22028985507246376,0.6490678439170592,113.31283722568286,77
33,decision_close_2025_9,history_qwen_demand|lambda=0.01|scaling=fixed,history_qwen_demand,0.01,fixed,0.5987860082304527,0.5662805490416051,124.43734380226093,77
33,decision_close_2025_9,history_qwen_demand|lambda=0.1|scaling=fixed,history_qwen_demand,0.1,fixed,0.560996301197869,0.5517870900038317,113.43873180221135,77
33,decision_close_2025_9,history_qwen_demand|lambda=1|scaling=fixed,history_qwen_demand,1.0,fixed,0.22028985507246376,0.6500406573126186,110.97743463374175,77
33,decision_close_2025_9,history_qwen_forward|lambda=0.01|scaling=fixed,history_qwen_forward,0.01,fixed,0.5736678266743022,0.5810171862021202,127.15966357481646,77
33,decision_close_2025_9,history_qwen_forward|lambda=0.1|scaling=fixed,history_qwen_forward,0.1,fixed,0.5477517651430694,0.5621007964139987,116.20033664236982,77
33,decision_close_2025_9,history_qwen_forward|lambda=1|scaling=fixed,history_qwen_forward,1.0,fixed,0.22028985507246376,0.6499649220082209,112.11649585091665,77
33,decision_close_2025_9,history_qwen_scores_only|lambda=0.01|scaling=fixed,history_qwen_scores_only,0.01,fixed,0.573038073038073,0.58570529777865,127.73114362380261,77
33,decision_close_2025_9,history_qwen_scores_only|lambda=0.1|scaling=fixed,history_qwen_scores_only,0.1,fixed,0.5500589875589875,0.5540290533429976,114.97137275676144,77
33,decision_close_2025_9,history_qwen_scores_only|lambda=1|scaling=fixed,history_qwen_scores_only,1.0,fixed,0.22028985507246376,0.6528095032523692,110.8773376002917,77
33,decision_close_2025_9,history_qwen_missing_only|lambda=0.01|scaling=fixed,history_qwen_missing_only,0.01,fixed,0.5987860082304527,0.5564692679377046,126.82894948575225,77
33,decision_close_2025_9,history_qwen_missing_only|lambda=0.1|scaling=fixed,history_qwen_missing_only,0.1,fixed,0.560996301197869,0.556787791019919,115.92331522606558,77
33,decision_close_2025_9,history_qwen_missing_only|lambda=1|scaling=fixed,history_qwen_missing_only,1.0,fixed,0.22028985507246376,0.6490885737996045,112.88651165540205,77
33,decision_close_2025_9,proxy_market|lambda=0.01|scaling=fixed,proxy_market,0.01,fixed,0.6039404975575189,0.5989387389778471,143.91130972538699,77
33,decision_close_2025_9,proxy_market|lambda=0.1|scaling=fixed,proxy_market,0.1,fixed,0.6420173007474594,0.5364733140465899,122.85541425509385,77
33,decision_close_2025_9,proxy_market|lambda=1|scaling=fixed,proxy_market,1.0,fixed,0.39725829725829725,0.6191664681845032,120.32174028914908,77
33,decision_close_2025_9,proxy_market_lsa|lambda=0.01|scaling=row_only,proxy_market_lsa,0.01,row_only,0.6251550289588075,0.5838417989701388,141.0258442942291,77
33,decision_close_2025_9,proxy_market_lsa|lambda=0.1|scaling=row_only,proxy_market_lsa,0.1,row_only,0.630420054200542,0.5338696847997125,121.9501173740206,77
33,decision_close_2025_9,proxy_market_lsa|lambda=1|scaling=row_only,proxy_market_lsa,1.0,row_only,0.39725829725829725,0.6171236919031992,120.36422084990888,77
33,decision_close_2025_9,proxy_market_lsa|lambda=0.01|scaling=column_standardized,proxy_market_lsa,0.01,column_standardized,0.6915735851906065,0.5478923647722522,142.17254402785534,77
33,decision_close_2025_9,proxy_market_lsa|lambda=0.1|scaling=column_standardized,proxy_market_lsa,0.1,column_standardized,0.6286597563193307,0.5171109809802179,118.45917028213255,77
33,decision_close_2025_9,proxy_market_lsa|lambda=1|scaling=column_standardized,proxy_market_lsa,1.0,column_standardized,0.47095959595959597,0.594835551422207,119.03388892157157,77
33,decision_close_2025_9,history_transformer|lambda=0.01|scaling=fixed,history_transformer,0.01,fixed,0.5863821138211383,0.6597718556986406,129.64963188894234,77
33,decision_close_2025_9,history_transformer|lambda=0.1|scaling=fixed,history_transformer,0.1,fixed,0.5957090774445298,0.6114335492957813,122.71534610069695,77
33,decision_close_2025_9,history_transformer|lambda=1|scaling=fixed,history_transformer,1.0,fixed,0.5957090774445298,0.5734496320248753,126.13083090484585,77
34,decision_close_2026_1,history|lambda=0.01|scaling=fixed,history,0.01,fixed,0.6076422764227642,0.5298151325260181,126.15031498196699,78
34,decision_close_2026_1,history|lambda=0.1|scaling=fixed,history,0.1,fixed,0.5597676211366219,0.5381364052167987,115.2202381684801,78
34,decision_close_2026_1,history|lambda=1|scaling=fixed,history,1.0,fixed,0.2647342995169082,0.6511184915356711,110.6718434421576,78
34,decision_close_2026_1,history_tfidf|lambda=0.01|scaling=row_only,history_tfidf,0.01,row_only,0.6250455927051671,0.5095333090545718,119.59418155782568,78
34,decision_close_2026_1,history_tfidf|lambda=0.1|scaling=row_only,history_tfidf,0.1,row_only,0.5736424394319132,0.5279724351144645,113.64329528922316,78
34,decision_close_2026_1,history_tfidf|lambda=1|scaling=row_only,history_tfidf,1.0,row_only,0.2647342995169082,0.6467646347254181,110.79277939150693,78
34,decision_close_2026_1,history_tfidf|lambda=0.01|scaling=column_standardized,history_tfidf,0.01,column_standardized,0.6210107095046854,0.6086596904878857,101.06999449064115,78
34,decision_close_2026_1,history_tfidf|lambda=0.1|scaling=column_standardized,history_tfidf,0.1,column_standardized,0.6329365079365079,0.5685330211933507,101.16775654651951,78
34,decision_close_2026_1,history_tfidf|lambda=1|scaling=column_standardized,history_tfidf,1.0,column_standardized,0.6329365079365079,0.5183184814265334,101.58181800201547,78
34,decision_close_2026_1,history_lsa|lambda=0.01|scaling=row_only,history_lsa,0.01,row_only,0.6257296226808422,0.5359841950492515,128.0347448902556,78
34,decision_close_2026_1,history_lsa|lambda=0.1|scaling=row_only,history_lsa,0.1,row_only,0.5588369963369964,0.5305985854761788,115.44819970657954,78
34,decision_close_2026_1,history_lsa|lambda=1|scaling=row_only,history_lsa,1.0,row_only,0.2647342995169082,0.6463689835598959,111.23005635425127,78
34,decision_close_2026_1,history_lsa|lambda=0.01|scaling=column_standardized,history_lsa,0.01,column_standardized,0.6039682539682539,0.5755655393486788,135.53952008239776,78
34,decision_close_2026_1,history_lsa|lambda=0.1|scaling=column_standardized,history_lsa,0.1,column_standardized,0.5687001460510055,0.5350143493114056,120.19261963892056,78
34,decision_close_2026_1,history_lsa|lambda=1|scaling=column_standardized,history_lsa,1.0,column_standardized,0.35802469135802467,0.6115473734046948,114.4101244897308,78
34,decision_close_2026_1,history_qwen_all|lambda=0.01|scaling=fixed,history_qwen_all,0.01,fixed,0.5903495311167946,0.5978561392570022,126.48940974398752,78
34,decision_close_2026_1,history_qwen_all|lambda=0.1|scaling=fixed,history_qwen_all,0.1,fixed,0.5540342698237435,0.5702276806689149,114.25927259658002,78
34,decision_close_2026_1,history_qwen_all|lambda=1|scaling=fixed,history_qwen_all,1.0,fixed,0.21839080459770113,0.6550975769934907,110.51702331775248,78
34,decision_close_2026_1,history_qwen_inflation|lambda=0.01|scaling=fixed,history_qwen_inflation,0.01,fixed,0.6374817594329789,0.5397200284355628,127.74444488230813,78
34,decision_close_2026_1,history_qwen_inflation|lambda=0.1|scaling=fixed,history_qwen_inflation,0.1,fixed,0.5540342698237435,0.5477614603381415,116.40647822060899,78
34,decision_close_2026_1,history_qwen_inflation|lambda=1|scaling=fixed,history_qwen_inflation,1.0,fixed,0.21839080459770113,0.6510888859716127,112.03418385759797,78
34,decision_close_2026_1,history_qwen_demand|lambda=0.01|scaling=fixed,history_qwen_demand,0.01,fixed,0.6037860082304527,0.5597618063460909,123.50643998564098,78
34,decision_close_2026_1,history_qwen_demand|lambda=0.1|scaling=fixed,history_qwen_demand,0.1,fixed,0.5688910380399742,0.5488841230963052,112.70049171589984,78
34,decision_close_2026_1,history_qwen_demand|lambda=1|scaling=fixed,history_qwen_demand,1.0,fixed,0.21839080459770113,0.6521672828205213,109.5810261151598,78
34,decision_close_2026_1,history_qwen_forward|lambda=0.01|scaling=fixed,history_qwen_forward,0.01,fixed,0.5791678990436754,0.5743469079409518,126.55237982697734,78
34,decision_close_2026_1,history_qwen_forward|lambda=0.1|scaling=fixed,history_qwen_forward,0.1,fixed,0.5556733828207847,0.5594783611090252,115.64122692058383,78
34,decision_close_2026_1,history_qwen_forward|lambda=1|scaling=fixed,history_qwen_forward,1.0,fixed,0.21839080459770113,0.6522726716711521,110.74255832141701,78
34,decision_close_2026_1,history_qwen_scores_only|lambda=0.01|scaling=fixed,history_qwen_scores_only,0.01,fixed,0.5789669267930138,0.5786830430559711,126.96573430151436,78
34,decision_close_2026_1,history_qwen_scores_only|lambda=0.1|scaling=fixed,history_qwen_scores_only,0.1,fixed,0.5588369963369964,0.5505515931016575,114.35460883318149,78
34,decision_close_2026_1,history_qwen_scores_only|lambda=1|scaling=fixed,history_qwen_scores_only,1.0,fixed,0.21839080459770113,0.6547721192327826,109.48220669106661,78
34,decision_close_2026_1,history_qwen_missing_only|lambda=0.01|scaling=fixed,history_qwen_missing_only,0.01,fixed,0.6037860082304527,0.5499539188006894,126.25927189099089,78
34,decision_close_2026_1,history_qwen_missing_only|lambda=0.1|scaling=fixed,history_qwen_missing_only,0.1,fixed,0.5688910380399742,0.553808572195011,115.41281530301912,78
34,decision_close_2026_1,history_qwen_missing_only|lambda=1|scaling=fixed,history_qwen_missing_only,1.0,fixed,0.21839080459770113,0.6514035939565611,111.55983789150545,78
34,decision_close_2026_1,proxy_market|lambda=0.01|scaling=fixed,proxy_market,0.01,fixed,0.6071247499818928,0.5914347806864558,142.15156168940635,78
34,decision_close_2026_1,proxy_market|lambda=0.1|scaling=fixed,proxy_market,0.1,fixed,0.6454853546356815,0.5315673381976501,121.61900097612549,78
34,decision_close_2026_1,proxy_market|lambda=1|scaling=fixed,proxy_market,1.0,fixed,0.3925925925925926,0.6193845923198847,118.806830461186,78
34,decision_close_2026_1,proxy_market_lsa|lambda=0.01|scaling=row_only,proxy_market_lsa,0.01,row_only,0.6283392813831815,0.5765843629879998,139.27141119936792,78
34,decision_close_2026_1,proxy_market_lsa|lambda=0.1|scaling=row_only,proxy_market_lsa,0.1,row_only,0.6343089430894309,0.5291245730365064,120.77948361360129,78
34,decision_close_2026_1,proxy_market_lsa|lambda=1|scaling=row_only,proxy_market_lsa,1.0,row_only,0.3925925925925926,0.617372237068715,118.86251339823143,78
34,decision_close_2026_1,proxy_market_lsa|lambda=0.01|scaling=column_standardized,proxy_market_lsa,0.01,column_standardized,0.6947578376149804,0.5410052620733413,140.45928923457728,78
34,decision_close_2026_1,proxy_market_lsa|lambda=0.1|scaling=column_standardized,proxy_market_lsa,0.1,column_standardized,0.6330019187162045,0.5130892261287922,117.4717249517026,78
34,decision_close_2026_1,proxy_market_lsa|lambda=1|scaling=column_standardized,proxy_market_lsa,1.0,column_standardized,0.46580882663356893,0.5956377872440872,117.6925765965916,78
34,decision_close_2026_1,history_transformer|lambda=0.01|scaling=fixed,history_transformer,0.01,fixed,0.5924932249322494,0.6514475346637665,129.53849307720412,78
34,decision_close_2026_1,history_transformer|lambda=0.1|scaling=fixed,history_transformer,0.1,fixed,0.601788104800153,0.604032534641453,121.60623395540584,78
34,decision_close_2026_1,history_transformer|lambda=1|scaling=fixed,history_transformer,1.0,fixed,0.601788104800153,0.5676043888107056,124.53308576381257,78
35,decision_close_2026_2,history|lambda=0.01|scaling=fixed,history,0.01,fixed,0.6007165918576266,0.5343537831013196,126.32001993803351,79
35,decision_close_2026_2,history|lambda=0.1|scaling=fixed,history,0.1,fixed,0.5530686807282552,0.538736625240705,115.42745066984186,79
35,decision_close_2026_2,history|lambda=1|scaling=fixed,history,1.0,fixed,0.26666666666666666,0.6465353085336973,110.27858952799485,79
35,decision_close_2026_2,history_tfidf|lambda=0.01|scaling=row_only,history_tfidf,0.01,row_only,0.617516339869281,0.5149471853509393,119.21321670935151,79
35,decision_close_2026_2,history_tfidf|lambda=0.1|scaling=row_only,history_tfidf,0.1,row_only,0.5667586140147116,0.5290878879249435,113.71989783529617,79
35,decision_close_2026_2,history_tfidf|lambda=1|scaling=row_only,history_tfidf,1.0,row_only,0.26666666666666666,0.64234627244915,110.3944211973963,79
35,decision_close_2026_2,history_tfidf|lambda=0.01|scaling=column_standardized,history_tfidf,0.01,column_standardized,0.6135147392290249,0.6258748372787059,101.3177444874123,79
35,decision_close_2026_2,history_tfidf|lambda=0.1|scaling=column_standardized,history_tfidf,0.1,column_standardized,0.6254101640656263,0.5850422701163039,101.41256320365159,79
35,decision_close_2026_2,history_tfidf|lambda=1|scaling=column_standardized,history_tfidf,1.0,column_standardized,0.6254101640656263,0.5315866909261865,101.78501106675311,79
35,decision_close_2026_2,history_lsa|lambda=0.01|scaling=row_only,history_lsa,0.01,row_only,0.6180703977605871,0.5380796200208179,127.87677297791272,79
35,decision_close_2026_2,history_lsa|lambda=0.1|scaling=row_only,history_lsa,0.1,row_only,0.5522009491081655,0.5309124938581966,115.62265853044754,79
35,decision_close_2026_2,history_lsa|lambda=1|scaling=row_only,history_lsa,1.0,row_only,0.26666666666666666,0.6419063981457677,110.84716769258083,79
35,decision_close_2026_2,history_lsa|lambda=0.01|scaling=column_standardized,history_lsa,0.01,column_standardized,0.5963718820861678,0.5764056069932891,134.9423492077001,79
35,decision_close_2026_2,history_lsa|lambda=0.1|scaling=column_standardized,history_lsa,0.1,column_standardized,0.5616774529818008,0.5356082723235989,120.24189347157765,79
35,decision_close_2026_2,history_lsa|lambda=1|scaling=column_standardized,history_lsa,1.0,column_standardized,0.35999125969627443,0.6080425285255764,114.15608554331851,79
35,decision_close_2026_2,history_qwen_all|lambda=0.01|scaling=fixed,history_qwen_all,0.01,fixed,0.5833877618340755,0.5973483779804658,126.51153276040803,79
35,decision_close_2026_2,history_qwen_all|lambda=0.1|scaling=fixed,history_qwen_all,0.1,fixed,0.5561322984003396,0.567120204383777,114.30786704843494,79
35,decision_close_2026_2,history_qwen_all|lambda=1|scaling=fixed,history_qwen_all,1.0,fixed,0.22033898305084745,0.6497151129618929,109.94025156870761,79
35,decision_close_2026_2,history_qwen_inflation|lambda=0.01|scaling=fixed,history_qwen_inflation,0.01,fixed,0.6301059812247419,0.5449956285932134,128.09910275023088,79
35,decision_close_2026_2,history_qwen_inflation|lambda=0.1|scaling=fixed,history_qwen_inflation,0.1,fixed,0.5473484848484849,0.5483454666263002,116.775665692572,79
35,decision_close_2026_2,history_qwen_inflation|lambda=1|scaling=fixed,history_qwen_inflation,1.0,fixed,0.22033898305084745,0.6464302253578478,111.71312662409375,79
35,decision_close_2026_2,history_qwen_demand|lambda=0.01|scaling=fixed,history_qwen_demand,0.01,fixed,0.5967926032201499,0.5630555395387757,123.47273568280634,79
35,decision_close_2026_2,history_qwen_demand|lambda=0.1|scaling=fixed,history_qwen_demand,0.1,fixed,0.5619558875014588,0.5488622637069372,112.76979451676647,79
35,decision_close_2026_2,history_qwen_demand|lambda=1|scaling=fixed,history_qwen_demand,1.0,fixed,0.22033898305084745,0.6474455713590365,109.1622602475759,79
35,decision_close_2026_2,history_qwen_forward|lambda=0.01|scaling=fixed,history_qwen_forward,0.01,fixed,0.5815673084198291,0.5723741943909331,126.45157977999784,79
35,decision_close_2026_2,history_qwen_forward|lambda=0.1|scaling=fixed,history_qwen_forward,0.1,fixed,0.5578318780412596,0.5561440695476437,115.56488592041822,79
35,decision_close_2026_2,history_qwen_forward|lambda=1|scaling=fixed,history_qwen_forward,1.0,fixed,0.22033898305084745,0.6470214656957246,110.11496004204558,79
35,decision_close_2026_2,history_qwen_scores_only|lambda=0.01|scaling=fixed,history_qwen_scores_only,0.01,fixed,0.5720355572670967,0.5807557674971149,126.91923519393546,79
35,decision_close_2026_2,history_qwen_scores_only|lambda=0.1|scaling=fixed,history_qwen_scores_only,0.1,fixed,0.5609628466771324,0.5488237678767337,114.33454652995823,79
35,decision_close_2026_2,history_qwen_scores_only|lambda=1|scaling=fixed,history_qwen_scores_only,1.0,fixed,0.22033898305084745,0.6496929510680816,108.84537287631855,79
35,decision_close_2026_2,history_qwen_missing_only|lambda=0.01|scaling=fixed,history_qwen_missing_only,0.01,fixed,0.5967926032201499,0.5536348530435488,126.46143387333689,79
35,decision_close_2026_2,history_qwen_missing_only|lambda=0.1|scaling=fixed,history_qwen_missing_only,0.1,fixed,0.5619558875014588,0.5536855048601169,115.65429211006663,79
35,decision_close_2026_2,history_qwen_missing_only|lambda=1|scaling=fixed,history_qwen_missing_only,1.0,fixed,0.22033898305084745,0.6465771964818184,111.20526558538359,79
35,decision_close_2026_2,proxy_market|lambda=0.01|scaling=fixed,proxy_market,0.01,fixed,0.5991919191919192,0.6022529791692321,141.11953190739956,79
35,decision_close_2026_2,proxy_market|lambda=0.1|scaling=fixed,proxy_market,0.1,fixed,0.6378986866791745,0.5362074623922017,121.23209710565266,79
35,decision_close_2026_2,proxy_market|lambda=1|scaling=fixed,proxy_market,1.0,fixed,0.3952069716775599,0.6167326235350147,118.33962765292192,79
35,decision_close_2026_2,proxy_market_lsa|lambda=0.01|scaling=row_only,proxy_market_lsa,0.01,row_only,0.620321184192152,0.5868002592361017,138.13097025603716,79
35,decision_close_2026_2,proxy_market_lsa|lambda=0.1|scaling=row_only,proxy_market_lsa,0.1,row_only,0.6268603827072998,0.5335663081883327,120.44166564100271,79
35,decision_close_2026_2,proxy_market_lsa|lambda=1|scaling=row_only,proxy_market_lsa,1.0,row_only,0.3952069716775599,0.614751914187366,118.41297666708988,79
35,decision_close_2026_2,proxy_market_lsa|lambda=0.01|scaling=column_standardized,proxy_market_lsa,0.01,column_standardized,0.6864646464646466,0.5520015431980532,139.33697011865448,79
35,decision_close_2026_2,proxy_market_lsa|lambda=0.1|scaling=column_standardized,proxy_market_lsa,0.1,column_standardized,0.6256660412757974,0.5170262953817649,117.33622654407472,79
35,decision_close_2026_2,proxy_market_lsa|lambda=1|scaling=column_standardized,proxy_market_lsa,1.0,column_standardized,0.4683774683774684,0.5934207363056418,117.43133554205035,79
35,decision_close_2026_2,history_transformer|lambda=0.01|scaling=fixed,history_transformer,0.01,fixed,0.5862863217576187,0.6684242183632342,129.44898645378257,79
35,decision_close_2026_2,history_transformer|lambda=0.1|scaling=fixed,history_transformer,0.1,fixed,0.5953968253968255,0.6207924234773514,121.74331440956892,79
35,decision_close_2026_2,history_transformer|lambda=1|scaling=fixed,history_transformer,1.0,fixed,0.5953968253968255,0.5803153525753657,124.62823462832391,79
36,decision_close_2026_3,history|lambda=0.01|scaling=fixed,history,0.01,fixed,0.6032679738562091,0.5303982197507835,126.15209773842034,80
36,decision_close_2026_3,history|lambda=0.1|scaling=fixed,history,0.1,fixed,0.5552849927849928,0.5360618105189386,115.34437072145093,80
36,decision_close_2026_3,history|lambda=1|scaling=fixed,history,1.0,fixed,0.26853408029878617,0.6415966775567147,109.67565458396902,80
36,decision_close_2026_3,history_tfidf|lambda=0.01|scaling=row_only,history_tfidf,0.01,row_only,0.6197701149425288,0.5122833043848646,118.38521720373524,80
36,decision_close_2026_3,history_tfidf|lambda=0.1|scaling=row_only,history_tfidf,0.1,row_only,0.5688844643548476,0.5267344714725499,113.49932084993058,80
36,decision_close_2026_3,history_tfidf|lambda=1|scaling=row_only,history_tfidf,1.0,row_only,0.26853408029878617,0.6375182214139382,109.77743802935431,80
36,decision_close_2026_3,history_tfidf|lambda=0.01|scaling=column_standardized,history_tfidf,0.01,column_standardized,0.6062745098039216,0.6383058809517357,100.32622368386566,80
36,decision_close_2026_3,history_tfidf|lambda=0.1|scaling=column_standardized,history_tfidf,0.1,column_standardized,0.618139534883721,0.5934617008499404,100.39444691605124,80
36,decision_close_2026_3,history_tfidf|lambda=1|scaling=column_standardized,history_tfidf,1.0,column_standardized,0.618139534883721,0.5353357703669165,100.62857267212931,80
36,decision_close_2026_3,history_lsa|lambda=0.01|scaling=row_only,history_lsa,0.01,row_only,0.6204327885000155,0.5341766645413215,127.7911073810055,80
36,decision_close_2026_3,history_lsa|lambda=0.1|scaling=row_only,history_lsa,0.1,row_only,0.5543530543530544,0.5282975644787895,115.57318992324421,80
36,decision_close_2026_3,history_lsa|lambda=1|scaling=row_only,history_lsa,1.0,row_only,0.26853408029878617,0.6370681807889289,110.2561020073816,80
36,decision_close_2026_3,history_lsa|lambda=0.01|scaling=column_standardized,history_lsa,0.01,column_standardized,0.5990492582575199,0.5716478527934228,134.732259322163,80
36,decision_close_2026_3,history_lsa|lambda=0.1|scaling=column_standardized,history_lsa,0.1,column_standardized,0.5641194554238033,0.532612745629119,120.35556524026799,80
36,decision_close_2026_3,history_lsa|lambda=1|scaling=column_standardized,history_lsa,1.0,column_standardized,0.36188942565754156,0.6037350398265224,113.7296836992522,80
36,decision_close_2026_3,history_qwen_all|lambda=0.01|scaling=fixed,history_qwen_all,0.01,fixed,0.5858542875564151,0.5934716327532039,126.25954640135747,80
36,decision_close_2026_3,history_qwen_all|lambda=0.1|scaling=fixed,history_qwen_all,0.1,fixed,0.5581455581455582,0.5639169297436234,114.2135191327649,80
36,decision_close_2026_3,history_qwen_all|lambda=1|scaling=fixed,history_qwen_all,1.0,fixed,0.2222222222222222,0.6444719476789258,109.35963604308715,80
36,decision_close_2026_3,history_qwen_inflation|lambda=0.01|scaling=fixed,history_qwen_inflation,0.01,fixed,0.6324683719641703,0.5417415790721801,128.192253733377,80
36,decision_close_2026_3,history_qwen_inflation|lambda=0.1|scaling=fixed,history_qwen_inflation,0.1,fixed,0.5494743351886209,0.5457250372743063,116.90799806380264,80
36,decision_close_2026_3,history_qwen_inflation|lambda=1|scaling=fixed,history_qwen_inflation,1.0,fixed,0.2222222222222222,0.6414180407292751,111.19225432728096,80
36,decision_close_2026_3,history_qwen_demand|lambda=0.01|scaling=fixed,history_qwen_demand,0.01,fixed,0.5993090569561158,0.5583092354693957,123.01453427888035,80
36,decision_close_2026_3,history_qwen_demand|lambda=0.1|scaling=fixed,history_qwen_demand,0.1,fixed,0.5640539160780549,0.54573056825649,112.50701918764453,80
36,decision_close_2026_3,history_qwen_demand|lambda=1|scaling=fixed,history_qwen_demand,1.0,fixed,0.2222222222222222,0.6423790698817805,108.52973216721038,80
36,decision_close_2026_3,history_qwen_forward|lambda=0.01|scaling=fixed,history_qwen_forward,0.01,fixed,0.5838576537334301,0.5680447140206883,126.31071878342001,80
36,decision_close_2026_3,history_qwen_forward|lambda=0.1|scaling=fixed,history_qwen_forward,0.1,fixed,0.5599004359608813,0.5528226726301039,115.49716516981934,80
36,decision_close_2026_3,history_qwen_forward|lambda=1|scaling=fixed,history_qwen_forward,1.0,fixed,0.2222222222222222,0.6418922124208771,109.52173259388437,80
36,decision_close_2026_3,history_qwen_scores_only|lambda=0.01|scaling=fixed,history_qwen_scores_only,0.01,fixed,0.574649936352064,0.5776091245042012,126.6299189405875,80
36,decision_close_2026_3,history_qwen_scores_only|lambda=0.1|scaling=fixed,history_qwen_scores_only,0.1,fixed,0.5630036630036629,0.5463914123525336,114.20336738850679,80
36,decision_close_2026_3,history_qwen_scores_only|lambda=1|scaling=fixed,history_qwen_scores_only,1.0,fixed,0.2222222222222222,0.6446985503968923,108.22726999369647,80
36,decision_close_2026_3,history_qwen_missing_only|lambda=0.01|scaling=fixed,history_qwen_missing_only,0.01,fixed,0.5993090569561158,0.5491952907923716,126.3249194650351,80
36,decision_close_2026_3,history_qwen_missing_only|lambda=0.1|scaling=fixed,history_qwen_missing_only,0.1,fixed,0.5640539160780549,0.550493342700688,115.60462773591026,80
36,decision_close_2026_3,history_qwen_missing_only|lambda=1|scaling=fixed,history_qwen_missing_only,1.0,fixed,0.2222222222222222,0.6414111089649941,110.64100764612108,80
36,decision_close_2026_3,proxy_market|lambda=0.01|scaling=fixed,proxy_market,0.01,fixed,0.6025396825396826,0.5962581728439357,139.71762533756876,80
36,decision_close_2026_3,proxy_market|lambda=0.1|scaling=fixed,proxy_market,0.1,fixed,0.6404151404151404,0.534508054647152,119.90884389761959,80
36,decision_close_2026_3,proxy_market|lambda=1|scaling=fixed,proxy_market,1.0,fixed,0.3977207977207977,0.6133296278282924,117.43452892257694,80
36,decision_close_2026_3,proxy_market_lsa|lambda=0.01|scaling=row_only,proxy_market_lsa,0.01,row_only,0.6232802504423575,0.5810530447542357,136.7338150357316,80
36,decision_close_2026_3,proxy_market_lsa|lambda=0.1|scaling=row_only,proxy_market_lsa,0.1,row_only,0.6294117647058823,0.5318001983856684,119.22520047353271,80
36,decision_close_2026_3,proxy_market_lsa|lambda=1|scaling=row_only,proxy_market_lsa,1.0,row_only,0.3977207977207977,0.6113647474996926,117.52679096751297,80
36,decision_close_2026_3,proxy_market_lsa|lambda=0.01|scaling=column_standardized,proxy_market_lsa,0.01,column_standardized,0.6891197691197691,0.5474854626799464,137.94183161936698,80
36,decision_close_2026_3,proxy_market_lsa|lambda=0.1|scaling=column_standardized,proxy_market_lsa,0.1,column_standardized,0.6283760683760683,0.5147872271333623,116.56369256298372,80
36,decision_close_2026_3,proxy_market_lsa|lambda=1|scaling=column_standardized,proxy_market_lsa,1.0,column_standardized,0.47084438173547083,0.5900877857399276,116.77670243331563,80
36,decision_close_2026_3,history_transformer|lambda=0.01|scaling=fixed,history_transformer,0.01,fixed,0.5892156862745098,0.6601369677157388,128.36365568208117,80
36,decision_close_2026_3,history_transformer|lambda=0.1|scaling=fixed,history_transformer,0.1,fixed,0.5981653746770026,0.6137827375898828,120.29666002148217,80
36,decision_close_2026_3,history_transformer|lambda=1|scaling=fixed,history_transformer,1.0,fixed,0.5981653746770026,0.5766620992446654,123.50157494963507,80
37,decision_close_2026_4,history|lambda=0.01|scaling=fixed,history,0.01,fixed,0.6057020509353167,0.5252878380949684,125.1503682151619,81
37,decision_close_2026_4,history|lambda=0.1|scaling=fixed,history,0.1,fixed,0.5574108431251289,0.5319316634899646,114.47677070588642,81
37,decision_close_2026_4,history|lambda=1|scaling=fixed,history,1.0,fixed,0.2703397612488521,0.6364855233580934,108.5771676071558,81
37,decision_close_2026_4,history_tfidf|lambda=0.01|scaling=row_only,history_tfidf,0.01,row_only,0.6219225967540574,0.5073876582204921,116.9476563536001,81
37,decision_close_2026_4,history_tfidf|lambda=0.1|scaling=row_only,history_tfidf,0.1,row_only,0.5709252806813782,0.5227656730792951,112.524864484814,81
37,decision_close_2026_4,history_tfidf|lambda=1|scaling=row_only,history_tfidf,1.0,row_only,0.2703397612488521,0.632492141867186,108.67340186679733,81
37,decision_close_2026_4,history_tfidf|lambda=0.01|scaling=column_standardized,history_tfidf,0.01,column_standardized,0.6088888888888889,0.6304269667535429,99.46211781047289,81
37,decision_close_2026_4,history_tfidf|lambda=0.1|scaling=column_standardized,history_tfidf,0.1,column_standardized,0.6206060606060606,0.5861749269423344,99.50520485268825,81
37,decision_close_2026_4,history_tfidf|lambda=1|scaling=column_standardized,history_tfidf,1.0,column_standardized,0.6206060606060606,0.5294003024898287,99.56726617513024,81
37,decision_close_2026_4,history_lsa|lambda=0.01|scaling=row_only,history_lsa,0.01,row_only,0.6226865635732631,0.5290546247672308,126.58413431328499,81
37,decision_close_2026_4,history_lsa|lambda=0.1|scaling=row_only,history_lsa,0.1,row_only,0.5564199277070564,0.5243366356426513,114.62980111849113,81
37,decision_close_2026_4,history_lsa|lambda=1|scaling=row_only,history_lsa,1.0,row_only,0.2703397612488521,0.6320622845185636,109.1585761557723,81
37,decision_close_2026_4,history_lsa|lambda=0.01|scaling=column_standardized,history_lsa,0.01,column_standardized,0.6016006402561025,0.5657658820794933,133.38499091747764,81
37,decision_close_2026_4,history_lsa|lambda=0.1|scaling=column_standardized,history_lsa,0.1,column_standardized,0.5664586367103529,0.5289821957234371,119.37170332030323,81
37,decision_close_2026_4,history_lsa|lambda=1|scaling=column_standardized,history_lsa,1.0,column_standardized,0.3637226970560304,0.5995401146424895,112.67569945765277,81
37,decision_close_2026_4,history_qwen_all|lambda=0.01|scaling=fixed,history_qwen_all,0.01,fixed,0.5882111899133176,0.5874206152625238,125.12239995887444,81
37,decision_close_2026_4,history_qwen_all|lambda=0.1|scaling=fixed,history_qwen_all,0.1,fixed,0.5600790848315601,0.5591587490832761,113.28672489517761,81
37,decision_close_2026_4,history_qwen_all|lambda=1|scaling=fixed,history_qwen_all,1.0,fixed,0.22404371584699453,0.6390693614118017,108.27159290747709,81
37,decision_close_2026_4,history_qwen_inflation|lambda=0.01|scaling=fixed,history_qwen_inflation,0.01,fixed,0.6347221470374179,0.5366062648492069,127.35821262050013,81
37,decision_close_2026_4,history_qwen_inflation|lambda=0.1|scaling=fixed,history_qwen_inflation,0.1,fixed,0.5515151515151515,0.5414407361162009,116.1861759319173,81
37,decision_close_2026_4,history_qwen_inflation|lambda=1|scaling=fixed,history_qwen_inflation,1.0,fixed,0.22404371584699453,0.6362233365304384,110.16214437834316,81
37,decision_close_2026_4,history_qwen_demand|lambda=0.01|scaling=fixed,history_qwen_demand,0.01,fixed,0.6017084663322693,0.5525797334102384,121.7679740089038,81
37,decision_close_2026_4,history_qwen_demand|lambda=0.1|scaling=fixed,history_qwen_demand,0.1,fixed,0.5660671758232735,0.5412778772170694,111.48521243251045,81
37,decision_close_2026_4,history_qwen_demand|lambda=1|scaling=fixed,history_qwen_demand,1.0,fixed,0.22404371584699453,0.637147628733,107.40359315185178,81
37,decision_close_2026_4,history_qwen_forward|lambda=0.01|scaling=fixed,history_qwen_forward,0.01,fixed,0.5860462059219823,0.5623170207492629,125.32022004858088,81
37,decision_close_2026_4,history_qwen_forward|lambda=0.1|scaling=fixed,history_qwen_forward,0.1,fixed,0.5618845629450083,0.548156241123243,114.63417212318551,81
37,decision_close_2026_4,history_qwen_forward|lambda=1|scaling=fixed,history_qwen_forward,1.0,fixed,0.22404371584699453,0.6366099407992496,108.43335466962778,81
37,decision_close_2026_4,history_qwen_scores_only|lambda=0.01|scaling=fixed,history_qwen_scores_only,0.01,fixed,0.5771468152534373,0.5720206705735239,125.46351668686998,81
37,decision_close_2026_4,history_qwen_scores_only|lambda=0.1|scaling=fixed,history_qwen_scores_only,0.1,fixed,0.5649644473173886,0.5421889344504519,113.24646044432839,81
37,decision_close_2026_4,history_qwen_scores_only|lambda=1|scaling=fixed,history_qwen_scores_only,1.0,fixed,0.22404371584699453,0.6395338366744671,107.10311686468673,81
37,decision_close_2026_4,history_qwen_missing_only|lambda=0.01|scaling=fixed,history_qwen_missing_only,0.01,fixed,0.6017084663322693,0.5437212456301682,125.35014209296261,81
37,decision_close_2026_4,history_qwen_missing_only|lambda=0.1|scaling=fixed,history_qwen_missing_only,0.1,fixed,0.5660671758232735,0.545964371782877,114.76690890845528,81
37,decision_close_2026_4,history_qwen_missing_only|lambda=1|scaling=fixed,history_qwen_missing_only,1.0,fixed,0.22404371584699453,0.6360803081990911,109.58088006365834,81
37,decision_close_2026_4,proxy_market|lambda=0.01|scaling=fixed,proxy_market,0.01,fixed,0.6057179388824959,0.5901342551927784,138.6511530364073,81
37,decision_close_2026_4,proxy_market|lambda=0.1|scaling=fixed,proxy_market,0.1,fixed,0.6428145497912939,0.5312679934026859,118.70305949084897,81
37,decision_close_2026_4,proxy_market|lambda=1|scaling=fixed,proxy_market,1.0,fixed,0.40013976240391336,0.6095168034943576,116.1263395277157,81
37,decision_close_2026_4,proxy_market_lsa|lambda=0.01|scaling=row_only,proxy_market_lsa,0.01,row_only,0.6260931899641577,0.5749727029379815,135.71742179875704,81
37,decision_close_2026_4,proxy_market_lsa|lambda=0.1|scaling=row_only,proxy_market_lsa,0.1,row_only,0.6318458417849899,0.5285568618190863,117.97564311315406,81
37,decision_close_2026_4,proxy_market_lsa|lambda=1|scaling=row_only,proxy_market_lsa,1.0,row_only,0.40013976240391336,0.6075811943034473,116.22935431132312,81
37,decision_close_2026_4,proxy_market_lsa|lambda=0.01|scaling=column_standardized,proxy_market_lsa,0.01,column_standardized,0.6916404551847589,0.5416311027005373,136.84912753359532,81
37,decision_close_2026_4,proxy_market_lsa|lambda=0.1|scaling=column_standardized,proxy_market_lsa,0.1,column_standardized,0.6309600477042338,0.511494009541675,115.20539389599138,81
37,decision_close_2026_4,proxy_market_lsa|lambda=1|scaling=column_standardized,proxy_market_lsa,1.0,column_standardized,0.47321549263296836,0.5866520130481939,115.61285361902164,81
37,decision_close_2026_4,history_transformer|lambda=0.01|scaling=fixed,history_transformer,0.01,fixed,0.592010367365337,0.6519878140234965,128.5889879564002,81
37,decision_close_2026_4,history_transformer|lambda=0.1|scaling=fixed,history_transformer,0.1,fixed,0.6008080808080809,0.6062670029558953,120.55951574556522,81
37,decision_close_2026_4,history_transformer|lambda=1|scaling=fixed,history_transformer,1.0,fixed,0.6008080808080809,0.5711298135422826,122.88615878760882,81