fold,origin_id,origin_date,arm,inner_n,direction_candidate,magnitude_candidate,probability_candidate,true_class,predicted_class,probabilities,true_action_bp,predicted_action_bp
1,decision_close_2023_1,2023-01-19,history,45,history|lambda=0.001|scaling=fixed,history|lambda=1|scaling=fixed,history|lambda=0.1|scaling=fixed,cut,hold,"[0.0527353432989092, 0.8750066333832478, 0.07225802331784288]",-50,-1.7720644339865728
2,decision_close_2023_2,2023-02-23,history,46,history|lambda=0.001|scaling=fixed,history|lambda=1|scaling=fixed,history|lambda=0.1|scaling=fixed,hold,hold,"[0.11488445540688709, 0.8255598551491637, 0.05955568944394917]",0,-6.280189577764948
3,decision_close_2023_3,2023-03-23,history,47,history|lambda=0.001|scaling=fixed,history|lambda=1|scaling=fixed,history|lambda=0.1|scaling=fixed,hold,hold,"[0.04628436753373776, 0.8502728124890443, 0.10344281997721798]",0,-1.2920201977627777
4,decision_close_2023_4,2023-04-27,history,48,history|lambda=0.001|scaling=fixed,history|lambda=1|scaling=fixed,history|lambda=0.1|scaling=fixed,hold,hold,"[0.03903128652485637, 0.8978075576223356, 0.06316115585280789]",0,0.1238721642495097
5,decision_close_2023_5,2023-05-25,history,49,history|lambda=0.001|scaling=fixed,history|lambda=1|scaling=fixed,history|lambda=0.1|scaling=fixed,hike,hold,"[0.03756083708492429, 0.8476128010561588, 0.11482636185891695]",650,6.75776310759477
6,decision_close_2023_6,2023-06-22,history,50,history|lambda=0.001|scaling=fixed,history|lambda=1|scaling=fixed,history|lambda=0.1|scaling=fixed,hike,hike,"[8.749965904015849e-10, 0.46507844839494605, 0.5349215507300575]",250,118.45866637845288
7,decision_close_2023_7,2023-07-20,history,51,history|lambda=0.001|scaling=fixed,history|lambda=1|scaling=fixed,history|lambda=0.1|scaling=fixed,hike,hike,"[1.1289683049076013e-05, 0.3233199213068479, 0.6766687890101031]",750,149.54346942582927
8,decision_close_2023_8,2023-08-24,history,52,history|lambda=0.001|scaling=fixed,history|lambda=1|scaling=fixed,history|lambda=0.01|scaling=fixed,hike,hike,"[2.592271429829372e-13, 0.037363669854139976, 0.9626363301456005]",500,254.7639615255424
9,decision_close_2023_9,2023-09-21,history,53,history|lambda=0.001|scaling=fixed,history|lambda=1|scaling=fixed,history|lambda=0.01|scaling=fixed,hike,hike,"[4.138860980076619e-09, 0.04765428225474691, 0.9523457136063924]",500,326.847576250055
10,decision_close_2023_10,2023-10-26,history,54,history|lambda=0.001|scaling=fixed,history|lambda=1|scaling=fixed,history|lambda=0.01|scaling=fixed,hike,hike,"[1.5839596223606824e-09, 0.07789634140393771, 0.9221036570121031]",500,299.1413911433279
11,decision_close_2023_11,2023-11-23,history,55,history|lambda=0.001|scaling=fixed,history|lambda=1|scaling=fixed,history|lambda=0.01|scaling=fixed,hike,hike,"[4.65775285695054e-08, 0.10749733068508828, 0.8925026227373828]",250,306.5176956319558
12,decision_close_2023_12,2023-12-21,history,56,history|lambda=0.001|scaling=fixed,history|lambda=1|scaling=fixed,history|lambda=0.01|scaling=fixed,hike,hike,"[0.00017006146112101474, 0.30916735780276267, 0.6906625807361162]",250,233.52955691324246
13,decision_close_2024_1,2024-01-25,history,57,history|lambda=0.001|scaling=fixed,history|lambda=1|scaling=fixed,history|lambda=0.01|scaling=fixed,hold,hold,"[0.0010510863379347075, 0.58786322108109, 0.41108569258097544]",0,161.42391273039644
14,decision_close_2024_2,2024-02-22,history,58,history|lambda=0.001|scaling=fixed,history|lambda=1|scaling=fixed,history|lambda=0.01|scaling=fixed,hike,cut,"[0.8510832250516606, 0.14025876752948918, 0.00865800741885041]",500,79.81073726725812
15,decision_close_2024_3,2024-03-21,history,59,history|lambda=0.001|scaling=fixed,history|lambda=1|scaling=fixed,history|lambda=0.01|scaling=fixed,hold,hike,"[7.1457792448335405e-06, 0.3342405754134547, 0.6657522788073001]",0,167.44057947719648
16,decision_close_2024_4,2024-04-25,history,60,history|lambda=0.001|scaling=fixed,history|lambda=1|scaling=fixed,history|lambda=0.01|scaling=fixed,hold,cut,"[0.4983701492108037, 0.41160880417679496, 0.0900210466124014]",0,147.19358914735938
17,decision_close_2024_5,2024-05-23,history,61,history|lambda=0.001|scaling=fixed,history|lambda=1|scaling=fixed,history|lambda=0.01|scaling=fixed,hold,cut,"[0.5102177596811553, 0.43641595214801554, 0.0533662881708291]",0,49.73959614559998
18,decision_close_2024_6,2024-06-27,history,62,history|lambda=0.001|scaling=fixed,history|lambda=1|scaling=fixed,history|lambda=0.01|scaling=fixed,hold,cut,"[0.7887578962249331, 0.20896772373460182, 0.002274380040465272]",0,3.8406045056314064
19,decision_close_2024_7,2024-07-23,history,63,history|lambda=0.001|scaling=fixed,history|lambda=1|scaling=fixed,history|lambda=0.01|scaling=fixed,hold,hold,"[0.41388775316400406, 0.5718425474605081, 0.014269699375487922]",0,16.323567009533146
20,decision_close_2024_8,2024-08-20,history,64,history|lambda=0.001|scaling=fixed,history|lambda=1|scaling=fixed,history|lambda=0.1|scaling=fixed,hold,hold,"[0.25003045605790647, 0.7362146871808314, 0.013754856761262282]",0,13.043630795754563
21,decision_close_2024_9,2024-09-19,history,65,history|lambda=0.001|scaling=fixed,history|lambda=1|scaling=fixed,history|lambda=0.01|scaling=fixed,hold,hold,"[0.18357779540255323, 0.8048711166806785, 0.011551087916768272]",0,10.080217000185446
22,decision_close_2024_10,2024-10-17,history,66,history|lambda=0.001|scaling=fixed,history|lambda=1|scaling=fixed,history|lambda=0.01|scaling=fixed,hold,hold,"[0.14588080038741022, 0.8398633918045498, 0.014255807808039958]",0,12.619132448060826
23,decision_close_2024_11,2024-11-21,history,67,history|lambda=0.001|scaling=fixed,history|lambda=1|scaling=fixed,history|lambda=0.01|scaling=fixed,cut,hold,"[0.12375178792348637, 0.8694426952929053, 0.006805516783608093]",-250,3.146032981287439
24,decision_close_2024_12,2024-12-26,history,68,history|lambda=0.001|scaling=fixed,history|lambda=1|scaling=fixed,history|lambda=0.1|scaling=fixed,cut,cut,"[0.9958191982984533, 0.0041679730371910586, 1.2828664355870147e-05]",-250,-60.70341606306938
25,decision_close_2025_1,2025-01-23,history,69,history|lambda=0.001|scaling=fixed,history|lambda=1|scaling=fixed,history|lambda=0.01|scaling=fixed,cut,cut,"[0.9977578063823038, 0.0022375782926855334, 4.615325011041765e-06]",-250,-121.36416755899045
26,decision_close_2025_2,2025-03-06,history,70,history|lambda=0.001|scaling=fixed,history|lambda=1|scaling=fixed,history|lambda=0.01|scaling=fixed,hold,cut,"[0.9993712597769872, 0.0006285807778058212, 1.594452067361926e-07]",0,-161.0030215797085
27,decision_close_2025_3,2025-03-20,history,71,history|lambda=0.001|scaling=fixed,history|lambda=1|scaling=fixed,history|lambda=0.1|scaling=fixed,hike,hold,"[0.42566999604299366, 0.566759210277276, 0.007570793679730456]",350,-60.539429923379785
28,decision_close_2025_4,2025-04-17,history,72,history|lambda=0.001|scaling=fixed,history|lambda=1|scaling=fixed,history|lambda=0.1|scaling=fixed,hold,hold,"[0.0002019453700367101, 0.7507772542704206, 0.24902080035954247]",0,76.21486811739156
29,decision_close_2025_5,2025-06-19,history,73,history|lambda=0.001|scaling=fixed,history|lambda=1|scaling=fixed,history|lambda=0.1|scaling=fixed,cut,hold,"[0.06049362949075298, 0.9375872661234087, 0.0019191043858385072]",-300,32.744182716328694
30,decision_close_2025_6,2025-07-24,history,74,history|lambda=0.001|scaling=fixed,history|lambda=1|scaling=fixed,history|lambda=0.1|scaling=fixed,cut,cut,"[0.9649759070523476, 0.0344413124173027, 0.0005827805303497438]",-250,-51.243346327621765
31,decision_close_2025_7,2025-09-11,history,75,history|lambda=0.001|scaling=fixed,history|lambda=1|scaling=fixed,history|lambda=0.01|scaling=fixed,cut,cut,"[0.9733899556685318, 0.026596433183911725, 1.3611147556477844e-05]",-100,-160.29694848534092
32,decision_close_2025_8,2025-10-23,history,76,history|lambda=0.001|scaling=fixed,history|lambda=1|scaling=fixed,history|lambda=0.01|scaling=fixed,cut,cut,"[0.8031044691765443, 0.196498815445579, 0.0003967153778765145]",-150,-114.2815791322692
33,decision_close_2025_9,2025-12-11,history,77,history|lambda=0.001|scaling=fixed,history|lambda=1|scaling=fixed,history|lambda=0.01|scaling=fixed,cut,cut,"[0.9407957597450697, 0.05912834043364344, 7.589982128684547e-05]",-100,-105.8039683005429
34,decision_close_2026_1,2026-01-22,history,78,history|lambda=0.001|scaling=fixed,history|lambda=1|scaling=fixed,history|lambda=0.01|scaling=fixed,hold,cut,"[0.7261699360426308, 0.2726249907319847, 0.0012050732253846073]",0,-79.60478422329935
35,decision_close_2026_2,2026-03-12,history,79,history|lambda=0.001|scaling=fixed,history|lambda=1|scaling=fixed,history|lambda=0.01|scaling=fixed,hold,hold,"[0.2505911456847711, 0.7473674708485721, 0.002041383466656677]",0,-62.04379400592922
36,decision_close_2026_3,2026-04-22,history,80,history|lambda=0.001|scaling=fixed,history|lambda=1|scaling=fixed,history|lambda=0.01|scaling=fixed,hold,hold,"[0.19213824153134268, 0.7968913874428719, 0.010970371025785545]",0,-20.698209462098248
37,decision_close_2026_4,2026-06-11,history,81,history|lambda=0.001|scaling=fixed,history|lambda=1|scaling=fixed,history|lambda=0.01|scaling=fixed,hold,hold,"[0.1504807462515805, 0.8458471412644754, 0.003672112483944108]",0,-31.94261103307824
1,decision_close_2023_1,2023-01-19,history_tfidf,45,history_tfidf|lambda=1|scaling=column_standardized,history_tfidf|lambda=1|scaling=column_standardized,history_tfidf|lambda=1|scaling=column_standardized,cut,hold,"[0.13690185154399262, 0.8508094761959394, 0.012288672260067806]",-50,-38.59033485215767
2,decision_close_2023_2,2023-02-23,history_tfidf,46,history_tfidf|lambda=1|scaling=column_standardized,history_tfidf|lambda=1|scaling=column_standardized,history_tfidf|lambda=1|scaling=column_standardized,hold,cut,"[0.829755180636792, 0.1616057397613071, 0.008639079601900785]",0,-40.72270400601264
3,decision_close_2023_3,2023-03-23,history_tfidf,47,history_tfidf|lambda=0.001|scaling=row_only,history_tfidf|lambda=1|scaling=column_standardized,history_tfidf|lambda=10|scaling=column_standardized,hold,hold,"[0.08887854701245897, 0.8756547394066383, 0.03546671358090266]",0,3.13255133666982
4,decision_close_2023_4,2023-04-27,history_tfidf,48,history_tfidf|lambda=0.001|scaling=row_only,history_tfidf|lambda=1|scaling=column_standardized,history_tfidf|lambda=10|scaling=column_standardized,hold,hold,"[0.028035198974968027, 0.9598810603937982, 0.012083740631233799]",0,-2.8471729571889863
5,decision_close_2023_5,2023-05-25,history_tfidf,49,history_tfidf|lambda=0.001|scaling=row_only,history_tfidf|lambda=1|scaling=column_standardized,history_tfidf|lambda=10|scaling=column_standardized,hike,hold,"[0.035454320134163435, 0.9422615651889487, 0.02228411467688769]",650,-6.0135506131671495
6,decision_close_2023_6,2023-06-22,history_tfidf,50,history_tfidf|lambda=0.001|scaling=row_only,history_tfidf|lambda=1|scaling=column_standardized,history_tfidf|lambda=10|scaling=column_standardized,hike,hold,"[3.131827395001827e-07, 0.812523585824199, 0.18747610099306145]",250,52.83005419594694
7,decision_close_2023_7,2023-07-20,history_tfidf,51,history_tfidf|lambda=0.001|scaling=row_only,history_tfidf|lambda=1|scaling=column_standardized,history_tfidf|lambda=10|scaling=column_standardized,hike,hike,"[0.0003377918150084976, 0.4555535557739641, 0.5441086524110275]",750,133.48199775050057
8,decision_close_2023_8,2023-08-24,history_tfidf,52,history_tfidf|lambda=1|scaling=column_standardized,history_tfidf|lambda=0.001|scaling=column_standardized,history_tfidf|lambda=10|scaling=column_standardized,hike,hike,"[0.03701745565588876, 0.1250639726635714, 0.8379185716805398]",500,561.8534126635172
9,decision_close_2023_9,2023-09-21,history_tfidf,53,history_tfidf|lambda=1|scaling=column_standardized,history_tfidf|lambda=1|scaling=column_standardized,history_tfidf|lambda=1|scaling=column_standardized,hike,hike,"[0.03440450176971883, 0.06853162264922508, 0.8970638755810563]",500,463.321350594015
10,decision_close_2023_10,2023-10-26,history_tfidf,54,history_tfidf|lambda=1|scaling=column_standardized,history_tfidf|lambda=1|scaling=column_standardized,history_tfidf|lambda=1|scaling=column_standardized,hike,hike,"[0.02503016291169717, 0.06940058711300404, 0.905569249975299]",500,462.0536734041208
11,decision_close_2023_11,2023-11-23,history_tfidf,55,history_tfidf|lambda=1|scaling=column_standardized,history_tfidf|lambda=1|scaling=column_standardized,history_tfidf|lambda=1|scaling=column_standardized,hike,hike,"[0.08818386829826434, 0.20502849212910665, 0.706787639572629]",250,239.5474748522495
12,decision_close_2023_12,2023-12-21,history_tfidf,56,history_tfidf|lambda=1|scaling=column_standardized,history_tfidf|lambda=1|scaling=column_standardized,history_tfidf|lambda=1|scaling=column_standardized,hike,hike,"[0.03446227119941044, 0.06537289782247026, 0.9001648309781191]",250,237.2816308309257
13,decision_close_2024_1,2024-01-25,history_tfidf,57,history_tfidf|lambda=1|scaling=column_standardized,history_tfidf|lambda=1|scaling=column_standardized,history_tfidf|lambda=1|scaling=column_standardized,hold,hike,"[0.059606185012154055, 0.13145896094546006, 0.8089348540423859]",0,219.5300807191285
14,decision_close_2024_2,2024-02-22,history_tfidf,58,history_tfidf|lambda=1|scaling=column_standardized,history_tfidf|lambda=1|scaling=column_standardized,history_tfidf|lambda=0.01|scaling=row_only,hike,hold,"[0.0460423891463085, 0.6690906406008659, 0.2848669702528257]",500,134.1420130777828
15,decision_close_2024_3,2024-03-21,history_tfidf,59,history_tfidf|lambda=1|scaling=column_standardized,history_tfidf|lambda=1|scaling=column_standardized,history_tfidf|lambda=0.01|scaling=row_only,hold,hike,"[0.043078783882638576, 0.26424596790764415, 0.6926752482097173]",0,328.08615169630343
16,decision_close_2024_4,2024-04-25,history_tfidf,60,history_tfidf|lambda=1|scaling=column_standardized,history_tfidf|lambda=1|scaling=column_standardized,history_tfidf|lambda=10|scaling=column_standardized,hold,hold,"[0.01850765579185067, 0.9049986161078784, 0.07649372810027084]",0,22.60970441525015
17,decision_close_2024_5,2024-05-23,history_tfidf,61,history_tfidf|lambda=1|scaling=column_standardized,history_tfidf|lambda=1|scaling=column_standardized,history_tfidf|lambda=10|scaling=column_standardized,hold,hold,"[0.017533266588510753, 0.8768819238898247, 0.1055848095216645]",0,64.56090748961105
18,decision_close_2024_6,2024-06-27,history_tfidf,62,history_tfidf|lambda=1|scaling=column_standardized,history_tfidf|lambda=1|scaling=column_standardized,history_tfidf|lambda=10|scaling=column_standardized,hold,hold,"[0.012058207057630936, 0.9440373641048898, 0.043904428837479074]",0,32.863022199096484
19,decision_close_2024_7,2024-07-23,history_tfidf,63,history_tfidf|lambda=1|scaling=column_standardized,history_tfidf|lambda=1|scaling=column_standardized,history_tfidf|lambda=1|scaling=column_standardized,hold,hold,"[0.023102102491284963, 0.9201454204324475, 0.05675247707626761]",0,21.670722035880985
20,decision_close_2024_8,2024-08-20,history_tfidf,64,history_tfidf|lambda=1|scaling=column_standardized,history_tfidf|lambda=0.001|scaling=column_standardized,history_tfidf|lambda=1|scaling=column_standardized,hold,hold,"[0.0191426227258944, 0.9316139637590726, 0.04924341351503313]",0,3.453782008782791
21,decision_close_2024_9,2024-09-19,history_tfidf,65,history_tfidf|lambda=1|scaling=column_standardized,history_tfidf|lambda=0.001|scaling=column_standardized,history_tfidf|lambda=1|scaling=column_standardized,hold,hold,"[0.01766504223103226, 0.9364770930347976, 0.045857864734169904]",0,36.66985775926729
22,decision_close_2024_10,2024-10-17,history_tfidf,66,history_tfidf|lambda=1|scaling=column_standardized,history_tfidf|lambda=0.001|scaling=column_standardized,history_tfidf|lambda=1|scaling=column_standardized,hold,hold,"[0.01947376738632004, 0.9452776671865251, 0.035248565427155105]",0,-23.222124067709437
23,decision_close_2024_11,2024-11-21,history_tfidf,67,history_tfidf|lambda=1|scaling=column_standardized,history_tfidf|lambda=0.001|scaling=column_standardized,history_tfidf|lambda=1|scaling=column_standardized,cut,hold,"[0.014477593788126106, 0.9554320079666339, 0.030090398245239902]",-250,18.62823400398772
24,decision_close_2024_12,2024-12-26,history_tfidf,68,history_tfidf|lambda=1|scaling=column_standardized,history_tfidf|lambda=0.001|scaling=column_standardized,history_tfidf|lambda=10|scaling=column_standardized,cut,hold,"[0.21666440191488984, 0.7311222864004348, 0.05221331168467533]",-250,-161.72980101295053
25,decision_close_2025_1,2025-01-23,history_tfidf,69,history_tfidf|lambda=1|scaling=column_standardized,history_tfidf|lambda=0.001|scaling=column_standardized,history_tfidf|lambda=0.01|scaling=row_only,cut,cut,"[0.7596745166145791, 0.17924078274071448, 0.061084700644706474]",-250,-229.01714247156755
26,decision_close_2025_2,2025-03-06,history_tfidf,70,history_tfidf|lambda=1|scaling=column_standardized,history_tfidf|lambda=0.001|scaling=column_standardized,history_tfidf|lambda=0.01|scaling=row_only,hold,cut,"[0.8190049281361159, 0.09999634743878624, 0.08099872442509795]",0,-173.58346846915845
27,decision_close_2025_3,2025-03-20,history_tfidf,71,history_tfidf|lambda=1|scaling=column_standardized,history_tfidf|lambda=0.001|scaling=column_standardized,history_tfidf|lambda=10|scaling=column_standardized,hike,hold,"[0.07940271197613841, 0.8502508015420157, 0.07034648648184594]",350,-21.27262452442338
28,decision_close_2025_4,2025-04-17,history_tfidf,72,history_tfidf|lambda=1|scaling=column_standardized,history_tfidf|lambda=0.001|scaling=column_standardized,history_tfidf|lambda=10|scaling=column_standardized,hold,hold,"[0.2640057161700221, 0.639474864511477, 0.0965194193185009]",0,-35.992273038551225
29,decision_close_2025_5,2025-06-19,history_tfidf,73,history_tfidf|lambda=1|scaling=column_standardized,history_tfidf|lambda=0.001|scaling=column_standardized,history_tfidf|lambda=10|scaling=column_standardized,cut,hold,"[0.14231582399215267, 0.8116953886615429, 0.045988787346304474]",-300,-44.42913262150251
30,decision_close_2025_6,2025-07-24,history_tfidf,74,history_tfidf|lambda=1|scaling=column_standardized,history_tfidf|lambda=0.001|scaling=column_standardized,history_tfidf|lambda=10|scaling=column_standardized,cut,cut,"[0.5633762564647881, 0.3530352217611784, 0.08358852177403371]",-250,-74.51441713318756
31,decision_close_2025_7,2025-09-11,history_tfidf,75,history_tfidf|lambda=1|scaling=column_standardized,history_tfidf|lambda=0.001|scaling=column_standardized,history_tfidf|lambda=10|scaling=column_standardized,cut,hold,"[0.41305538391358954, 0.5452432133656602, 0.041701402720750166]",-100,-111.62197685926334
32,decision_close_2025_8,2025-10-23,history_tfidf,76,history_tfidf|lambda=0.001|scaling=row_only,history_tfidf|lambda=0.001|scaling=column_standardized,history_tfidf|lambda=0.01|scaling=row_only,cut,cut,"[0.5993542908924737, 0.396004667874757, 0.004641041232769411]",-150,3.1830787539008645
33,decision_close_2025_9,2025-12-11,history_tfidf,77,history_tfidf|lambda=0.001|scaling=row_only,history_tfidf|lambda=0.001|scaling=column_standardized,history_tfidf|lambda=0.01|scaling=row_only,cut,cut,"[0.9093075163400135, 0.08988024792088735, 0.0008122357390992096]",-100,-154.15789855016334
34,decision_close_2026_1,2026-01-22,history_tfidf,78,history_tfidf|lambda=0.001|scaling=row_only,history_tfidf|lambda=0.001|scaling=column_standardized,history_tfidf|lambda=0.01|scaling=row_only,hold,cut,"[0.8128985532808459, 0.18186009390085128, 0.0052413528183028035]",0,-120.64999084688084
35,decision_close_2026_2,2026-03-12,history_tfidf,79,history_tfidf|lambda=0.001|scaling=row_only,history_tfidf|lambda=0.001|scaling=column_standardized,history_tfidf|lambda=0.01|scaling=row_only,hold,hold,"[0.4124765251077591, 0.5766323704990756, 0.010891104393165419]",0,-22.218363857940744
36,decision_close_2026_3,2026-04-22,history_tfidf,80,history_tfidf|lambda=0.001|scaling=row_only,history_tfidf|lambda=0.001|scaling=column_standardized,history_tfidf|lambda=0.01|scaling=row_only,hold,hold,"[0.14191924582775323, 0.8399040347797575, 0.018176719392489053]",0,30.539434713970458
37,decision_close_2026_4,2026-06-11,history_tfidf,81,history_tfidf|lambda=0.001|scaling=row_only,history_tfidf|lambda=0.001|scaling=column_standardized,history_tfidf|lambda=0.01|scaling=row_only,hold,hold,"[0.12379811406298188, 0.8711378666431701, 0.0050640192938482586]",0,-43.87957732821009
1,decision_close_2023_1,2023-01-19,history_lsa,45,history_lsa|lambda=0.001|scaling=column_standardized,history_lsa|lambda=1|scaling=row_only,history_lsa|lambda=0.1|scaling=column_standardized,cut,hold,"[0.0009904572442224863, 0.9990021338663382, 7.408889439107661e-06]",-50,-3.707494908257557
2,decision_close_2023_2,2023-02-23,history_lsa,46,history_lsa|lambda=0.001|scaling=column_standardized,history_lsa|lambda=1|scaling=row_only,history_lsa|lambda=0.1|scaling=column_standardized,hold,hold,"[0.1116803051263999, 0.888191131802117, 0.0001285630714832664]",0,-8.726321012378433
3,decision_close_2023_3,2023-03-23,history_lsa,47,history_lsa|lambda=0.001|scaling=column_standardized,history_lsa|lambda=1|scaling=row_only,history_lsa|lambda=0.1|scaling=column_standardized,hold,hold,"[0.022626210560029617, 0.9772588410533942, 0.00011494838657591859]",0,-3.264996502252609
4,decision_close_2023_4,2023-04-27,history_lsa,48,history_lsa|lambda=0.001|scaling=column_standardized,history_lsa|lambda=1|scaling=row_only,history_lsa|lambda=0.1|scaling=column_standardized,hold,hold,"[0.0156470110858339, 0.9843207936893369, 3.219522482901944e-05]",0,-1.9530809335048
5,decision_close_2023_5,2023-05-25,history_lsa,49,history_lsa|lambda=0.001|scaling=column_standardized,history_lsa|lambda=1|scaling=row_only,history_lsa|lambda=0.1|scaling=column_standardized,hike,hold,"[0.012769134483676458, 0.9872176143491553, 1.3251167167999484e-05]",650,5.227357898934787
6,decision_close_2023_6,2023-06-22,history_lsa,50,history_lsa|lambda=0.001|scaling=column_standardized,history_lsa|lambda=1|scaling=row_only,history_lsa|lambda=0.1|scaling=column_standardized,hike,hold,"[1.0536731051222358e-05, 0.7513109270721459, 0.2486785361968026]",250,118.37788909679689
7,decision_close_2023_7,2023-07-20,history_lsa,51,history_lsa|lambda=0.001|scaling=column_standardized,history_lsa|lambda=1|scaling=row_only,history_lsa|lambda=0.1|scaling=column_standardized,hike,hike,"[0.00021031909520046211, 0.14269411897137063, 0.8570955619334286]",750,149.42395054868462
8,decision_close_2023_8,2023-08-24,history_lsa,52,history_lsa|lambda=0.001|scaling=column_standardized,history_lsa|lambda=1|scaling=row_only,history_lsa|lambda=0.1|scaling=column_standardized,hike,hold,"[2.2278896718177295e-05, 0.5118445190058097, 0.4881332020974721]",500,254.60424806346788
9,decision_close_2023_9,2023-09-21,history_lsa,53,history_lsa|lambda=0.01|scaling=row_only,history_lsa|lambda=1|scaling=row_only,history_lsa|lambda=0.1|scaling=column_standardized,hike,hike,"[4.693263070913601e-06, 0.09878914009844648, 0.9012061666384827]",500,327.18477013420016
10,decision_close_2023_10,2023-10-26,history_lsa,54,history_lsa|lambda=0.01|scaling=row_only,history_lsa|lambda=1|scaling=row_only,history_lsa|lambda=0.1|scaling=column_standardized,hike,hike,"[1.1752188645012535e-05, 0.11351122947800026, 0.8864770183333547]",500,303.54071365585276
11,decision_close_2023_11,2023-11-23,history_lsa,55,history_lsa|lambda=0.01|scaling=row_only,history_lsa|lambda=1|scaling=row_only,history_lsa|lambda=0.1|scaling=column_standardized,hike,hike,"[9.581522936111544e-05, 0.10094465072114389, 0.8989595340494948]",250,309.73227008470974
12,decision_close_2023_12,2023-12-21,history_lsa,56,history_lsa|lambda=0.01|scaling=row_only,history_lsa|lambda=1|scaling=row_only,history_lsa|lambda=0.1|scaling=column_standardized,hike,hike,"[0.0059661559182551185, 0.1580158201023129, 0.836018023979432]",250,237.5920314878361
13,decision_close_2024_1,2024-01-25,history_lsa,57,history_lsa|lambda=0.01|scaling=row_only,history_lsa|lambda=1|scaling=row_only,history_lsa|lambda=0.1|scaling=column_standardized,hold,hike,"[0.04510086708708126, 0.279569525142332, 0.6753296077705866]",0,165.36543282549266
14,decision_close_2024_2,2024-02-22,history_lsa,58,history_lsa|lambda=0.01|scaling=row_only,history_lsa|lambda=1|scaling=row_only,history_lsa|lambda=0.1|scaling=column_standardized,hike,cut,"[0.6891407636275293, 0.24962785572616794, 0.0612313806463027]",500,83.16670879457672
15,decision_close_2024_3,2024-03-21,history_lsa,59,history_lsa|lambda=0.01|scaling=row_only,history_lsa|lambda=1|scaling=row_only,history_lsa|lambda=0.1|scaling=column_standardized,hold,hike,"[0.003131964659696317, 0.3181090419412248, 0.6787589933990787]",0,169.39092881450696
16,decision_close_2024_4,2024-04-25,history_lsa,60,history_lsa|lambda=0.01|scaling=row_only,history_lsa|lambda=1|scaling=row_only,history_lsa|lambda=0.1|scaling=column_standardized,hold,hold,"[0.18136137993234538, 0.568368009330659, 0.25027061073699575]",0,149.7564180410562
17,decision_close_2024_5,2024-05-23,history_lsa,61,history_lsa|lambda=0.01|scaling=row_only,history_lsa|lambda=1|scaling=row_only,history_lsa|lambda=0.1|scaling=column_standardized,hold,hold,"[0.40868662631601327, 0.48076026428349, 0.11055310940049656]",0,54.146556750386196
18,decision_close_2024_6,2024-06-27,history_lsa,62,history_lsa|lambda=0.01|scaling=row_only,history_lsa|lambda=1|scaling=row_only,history_lsa|lambda=0.1|scaling=column_standardized,hold,hold,"[0.4390304224241765, 0.542119657064886, 0.018849920510937597]",0,8.563182090216836
19,decision_close_2024_7,2024-07-23,history_lsa,63,history_lsa|lambda=0.01|scaling=row_only,history_lsa|lambda=1|scaling=row_only,history_lsa|lambda=0.1|scaling=column_standardized,hold,hold,"[0.23789932660285132, 0.7156630837658972, 0.0464375896312517]",0,19.03828032948963
20,decision_close_2024_8,2024-08-20,history_lsa,64,history_lsa|lambda=0.01|scaling=row_only,history_lsa|lambda=1|scaling=row_only,history_lsa|lambda=0.1|scaling=column_standardized,hold,hold,"[0.15146450478104073, 0.8103065200957233, 0.038228975123236]",0,14.474995441493444
21,decision_close_2024_9,2024-09-19,history_lsa,65,history_lsa|lambda=0.01|scaling=row_only,history_lsa|lambda=1|scaling=row_only,history_lsa|lambda=0.1|scaling=column_standardized,hold,hold,"[0.1231132492381801, 0.8443976600624639, 0.03248909069935607]",0,11.209613461399407
22,decision_close_2024_10,2024-10-17,history_lsa,66,history_lsa|lambda=0.01|scaling=row_only,history_lsa|lambda=1|scaling=row_only,history_lsa|lambda=0.1|scaling=column_standardized,hold,hold,"[0.10052662895145362, 0.8638362837489677, 0.03563708729957872]",0,13.35820850666885
23,decision_close_2024_11,2024-11-21,history_lsa,67,history_lsa|lambda=0.01|scaling=row_only,history_lsa|lambda=1|scaling=row_only,history_lsa|lambda=0.1|scaling=column_standardized,cut,hold,"[0.08697877375478717, 0.8947384968050126, 0.01828272944020022]",-250,3.6590573830925734
24,decision_close_2024_12,2024-12-26,history_lsa,68,history_lsa|lambda=0.01|scaling=row_only,history_lsa|lambda=1|scaling=row_only,history_lsa|lambda=0.1|scaling=column_standardized,cut,cut,"[0.8316745330118187, 0.16622969802914467, 0.0020957689590364497]",-250,-59.78215704345299
25,decision_close_2025_1,2025-01-23,history_lsa,69,history_lsa|lambda=0.01|scaling=row_only,history_lsa|lambda=1|scaling=row_only,history_lsa|lambda=0.1|scaling=column_standardized,cut,cut,"[0.9489392390758842, 0.050499431723331, 0.0005613292007849634]",-250,-119.91408218520169
26,decision_close_2025_2,2025-03-06,history_lsa,70,history_lsa|lambda=0.01|scaling=row_only,history_lsa|lambda=1|scaling=row_only,history_lsa|lambda=0.1|scaling=column_standardized,hold,cut,"[0.9712244055415165, 0.028715434093153164, 6.016036533015315e-05]",0,-160.28578932045326
27,decision_close_2025_3,2025-03-20,history_lsa,71,history_lsa|lambda=0.01|scaling=row_only,history_lsa|lambda=1|scaling=row_only,history_lsa|lambda=0.1|scaling=column_standardized,hike,hold,"[0.29249841279176375, 0.6834529693706729, 0.02404861783756338]",350,-60.55229026795652
28,decision_close_2025_4,2025-04-17,history_lsa,72,history_lsa|lambda=0.01|scaling=row_only,history_lsa|lambda=1|scaling=row_only,history_lsa|lambda=0.1|scaling=column_standardized,hold,hold,"[0.004694128069261025, 0.803444174125339, 0.19186169780539983]",0,74.347082377102
29,decision_close_2025_5,2025-06-19,history_lsa,73,history_lsa|lambda=0.01|scaling=row_only,history_lsa|lambda=1|scaling=row_only,history_lsa|lambda=0.1|scaling=column_standardized,cut,hold,"[0.04970771512309427, 0.9467859078756091, 0.0035063770012964137]",-300,29.98619378564647
30,decision_close_2025_6,2025-07-24,history_lsa,74,history_lsa|lambda=0.01|scaling=row_only,history_lsa|lambda=1|scaling=row_only,history_lsa|lambda=0.1|scaling=column_standardized,cut,cut,"[0.7622192699745501, 0.2293167019271668, 0.00846402809828288]",-250,-52.065423655074206
31,decision_close_2025_7,2025-09-11,history_lsa,75,history_lsa|lambda=0.01|scaling=row_only,history_lsa|lambda=1|scaling=row_only,history_lsa|lambda=0.1|scaling=column_standardized,cut,cut,"[0.8735324179049629, 0.12615205197872184, 0.00031553011631529486]",-100,-159.84565010304215
32,decision_close_2025_8,2025-10-23,history_lsa,76,history_lsa|lambda=0.01|scaling=row_only,history_lsa|lambda=1|scaling=row_only,history_lsa|lambda=0.1|scaling=row_only,cut,cut,"[0.6110057406314375, 0.3863931899010912, 0.0026010694674712936]",-150,-114.18048186318966
33,decision_close_2025_9,2025-12-11,history_lsa,77,history_lsa|lambda=0.01|scaling=row_only,history_lsa|lambda=1|scaling=row_only,history_lsa|lambda=0.1|scaling=row_only,cut,cut,"[0.7945345061150245, 0.20451870212596038, 0.000946791759015256]",-100,-106.71753933025498
34,decision_close_2026_1,2026-01-22,history_lsa,78,history_lsa|lambda=0.01|scaling=row_only,history_lsa|lambda=1|scaling=row_only,history_lsa|lambda=0.1|scaling=row_only,hold,cut,"[0.589782224721335, 0.4053104896219825, 0.004907285656682389]",0,-80.98185208228699
35,decision_close_2026_2,2026-03-12,history_lsa,79,history_lsa|lambda=0.01|scaling=row_only,history_lsa|lambda=1|scaling=row_only,history_lsa|lambda=0.1|scaling=row_only,hold,hold,"[0.33332587515992296, 0.6613138472471584, 0.005360277592918726]",0,-63.561912876640704
36,decision_close_2026_3,2026-04-22,history_lsa,80,history_lsa|lambda=0.01|scaling=row_only,history_lsa|lambda=1|scaling=row_only,history_lsa|lambda=0.1|scaling=row_only,hold,hold,"[0.22833883472288216, 0.7425066354484777, 0.029154529828640044]",0,-21.35650802702643
37,decision_close_2026_4,2026-06-11,history_lsa,81,history_lsa|lambda=0.01|scaling=row_only,history_lsa|lambda=1|scaling=row_only,history_lsa|lambda=0.1|scaling=row_only,hold,hold,"[0.24938330995682448, 0.736077609707301, 0.014539080335874676]",0,-32.02784593664867
1,decision_close_2023_1,2023-01-19,history_qwen_all,45,history_qwen_all|lambda=0.001|scaling=fixed,history_qwen_all|lambda=1|scaling=fixed,history_qwen_all|lambda=0.1|scaling=fixed,cut,hold,"[0.031347173511483424, 0.8023005043055574, 0.16635232218295906]",-50,9.923370262639066
2,decision_close_2023_2,2023-02-23,history_qwen_all,46,history_qwen_all|lambda=0.001|scaling=fixed,history_qwen_all|lambda=1|scaling=fixed,history_qwen_all|lambda=0.1|scaling=fixed,hold,hold,"[0.13568372958471864, 0.8643064741294834, 9.796285797945872e-06]",0,-29.8485348000338
3,decision_close_2023_3,2023-03-23,history_qwen_all,47,history_qwen_all|lambda=0.001|scaling=fixed,history_qwen_all|lambda=1|scaling=fixed,history_qwen_all|lambda=0.1|scaling=fixed,hold,hold,"[0.035964169088776116, 0.9014055211111467, 0.0626303098000771]",0,0.22394393636938764
4,decision_close_2023_4,2023-04-27,history_qwen_all,48,history_qwen_all|lambda=0.001|scaling=fixed,history_qwen_all|lambda=1|scaling=fixed,history_qwen_all|lambda=0.1|scaling=fixed,hold,hold,"[0.02945020037119167, 0.9151705283515477, 0.05537927127726038]",0,0.9160350243936146
5,decision_close_2023_5,2023-05-25,history_qwen_all,49,history_qwen_all|lambda=0.001|scaling=fixed,history_qwen_all|lambda=1|scaling=fixed,history_qwen_all|lambda=0.1|scaling=fixed,hike,hold,"[0.029016645818431712, 0.8964538503107392, 0.07452950387082923]",650,8.162559085627171
6,decision_close_2023_6,2023-06-22,history_qwen_all,50,history_qwen_all|lambda=0.001|scaling=fixed,history_qwen_all|lambda=1|scaling=fixed,history_qwen_all|lambda=0.1|scaling=fixed,hike,hold,"[1.940744650198514e-08, 0.9991697033084033, 0.0008302772841494755]",250,113.03875045373537
7,decision_close_2023_7,2023-07-20,history_qwen_all,51,history_qwen_all|lambda=0.001|scaling=fixed,history_qwen_all|lambda=1|scaling=fixed,history_qwen_all|lambda=0.1|scaling=fixed,hike,hike,"[6.041130818852913e-06, 0.25102594258158084, 0.7489680162876003]",750,175.3233447825537
8,decision_close_2023_8,2023-08-24,history_qwen_all,52,history_qwen_all|lambda=0.001|scaling=fixed,history_qwen_all|lambda=1|scaling=fixed,history_qwen_all|lambda=0.1|scaling=fixed,hike,hike,"[3.24037228020802e-11, 0.18420563603979273, 0.8157943639278028]",500,240.99487245123464
9,decision_close_2023_9,2023-09-21,history_qwen_all,53,history_qwen_all|lambda=0.01|scaling=fixed,history_qwen_all|lambda=1|scaling=fixed,history_qwen_all|lambda=0.1|scaling=fixed,hike,hike,"[1.5224351541285208e-06, 0.10309309468500737, 0.8969053828798382]",500,322.22206945165266
10,decision_close_2023_10,2023-10-26,history_qwen_all,54,history_qwen_all|lambda=0.01|scaling=fixed,history_qwen_all|lambda=1|scaling=fixed,history_qwen_all|lambda=0.1|scaling=fixed,hike,hike,"[4.664316977287474e-06, 0.16742173484649403, 0.8325736008365284]",500,297.3854627279687
11,decision_close_2023_11,2023-11-23,history_qwen_all,55,history_qwen_all|lambda=0.01|scaling=fixed,history_qwen_all|lambda=1|scaling=fixed,history_qwen_all|lambda=0.1|scaling=fixed,hike,hike,"[3.833994459517786e-05, 0.3394401086808535, 0.6605215513745512]",250,272.898693467504
12,decision_close_2023_12,2023-12-21,history_qwen_all,56,history_qwen_all|lambda=0.01|scaling=fixed,history_qwen_all|lambda=1|scaling=fixed,history_qwen_all|lambda=0.1|scaling=fixed,hike,hike,"[0.0012565278877190204, 0.20443465591747353, 0.7943088161948076]",250,228.56497898816204
13,decision_close_2024_1,2024-01-25,history_qwen_all,57,history_qwen_all|lambda=0.01|scaling=fixed,history_qwen_all|lambda=1|scaling=fixed,history_qwen_all|lambda=0.1|scaling=fixed,hold,hike,"[0.01332185464153809, 0.3592248866243672, 0.6274532587340946]",0,157.4053081902942
14,decision_close_2024_2,2024-02-22,history_qwen_all,58,history_qwen_all|lambda=0.01|scaling=fixed,history_qwen_all|lambda=1|scaling=fixed,history_qwen_all|lambda=0.1|scaling=fixed,hike,cut,"[0.5262170440098403, 0.3697692414750632, 0.1040137145150966]",500,79.39700909614457
15,decision_close_2024_3,2024-03-21,history_qwen_all,59,history_qwen_all|lambda=0.01|scaling=fixed,history_qwen_all|lambda=1|scaling=fixed,history_qwen_all|lambda=0.1|scaling=fixed,hold,hike,"[0.004757945183328092, 0.4550517295783725, 0.5401903252382992]",0,142.97242176960023
16,decision_close_2024_4,2024-04-25,history_qwen_all,60,history_qwen_all|lambda=0.001|scaling=fixed,history_qwen_all|lambda=1|scaling=fixed,history_qwen_all|lambda=0.1|scaling=fixed,hold,cut,"[0.65197646555004, 0.2928346904714219, 0.05518884397853824]",0,99.86340943527242
17,decision_close_2024_5,2024-05-23,history_qwen_all,61,history_qwen_all|lambda=0.01|scaling=fixed,history_qwen_all|lambda=1|scaling=fixed,history_qwen_all|lambda=0.1|scaling=fixed,hold,cut,"[0.6061394887800585, 0.2716968960031899, 0.1221636152167516]",0,71.85167331729481
18,decision_close_2024_6,2024-06-27,history_qwen_all,62,history_qwen_all|lambda=0.01|scaling=fixed,history_qwen_all|lambda=1|scaling=fixed,history_qwen_all|lambda=0.1|scaling=fixed,hold,cut,"[0.6945426103076018, 0.2835392353343246, 0.021918154358073594]",0,22.09435748484313
19,decision_close_2024_7,2024-07-23,history_qwen_all,63,history_qwen_all|lambda=0.1|scaling=fixed,history_qwen_all|lambda=1|scaling=fixed,history_qwen_all|lambda=0.1|scaling=fixed,hold,hold,"[0.31291796215101225, 0.5275637053225298, 0.1595183325264581]",0,34.18833559800625
20,decision_close_2024_8,2024-08-20,history_qwen_all,64,history_qwen_all|lambda=0.1|scaling=fixed,history_qwen_all|lambda=1|scaling=fixed,history_qwen_all|lambda=0.1|scaling=fixed,hold,hold,"[0.21424606486030034, 0.7186265974694409, 0.0671273376702588]",0,-31.26082718547905
21,decision_close_2024_9,2024-09-19,history_qwen_all,65,history_qwen_all|lambda=0.1|scaling=fixed,history_qwen_all|lambda=1|scaling=fixed,history_qwen_all|lambda=0.1|scaling=fixed,hold,hold,"[0.13305725077669733, 0.7563584281585886, 0.11058432106471408]",0,16.929993664932958
22,decision_close_2024_10,2024-10-17,history_qwen_all,66,history_qwen_all|lambda=0.1|scaling=fixed,history_qwen_all|lambda=1|scaling=fixed,history_qwen_all|lambda=0.1|scaling=fixed,hold,hold,"[0.118926628068361, 0.7715273315982055, 0.10954604033343354]",0,19.185412403815903
23,decision_close_2024_11,2024-11-21,history_qwen_all,67,history_qwen_all|lambda=0.1|scaling=fixed,history_qwen_all|lambda=1|scaling=fixed,history_qwen_all|lambda=0.1|scaling=fixed,cut,hold,"[0.11105601979798095, 0.8087019349947887, 0.08024204520723026]",-250,7.939915132810027
24,decision_close_2024_12,2024-12-26,history_qwen_all,68,history_qwen_all|lambda=0.1|scaling=fixed,history_qwen_all|lambda=1|scaling=fixed,history_qwen_all|lambda=0.1|scaling=fixed,cut,hold,"[0.39958767730990485, 0.5652752586674276, 0.03513706402266745]",-250,-55.295918126723066
25,decision_close_2025_1,2025-01-23,history_qwen_all,69,history_qwen_all|lambda=0.01|scaling=fixed,history_qwen_all|lambda=1|scaling=fixed,history_qwen_all|lambda=0.1|scaling=fixed,cut,cut,"[0.9697732078654363, 0.029951435316517498, 0.00027535681804598467]",-250,-115.57074382585553
26,decision_close_2025_2,2025-03-06,history_qwen_all,70,history_qwen_all|lambda=0.01|scaling=fixed,history_qwen_all|lambda=1|scaling=fixed,history_qwen_all|lambda=0.1|scaling=fixed,hold,cut,"[0.987671725076081, 0.012300136405926835, 2.813851799230766e-05]",0,-158.30148926915385
27,decision_close_2025_3,2025-03-20,history_qwen_all,71,history_qwen_all|lambda=0.01|scaling=fixed,history_qwen_all|lambda=1|scaling=fixed,history_qwen_all|lambda=0.1|scaling=fixed,hike,hold,"[0.34139454266798225, 0.6569920561069785, 0.0016134012250391462]",350,-54.12494620401015
28,decision_close_2025_4,2025-04-17,history_qwen_all,72,history_qwen_all|lambda=0.01|scaling=fixed,history_qwen_all|lambda=1|scaling=fixed,history_qwen_all|lambda=0.1|scaling=fixed,hold,hold,"[0.007012683982860688, 0.9045174058081042, 0.08846991020903522]",0,28.13631754961388
29,decision_close_2025_5,2025-06-19,history_qwen_all,73,history_qwen_all|lambda=0.01|scaling=fixed,history_qwen_all|lambda=1|scaling=fixed,history_qwen_all|lambda=0.1|scaling=fixed,cut,hold,"[0.07537648276963803, 0.9232668553700496, 0.0013566618603123072]",-300,-19.08068569049356
30,decision_close_2025_6,2025-07-24,history_qwen_all,74,history_qwen_all|lambda=0.01|scaling=fixed,history_qwen_all|lambda=1|scaling=fixed,history_qwen_all|lambda=0.1|scaling=fixed,cut,cut,"[0.6535075371427457, 0.32589522629317336, 0.020597236564080912]",-250,-2.6433337228912475
31,decision_close_2025_7,2025-09-11,history_qwen_all,75,history_qwen_all|lambda=0.01|scaling=fixed,history_qwen_all|lambda=1|scaling=fixed,history_qwen_all|lambda=0.1|scaling=fixed,cut,cut,"[0.9196852128626659, 0.08014877344884573, 0.00016601368848817336]",-100,-160.56948248040086
32,decision_close_2025_8,2025-10-23,history_qwen_all,76,history_qwen_all|lambda=0.01|scaling=fixed,history_qwen_all|lambda=1|scaling=fixed,history_qwen_all|lambda=0.1|scaling=fixed,cut,cut,"[0.6348004957484129, 0.3642110422292079, 0.0009884620223790967]",-150,-125.8738170378952
33,decision_close_2025_9,2025-12-11,history_qwen_all,77,history_qwen_all|lambda=0.01|scaling=fixed,history_qwen_all|lambda=1|scaling=fixed,history_qwen_all|lambda=0.1|scaling=fixed,cut,cut,"[0.837829744504419, 0.16133826105257998, 0.0008319944430009204]",-100,-105.98054251534421
34,decision_close_2026_1,2026-01-22,history_qwen_all,78,history_qwen_all|lambda=0.01|scaling=fixed,history_qwen_all|lambda=1|scaling=fixed,history_qwen_all|lambda=0.1|scaling=fixed,hold,cut,"[0.5179473761237443, 0.46233403382442084, 0.01971859005183479]",0,-64.95205514320668
35,decision_close_2026_2,2026-03-12,history_qwen_all,79,history_qwen_all|lambda=0.01|scaling=fixed,history_qwen_all|lambda=1|scaling=fixed,history_qwen_all|lambda=0.1|scaling=fixed,hold,hold,"[0.37600276835993424, 0.6181666820848938, 0.005830549555171963]",0,-63.49100951907256
36,decision_close_2026_3,2026-04-22,history_qwen_all,80,history_qwen_all|lambda=0.01|scaling=fixed,history_qwen_all|lambda=1|scaling=fixed,history_qwen_all|lambda=0.1|scaling=fixed,hold,hold,"[0.213008044821573, 0.7606792330310723, 0.026312722147354722]",0,-21.228142058672177
37,decision_close_2026_4,2026-06-11,history_qwen_all,81,history_qwen_all|lambda=0.01|scaling=fixed,history_qwen_all|lambda=1|scaling=fixed,history_qwen_all|lambda=0.1|scaling=fixed,hold,hold,"[0.372832099928276, 0.6255722891689012, 0.0015956109028229545]",0,-75.52304160604001
1,decision_close_2023_1,2023-01-19,history_qwen_inflation,45,history_qwen_inflation|lambda=0.01|scaling=fixed,history_qwen_inflation|lambda=1|scaling=fixed,history_qwen_inflation|lambda=0.1|scaling=fixed,cut,hold,"[0.06048598507860453, 0.8495857415910292, 0.08992827333036629]",-50,4.3518465300328355
2,decision_close_2023_2,2023-02-23,history_qwen_inflation,46,history_qwen_inflation|lambda=0.01|scaling=fixed,history_qwen_inflation|lambda=10|scaling=fixed,history_qwen_inflation|lambda=0.1|scaling=fixed,hold,hold,"[0.10965706411446403, 0.8333097008840485, 0.05703323500148745]",0,-9.733800851349107
3,decision_close_2023_3,2023-03-23,history_qwen_inflation,47,history_qwen_inflation|lambda=0.01|scaling=fixed,history_qwen_inflation|lambda=10|scaling=fixed,history_qwen_inflation|lambda=0.1|scaling=fixed,hold,hold,"[0.07335819987884475, 0.832234565702942, 0.09440723441821322]",0,-8.4774399380498
4,decision_close_2023_4,2023-04-27,history_qwen_inflation,48,history_qwen_inflation|lambda=0.01|scaling=fixed,history_qwen_inflation|lambda=10|scaling=fixed,history_qwen_inflation|lambda=0.1|scaling=fixed,hold,hold,"[0.05344545693398451, 0.8858407822766488, 0.0607137607893668]",0,-7.949064777069889
5,decision_close_2023_5,2023-05-25,history_qwen_inflation,49,history_qwen_inflation|lambda=0.01|scaling=fixed,history_qwen_inflation|lambda=10|scaling=fixed,history_qwen_inflation|lambda=0.1|scaling=fixed,hike,hold,"[0.0541943613424866, 0.8432231459711073, 0.10258249268640614]",650,-6.18279944451414
6,decision_close_2023_6,2023-06-22,history_qwen_inflation,50,history_qwen_inflation|lambda=0.01|scaling=fixed,history_qwen_inflation|lambda=1|scaling=fixed,history_qwen_inflation|lambda=0.1|scaling=fixed,hike,hike,"[7.3129453928742e-07, 0.4994148163835823, 0.5005844523218781]",250,121.87069403252148
7,decision_close_2023_7,2023-07-20,history_qwen_inflation,51,history_qwen_inflation|lambda=0.01|scaling=fixed,history_qwen_inflation|lambda=1|scaling=fixed,history_qwen_inflation|lambda=0.1|scaling=fixed,hike,hike,"[1.4508286902021169e-05, 0.33047942536968805, 0.6695060663434099]",750,161.65361590337847
8,decision_close_2023_8,2023-08-24,history_qwen_inflation,52,history_qwen_inflation|lambda=0.01|scaling=fixed,history_qwen_inflation|lambda=1|scaling=fixed,history_qwen_inflation|lambda=0.01|scaling=fixed,hike,hike,"[4.038875908753399e-09, 0.07264979938281318, 0.9273501965783111]",500,256.1585001544583
9,decision_close_2023_9,2023-09-21,history_qwen_inflation,53,history_qwen_inflation|lambda=0.01|scaling=fixed,history_qwen_inflation|lambda=1|scaling=fixed,history_qwen_inflation|lambda=0.01|scaling=fixed,hike,hike,"[4.2134310193757385e-07, 0.06733292601031327, 0.9326666526465844]",500,330.18975762810567
10,decision_close_2023_10,2023-10-26,history_qwen_inflation,54,history_qwen_inflation|lambda=0.01|scaling=fixed,history_qwen_inflation|lambda=1|scaling=fixed,history_qwen_inflation|lambda=0.01|scaling=fixed,hike,hike,"[1.1242323983492732e-06, 0.11370699604197256, 0.8862918797256287]",500,303.22929191603157
11,decision_close_2023_11,2023-11-23,history_qwen_inflation,55,history_qwen_inflation|lambda=0.01|scaling=fixed,history_qwen_inflation|lambda=1|scaling=fixed,history_qwen_inflation|lambda=0.01|scaling=fixed,hike,hike,"[1.9136783029817225e-06, 0.062028032143223284, 0.9379700541784738]",250,324.0456556958572
12,decision_close_2023_12,2023-12-21,history_qwen_inflation,56,history_qwen_inflation|lambda=0.01|scaling=fixed,history_qwen_inflation|lambda=1|scaling=fixed,history_qwen_inflation|lambda=0.01|scaling=fixed,hike,hike,"[0.0009230340588296478, 0.23017251748925543, 0.7689044484519149]",250,224.80354246746415
13,decision_close_2024_1,2024-01-25,history_qwen_inflation,57,history_qwen_inflation|lambda=0.01|scaling=fixed,history_qwen_inflation|lambda=1|scaling=fixed,history_qwen_inflation|lambda=0.01|scaling=fixed,hold,hike,"[0.008943759112121233, 0.4039236172830757, 0.587132623604803]",0,153.81812337377474
14,decision_close_2024_2,2024-02-22,history_qwen_inflation,58,history_qwen_inflation|lambda=0.01|scaling=fixed,history_qwen_inflation|lambda=1|scaling=fixed,history_qwen_inflation|lambda=0.01|scaling=fixed,hike,cut,"[0.5243515516740211, 0.40075366980505817, 0.07489477852092072]",500,74.06400229391403
15,decision_close_2024_3,2024-03-21,history_qwen_inflation,59,history_qwen_inflation|lambda=0.01|scaling=fixed,history_qwen_inflation|lambda=1|scaling=fixed,history_qwen_inflation|lambda=0.01|scaling=fixed,hold,hike,"[0.0004237568066512925, 0.16222207850251663, 0.8373541646908321]",0,186.2011570321847
16,decision_close_2024_4,2024-04-25,history_qwen_inflation,60,history_qwen_inflation|lambda=0.01|scaling=fixed,history_qwen_inflation|lambda=1|scaling=fixed,history_qwen_inflation|lambda=0.01|scaling=fixed,hold,hold,"[0.13957155907938384, 0.6155039386687824, 0.24492450225183376]",0,140.29513691705026
17,decision_close_2024_5,2024-05-23,history_qwen_inflation,61,history_qwen_inflation|lambda=0.01|scaling=fixed,history_qwen_inflation|lambda=1|scaling=fixed,history_qwen_inflation|lambda=0.01|scaling=fixed,hold,cut,"[0.551092330953399, 0.38034962557955343, 0.06855804346704748]",0,58.47457002778547
18,decision_close_2024_6,2024-06-27,history_qwen_inflation,62,history_qwen_inflation|lambda=0.01|scaling=fixed,history_qwen_inflation|lambda=1|scaling=fixed,history_qwen_inflation|lambda=0.01|scaling=fixed,hold,cut,"[0.6346938794248131, 0.3554878132533672, 0.009818307321819491]",0,10.433381383910643
19,decision_close_2024_7,2024-07-23,history_qwen_inflation,63,history_qwen_inflation|lambda=0.01|scaling=fixed,history_qwen_inflation|lambda=1|scaling=fixed,history_qwen_inflation|lambda=0.1|scaling=fixed,hold,hold,"[0.3745804990247262, 0.5936781890038777, 0.03174131197139616]",0,23.339853183452924
20,decision_close_2024_8,2024-08-20,history_qwen_inflation,64,history_qwen_inflation|lambda=0.01|scaling=fixed,history_qwen_inflation|lambda=1|scaling=fixed,history_qwen_inflation|lambda=0.1|scaling=fixed,hold,hold,"[0.2348846090752053, 0.7362143917552509, 0.028900999169543775]",0,7.5037364488633935
21,decision_close_2024_9,2024-09-19,history_qwen_inflation,65,history_qwen_inflation|lambda=0.01|scaling=fixed,history_qwen_inflation|lambda=1|scaling=fixed,history_qwen_inflation|lambda=0.1|scaling=fixed,hold,hold,"[0.17140203189445222, 0.8042235781500737, 0.024374389955474144]",0,4.642812044730365
22,decision_close_2024_10,2024-10-17,history_qwen_inflation,66,history_qwen_inflation|lambda=0.01|scaling=fixed,history_qwen_inflation|lambda=1|scaling=fixed,history_qwen_inflation|lambda=0.01|scaling=fixed,hold,hold,"[0.1364952145049249, 0.8347673841933153, 0.028737401301759696]",0,7.728675920882456
23,decision_close_2024_11,2024-11-21,history_qwen_inflation,67,history_qwen_inflation|lambda=0.01|scaling=fixed,history_qwen_inflation|lambda=1|scaling=fixed,history_qwen_inflation|lambda=0.01|scaling=fixed,cut,hold,"[0.11931966055951765, 0.8656917677748982, 0.014988571665584155]",-250,-2.376566182294393
24,decision_close_2024_12,2024-12-26,history_qwen_inflation,68,history_qwen_inflation|lambda=0.01|scaling=fixed,history_qwen_inflation|lambda=1|scaling=fixed,history_qwen_inflation|lambda=0.1|scaling=fixed,cut,cut,"[0.9022819698296501, 0.09697669018074512, 0.0007413399896049966]",-250,-65.64513214160368
25,decision_close_2025_1,2025-01-23,history_qwen_inflation,69,history_qwen_inflation|lambda=0.01|scaling=fixed,history_qwen_inflation|lambda=1|scaling=fixed,history_qwen_inflation|lambda=0.01|scaling=fixed,cut,cut,"[0.9752709400632317, 0.024599405056549693, 0.00012965488021878056]",-250,-125.0688722849412
26,decision_close_2025_2,2025-03-06,history_qwen_inflation,70,history_qwen_inflation|lambda=0.01|scaling=fixed,history_qwen_inflation|lambda=1|scaling=fixed,history_qwen_inflation|lambda=0.01|scaling=fixed,hold,cut,"[0.9887101575884084, 0.011278399756588724, 1.1442655003095545e-05]",0,-166.32076217552859
27,decision_close_2025_3,2025-03-20,history_qwen_inflation,71,history_qwen_inflation|lambda=0.01|scaling=fixed,history_qwen_inflation|lambda=1|scaling=fixed,history_qwen_inflation|lambda=0.1|scaling=fixed,hike,hold,"[0.24405694868758096, 0.7277916430769429, 0.028151408235476107]",350,-42.44745773425602
28,decision_close_2025_4,2025-04-17,history_qwen_inflation,72,history_qwen_inflation|lambda=0.01|scaling=fixed,history_qwen_inflation|lambda=1|scaling=fixed,history_qwen_inflation|lambda=0.1|scaling=fixed,hold,hold,"[0.003567020532684257, 0.7765799168802843, 0.21985306258703155]",0,69.19776927736525
29,decision_close_2025_5,2025-06-19,history_qwen_inflation,73,history_qwen_inflation|lambda=0.01|scaling=fixed,history_qwen_inflation|lambda=1|scaling=fixed,history_qwen_inflation|lambda=0.1|scaling=fixed,cut,hold,"[0.045410022121985895, 0.9505560465014441, 0.004033931376569925]",-300,21.957653549354728
30,decision_close_2025_6,2025-07-24,history_qwen_inflation,74,history_qwen_inflation|lambda=0.01|scaling=fixed,history_qwen_inflation|lambda=1|scaling=fixed,history_qwen_inflation|lambda=0.1|scaling=fixed,cut,cut,"[0.8255379819139268, 0.17040728415746798, 0.004054733928605304]",-250,-56.8496253084111
31,decision_close_2025_7,2025-09-11,history_qwen_inflation,75,history_qwen_inflation|lambda=0.01|scaling=fixed,history_qwen_inflation|lambda=1|scaling=fixed,history_qwen_inflation|lambda=0.01|scaling=fixed,cut,cut,"[0.929636421615756, 0.07027929044517658, 8.428793906734117e-05]",-100,-167.19470625802202
32,decision_close_2025_8,2025-10-23,history_qwen_inflation,76,history_qwen_inflation|lambda=0.01|scaling=fixed,history_qwen_inflation|lambda=1|scaling=fixed,history_qwen_inflation|lambda=0.01|scaling=fixed,cut,cut,"[0.5154359300749584, 0.4813529774938178, 0.00321109243122359]",-150,-91.90077675877689
33,decision_close_2025_9,2025-12-11,history_qwen_inflation,77,history_qwen_inflation|lambda=0.01|scaling=fixed,history_qwen_inflation|lambda=1|scaling=fixed,history_qwen_inflation|lambda=0.01|scaling=fixed,cut,cut,"[0.8722106344548746, 0.12742967514821854, 0.00035969039690688905]",-100,-113.5778745150611
34,decision_close_2026_1,2026-01-22,history_qwen_inflation,78,history_qwen_inflation|lambda=0.01|scaling=fixed,history_qwen_inflation|lambda=1|scaling=fixed,history_qwen_inflation|lambda=0.01|scaling=fixed,hold,cut,"[0.6903263628375751, 0.3072258938053023, 0.0024477433571224805]",0,-86.67066241076411
35,decision_close_2026_2,2026-03-12,history_qwen_inflation,79,history_qwen_inflation|lambda=0.01|scaling=fixed,history_qwen_inflation|lambda=1|scaling=fixed,history_qwen_inflation|lambda=0.01|scaling=fixed,hold,hold,"[0.3755571939317921, 0.6210318922866889, 0.003410913781519033]",0,-70.04334287907321
36,decision_close_2026_3,2026-04-22,history_qwen_inflation,80,history_qwen_inflation|lambda=0.01|scaling=fixed,history_qwen_inflation|lambda=1|scaling=fixed,history_qwen_inflation|lambda=0.01|scaling=fixed,hold,hold,"[0.24264097646771493, 0.7418051865266283, 0.015553837005656749]",0,-27.753348463318805
37,decision_close_2026_4,2026-06-11,history_qwen_inflation,81,history_qwen_inflation|lambda=0.01|scaling=fixed,history_qwen_inflation|lambda=1|scaling=fixed,history_qwen_inflation|lambda=0.01|scaling=fixed,hold,hold,"[0.22700170426838687, 0.7666533646917113, 0.006344931039901866]",0,-39.6653452082051
1,decision_close_2023_1,2023-01-19,history_qwen_demand,45,history_qwen_demand|lambda=0.01|scaling=fixed,history_qwen_demand|lambda=1|scaling=fixed,history_qwen_demand|lambda=0.1|scaling=fixed,cut,hold,"[0.055247283861641565, 0.8519113924369794, 0.0928413237013789]",-50,5.911639446366164
2,decision_close_2023_2,2023-02-23,history_qwen_demand,46,history_qwen_demand|lambda=0.01|scaling=fixed,history_qwen_demand|lambda=1|scaling=fixed,history_qwen_demand|lambda=0.1|scaling=fixed,hold,hold,"[0.10897763934592299, 0.8262372786142438, 0.06478508203983317]",0,-6.4337973406312114
3,decision_close_2023_3,2023-03-23,history_qwen_demand,47,history_qwen_demand|lambda=0.01|scaling=fixed,history_qwen_demand|lambda=1|scaling=fixed,history_qwen_demand|lambda=0.1|scaling=fixed,hold,hold,"[0.07067406111544361, 0.8313021482367725, 0.09802379064778369]",0,-1.6675723345181055
4,decision_close_2023_4,2023-04-27,history_qwen_demand,48,history_qwen_demand|lambda=0.01|scaling=fixed,history_qwen_demand|lambda=1|scaling=fixed,history_qwen_demand|lambda=0.1|scaling=fixed,hold,hold,"[0.05208536064589455, 0.8797022093236899, 0.0682124300304156]",0,-0.11288882278453066
5,decision_close_2023_5,2023-05-25,history_qwen_demand,49,history_qwen_demand|lambda=0.01|scaling=fixed,history_qwen_demand|lambda=1|scaling=fixed,history_qwen_demand|lambda=0.1|scaling=fixed,hike,hold,"[0.051405352693302826, 0.8402075981222925, 0.10838704918440474]",650,6.586300712640732
6,decision_close_2023_6,2023-06-22,history_qwen_demand,50,history_qwen_demand|lambda=0.01|scaling=fixed,history_qwen_demand|lambda=1|scaling=fixed,history_qwen_demand|lambda=0.1|scaling=fixed,hike,hold,"[5.975604955476118e-07, 0.5767089225688095, 0.4232904798706948]",250,119.8186765149227
7,decision_close_2023_7,2023-07-20,history_qwen_demand,51,history_qwen_demand|lambda=0.001|scaling=fixed,history_qwen_demand|lambda=1|scaling=fixed,history_qwen_demand|lambda=0.1|scaling=fixed,hike,hike,"[4.790014485567974e-06, 0.14365013510830774, 0.856345074877207]",750,168.50358294343374
8,decision_close_2023_8,2023-08-24,history_qwen_demand,52,history_qwen_demand|lambda=0.001|scaling=fixed,history_qwen_demand|lambda=1|scaling=fixed,history_qwen_demand|lambda=0.1|scaling=fixed,hike,hike,"[5.259306449883048e-13, 0.0463753494334384, 0.9536246505660357]",500,249.48321739768556
9,decision_close_2023_9,2023-09-21,history_qwen_demand,53,history_qwen_demand|lambda=0.001|scaling=fixed,history_qwen_demand|lambda=1|scaling=fixed,history_qwen_demand|lambda=0.1|scaling=fixed,hike,hike,"[7.243229685631532e-09, 0.05863332244835718, 0.9413666703084128]",500,326.80091801186524
10,decision_close_2023_10,2023-10-26,history_qwen_demand,54,history_qwen_demand|lambda=0.001|scaling=fixed,history_qwen_demand|lambda=1|scaling=fixed,history_qwen_demand|lambda=0.1|scaling=fixed,hike,hike,"[2.5990561439724184e-09, 0.07945260303469655, 0.9205473943662477]",500,299.51368356631724
11,decision_close_2023_11,2023-11-23,history_qwen_demand,55,history_qwen_demand|lambda=0.001|scaling=fixed,history_qwen_demand|lambda=1|scaling=fixed,history_qwen_demand|lambda=0.1|scaling=fixed,hike,hike,"[1.8936168165751404e-07, 0.28625639294033445, 0.7137434176979836]",250,252.25840375812675
12,decision_close_2023_12,2023-12-21,history_qwen_demand,56,history_qwen_demand|lambda=0.001|scaling=fixed,history_qwen_demand|lambda=1|scaling=fixed,history_qwen_demand|lambda=0.1|scaling=fixed,hike,hike,"[0.00012636622616645028, 0.19031743815175445, 0.809556195622079]",250,234.2317748218064
13,decision_close_2024_1,2024-01-25,history_qwen_demand,57,history_qwen_demand|lambda=0.001|scaling=fixed,history_qwen_demand|lambda=1|scaling=fixed,history_qwen_demand|lambda=0.1|scaling=fixed,hold,hike,"[0.0009719017164276767, 0.44729127271855584, 0.5517368255650164]",0,161.69702633034692
14,decision_close_2024_2,2024-02-22,history_qwen_demand,58,history_qwen_demand|lambda=0.001|scaling=fixed,history_qwen_demand|lambda=1|scaling=fixed,history_qwen_demand|lambda=0.1|scaling=fixed,hike,cut,"[0.8508674328469491, 0.13841186209347708, 0.010720705059573758]",500,80.72075851079722
15,decision_close_2024_3,2024-03-21,history_qwen_demand,59,history_qwen_demand|lambda=0.001|scaling=fixed,history_qwen_demand|lambda=1|scaling=fixed,history_qwen_demand|lambda=0.1|scaling=fixed,hold,hold,"[2.0262820505074996e-05, 0.6044777625724207, 0.39550197460707426]",0,121.32977615928289
16,decision_close_2024_4,2024-04-25,history_qwen_demand,60,history_qwen_demand|lambda=0.001|scaling=fixed,history_qwen_demand|lambda=1|scaling=fixed,history_qwen_demand|lambda=0.1|scaling=fixed,hold,cut,"[0.6178756249336189, 0.3478069043920959, 0.03431747067428506]",0,103.4276083276693
17,decision_close_2024_5,2024-05-23,history_qwen_demand,61,history_qwen_demand|lambda=0.001|scaling=fixed,history_qwen_demand|lambda=1|scaling=fixed,history_qwen_demand|lambda=0.1|scaling=fixed,hold,cut,"[0.5169256419129136, 0.41071297148930974, 0.07236138659777662]",0,67.82223705310751
18,decision_close_2024_6,2024-06-27,history_qwen_demand,62,history_qwen_demand|lambda=0.001|scaling=fixed,history_qwen_demand|lambda=0.1|scaling=fixed,history_qwen_demand|lambda=0.1|scaling=fixed,hold,cut,"[0.7916387453184703, 0.20462421500553343, 0.0037370396759964244]",0,-51.90029432295482
19,decision_close_2024_7,2024-07-23,history_qwen_demand,63,history_qwen_demand|lambda=0.001|scaling=fixed,history_qwen_demand|lambda=1|scaling=fixed,history_qwen_demand|lambda=0.1|scaling=fixed,hold,hold,"[0.4108002997266575, 0.5667537909333833, 0.022445909339959245]",0,30.325123436663826
20,decision_close_2024_8,2024-08-20,history_qwen_demand,64,history_qwen_demand|lambda=0.001|scaling=fixed,history_qwen_demand|lambda=1|scaling=fixed,history_qwen_demand|lambda=0.1|scaling=fixed,hold,hold,"[0.2862486011538611, 0.7085890868465504, 0.005162311999588669]",0,-30.827275346658617
21,decision_close_2024_9,2024-09-19,history_qwen_demand,65,history_qwen_demand|lambda=0.001|scaling=fixed,history_qwen_demand|lambda=1|scaling=fixed,history_qwen_demand|lambda=0.1|scaling=fixed,hold,hold,"[0.21511851949756386, 0.7606794263373832, 0.02420205416505289]",0,17.61195011141749
22,decision_close_2024_10,2024-10-17,history_qwen_demand,66,history_qwen_demand|lambda=0.001|scaling=fixed,history_qwen_demand|lambda=1|scaling=fixed,history_qwen_demand|lambda=0.1|scaling=fixed,hold,hold,"[0.15545944618650825, 0.8154438881716464, 0.029096665641845283]",0,19.60783553164158
23,decision_close_2024_11,2024-11-21,history_qwen_demand,67,history_qwen_demand|lambda=0.001|scaling=fixed,history_qwen_demand|lambda=1|scaling=fixed,history_qwen_demand|lambda=0.1|scaling=fixed,cut,hold,"[0.12637755777109533, 0.860244398732056, 0.013378043496848574]",-250,9.17435236933079
24,decision_close_2024_12,2024-12-26,history_qwen_demand,68,history_qwen_demand|lambda=0.001|scaling=fixed,history_qwen_demand|lambda=1|scaling=fixed,history_qwen_demand|lambda=0.1|scaling=fixed,cut,cut,"[0.9968643698300038, 0.0031188200758259744, 1.6810094170113134e-05]",-250,-55.58661122458602
25,decision_close_2025_1,2025-01-23,history_qwen_demand,69,history_qwen_demand|lambda=0.001|scaling=fixed,history_qwen_demand|lambda=1|scaling=fixed,history_qwen_demand|lambda=0.1|scaling=fixed,cut,cut,"[0.9983225772308175, 0.0016722173243530255, 5.205444829394665e-06]",-250,-117.43162101493564
26,decision_close_2025_2,2025-03-06,history_qwen_demand,70,history_qwen_demand|lambda=0.001|scaling=fixed,history_qwen_demand|lambda=0.1|scaling=fixed,history_qwen_demand|lambda=0.1|scaling=fixed,hold,cut,"[0.999544358366728, 0.00045545021054697855, 1.9142272463857098e-07]",0,-260.3254162456679
27,decision_close_2025_3,2025-03-20,history_qwen_demand,71,history_qwen_demand|lambda=0.001|scaling=fixed,history_qwen_demand|lambda=1|scaling=fixed,history_qwen_demand|lambda=0.1|scaling=fixed,hike,hold,"[0.3708547106207426, 0.614460040504577, 0.014685248874680515]",350,-57.09585751391613
28,decision_close_2025_4,2025-04-17,history_qwen_demand,72,history_qwen_demand|lambda=0.001|scaling=fixed,history_qwen_demand|lambda=1|scaling=fixed,history_qwen_demand|lambda=0.1|scaling=fixed,hold,hold,"[0.0002765316459136005, 0.905196680202261, 0.09452678815182522]",0,34.14712134811728
29,decision_close_2025_5,2025-06-19,history_qwen_demand,73,history_qwen_demand|lambda=0.001|scaling=fixed,history_qwen_demand|lambda=1|scaling=fixed,history_qwen_demand|lambda=0.1|scaling=fixed,cut,hold,"[0.06155338217309891, 0.9380007400644501, 0.00044587776245074253]",-300,-8.887405245857932
30,decision_close_2025_6,2025-07-24,history_qwen_demand,74,history_qwen_demand|lambda=0.001|scaling=fixed,history_qwen_demand|lambda=0.1|scaling=fixed,history_qwen_demand|lambda=0.1|scaling=fixed,cut,cut,"[0.914932713243194, 0.07241130897894968, 0.01265597777785618]",-250,6.621363866794535
31,decision_close_2025_7,2025-09-11,history_qwen_demand,75,history_qwen_demand|lambda=0.001|scaling=fixed,history_qwen_demand|lambda=0.1|scaling=fixed,history_qwen_demand|lambda=0.1|scaling=fixed,cut,cut,"[0.9696134545053082, 0.03036739975612446, 1.914573856708102e-05]",-100,-260.48876060059604
32,decision_close_2025_8,2025-10-23,history_qwen_demand,76,history_qwen_demand|lambda=0.001|scaling=fixed,history_qwen_demand|lambda=1|scaling=fixed,history_qwen_demand|lambda=0.1|scaling=fixed,cut,cut,"[0.8301817428852233, 0.1697516854887512, 6.65716260257223e-05]",-150,-152.88308829887998
33,decision_close_2025_9,2025-12-11,history_qwen_demand,77,history_qwen_demand|lambda=0.001|scaling=fixed,history_qwen_demand|lambda=1|scaling=fixed,history_qwen_demand|lambda=0.1|scaling=fixed,cut,cut,"[0.9203148851960012, 0.07951974727945663, 0.0001653675245422263]",-100,-102.05757018435075
34,decision_close_2026_1,2026-01-22,history_qwen_demand,78,history_qwen_demand|lambda=0.001|scaling=fixed,history_qwen_demand|lambda=1|scaling=fixed,history_qwen_demand|lambda=0.1|scaling=fixed,hold,cut,"[0.6962051901999514, 0.3017637529108334, 0.0020310568892153618]",0,-76.49852257603234
35,decision_close_2026_2,2026-03-12,history_qwen_demand,79,history_qwen_demand|lambda=0.001|scaling=fixed,history_qwen_demand|lambda=1|scaling=fixed,history_qwen_demand|lambda=0.1|scaling=fixed,hold,hold,"[0.22295763160528465, 0.7734365642443812, 0.0036058041503339647]",0,-58.560013818335364
36,decision_close_2026_3,2026-04-22,history_qwen_demand,80,history_qwen_demand|lambda=0.001|scaling=fixed,history_qwen_demand|lambda=1|scaling=fixed,history_qwen_demand|lambda=0.1|scaling=fixed,hold,hold,"[0.16032274872074842, 0.8201817056675037, 0.01949554561174778]",0,-17.312471923162857
37,decision_close_2026_4,2026-06-11,history_qwen_demand,81,history_qwen_demand|lambda=0.001|scaling=fixed,history_qwen_demand|lambda=1|scaling=fixed,history_qwen_demand|lambda=0.1|scaling=fixed,hold,hold,"[0.21980258711960465, 0.7795818519404119, 0.0006155609399836773]",0,-68.99105840997028
1,decision_close_2023_1,2023-01-19,history_qwen_forward,45,history_qwen_forward|lambda=0.001|scaling=fixed,history_qwen_forward|lambda=1|scaling=fixed,history_qwen_forward|lambda=0.1|scaling=fixed,cut,hold,"[0.026415317640742692, 0.8058024001938779, 0.16778228216537938]",-50,7.5382026575836285
2,decision_close_2023_2,2023-02-23,history_qwen_forward,46,history_qwen_forward|lambda=0.001|scaling=fixed,history_qwen_forward|lambda=1|scaling=fixed,history_qwen_forward|lambda=0.1|scaling=fixed,hold,hold,"[0.16824331882836024, 0.8317333733510948, 2.330782054495661e-05]",0,-29.947053679854957
3,decision_close_2023_3,2023-03-23,history_qwen_forward,47,history_qwen_forward|lambda=0.001|scaling=fixed,history_qwen_forward|lambda=1|scaling=fixed,history_qwen_forward|lambda=0.1|scaling=fixed,hold,hold,"[0.03704693254280355, 0.8926927384237495, 0.07026032903344707]",0,1.9183858609735107
4,decision_close_2023_4,2023-04-27,history_qwen_forward,48,history_qwen_forward|lambda=0.001|scaling=fixed,history_qwen_forward|lambda=1|scaling=fixed,history_qwen_forward|lambda=0.1|scaling=fixed,hold,hold,"[0.031513138845388006, 0.9087083251631448, 0.05977853599146698]",0,3.3765151752910323
5,decision_close_2023_5,2023-05-25,history_qwen_forward,49,history_qwen_forward|lambda=0.001|scaling=fixed,history_qwen_forward|lambda=1|scaling=fixed,history_qwen_forward|lambda=0.1|scaling=fixed,hike,hold,"[0.029816268916007586, 0.8900676471907613, 0.08011608389323087]",650,9.671958879298705
6,decision_close_2023_6,2023-06-22,history_qwen_forward,50,history_qwen_forward|lambda=0.001|scaling=fixed,history_qwen_forward|lambda=1|scaling=fixed,history_qwen_forward|lambda=0.1|scaling=fixed,hike,hold,"[9.25885725231475e-09, 0.9980831038902251, 0.0019168868509170062]",250,111.79478589292715
7,decision_close_2023_7,2023-07-20,history_qwen_forward,51,history_qwen_forward|lambda=0.001|scaling=fixed,history_qwen_forward|lambda=1|scaling=fixed,history_qwen_forward|lambda=0.1|scaling=fixed,hike,hold,"[2.753385060105729e-05, 0.5149361030296178, 0.485036363119781]",750,145.30572306197652
8,decision_close_2023_8,2023-08-24,history_qwen_forward,52,history_qwen_forward|lambda=0.001|scaling=fixed,history_qwen_forward|lambda=1|scaling=fixed,history_qwen_forward|lambda=0.1|scaling=fixed,hike,hike,"[1.0948032263518608e-11, 0.14214050115552054, 0.8578594988335316]",500,245.56935566178143
9,decision_close_2023_9,2023-09-21,history_qwen_forward,53,history_qwen_forward|lambda=0.01|scaling=fixed,history_qwen_forward|lambda=1|scaling=fixed,history_qwen_forward|lambda=0.1|scaling=fixed,hike,hike,"[8.7876519277073e-07, 0.08777923901176639, 0.9122198822230408]",500,323.60416014102
10,decision_close_2023_10,2023-10-26,history_qwen_forward,54,history_qwen_forward|lambda=0.01|scaling=fixed,history_qwen_forward|lambda=1|scaling=fixed,history_qwen_forward|lambda=0.1|scaling=fixed,hike,hike,"[3.2388711745312695e-06, 0.17284953802120503, 0.8271472231076201]",500,297.4771758279272
11,decision_close_2023_11,2023-11-23,history_qwen_forward,55,history_qwen_forward|lambda=0.01|scaling=fixed,history_qwen_forward|lambda=1|scaling=fixed,history_qwen_forward|lambda=0.1|scaling=fixed,hike,hike,"[2.1139259631004865e-05, 0.1708303969454691, 0.8291484637948996]",250,296.8414938138067
12,decision_close_2023_12,2023-12-21,history_qwen_forward,56,history_qwen_forward|lambda=0.01|scaling=fixed,history_qwen_forward|lambda=1|scaling=fixed,history_qwen_forward|lambda=0.1|scaling=fixed,hike,hike,"[0.001358203292062423, 0.2474308377729366, 0.7512109589350009]",250,227.0656191305921
13,decision_close_2024_1,2024-01-25,history_qwen_forward,57,history_qwen_forward|lambda=0.01|scaling=fixed,history_qwen_forward|lambda=1|scaling=fixed,history_qwen_forward|lambda=0.1|scaling=fixed,hold,hike,"[0.01452050214492, 0.42032474775483153, 0.5651547501002485]",0,156.6163262655582
14,decision_close_2024_2,2024-02-22,history_qwen_forward,58,history_qwen_forward|lambda=0.001|scaling=fixed,history_qwen_forward|lambda=1|scaling=fixed,history_qwen_forward|lambda=0.1|scaling=fixed,hike,cut,"[0.8680637446814795, 0.12139848579799328, 0.010537769520527346]",500,77.43732013734763
15,decision_close_2024_3,2024-03-21,history_qwen_forward,59,history_qwen_forward|lambda=0.001|scaling=fixed,history_qwen_forward|lambda=1|scaling=fixed,history_qwen_forward|lambda=0.1|scaling=fixed,hold,hike,"[5.059925229698195e-05, 0.3838890015166566, 0.6160603992310466]",0,162.55001858689596
16,decision_close_2024_4,2024-04-25,history_qwen_forward,60,history_qwen_forward|lambda=0.001|scaling=fixed,history_qwen_forward|lambda=1|scaling=fixed,history_qwen_forward|lambda=0.1|scaling=fixed,hold,cut,"[0.4723860469644347, 0.37198722743551865, 0.1556267256000466]",0,146.00234336194484
17,decision_close_2024_5,2024-05-23,history_qwen_forward,61,history_qwen_forward|lambda=0.01|scaling=fixed,history_qwen_forward|lambda=1|scaling=fixed,history_qwen_forward|lambda=0.1|scaling=fixed,hold,cut,"[0.658801363055128, 0.26980189991618225, 0.07139673702868972]",0,58.98164171620006
18,decision_close_2024_6,2024-06-27,history_qwen_forward,62,history_qwen_forward|lambda=0.01|scaling=fixed,history_qwen_forward|lambda=1|scaling=fixed,history_qwen_forward|lambda=0.1|scaling=fixed,hold,cut,"[0.7060845546727658, 0.28076046486113304, 0.013154980466101217]",0,12.469964063137976
19,decision_close_2024_7,2024-07-23,history_qwen_forward,63,history_qwen_forward|lambda=0.01|scaling=fixed,history_qwen_forward|lambda=1|scaling=fixed,history_qwen_forward|lambda=0.1|scaling=fixed,hold,hold,"[0.42733740803284537, 0.5314554313007002, 0.04120716066645455]",0,24.006738883053547
20,decision_close_2024_8,2024-08-20,history_qwen_forward,64,history_qwen_forward|lambda=0.01|scaling=fixed,history_qwen_forward|lambda=1|scaling=fixed,history_qwen_forward|lambda=0.1|scaling=fixed,hold,hold,"[0.24118869321495137, 0.723626052170826, 0.03518525461422259]",0,12.241688842617702
21,decision_close_2024_9,2024-09-19,history_qwen_forward,65,history_qwen_forward|lambda=0.01|scaling=fixed,history_qwen_forward|lambda=1|scaling=fixed,history_qwen_forward|lambda=0.1|scaling=fixed,hold,hold,"[0.17349230904241725, 0.7962017981481113, 0.030305892809471477]",0,9.459427197421228
22,decision_close_2024_10,2024-10-17,history_qwen_forward,66,history_qwen_forward|lambda=0.01|scaling=fixed,history_qwen_forward|lambda=1|scaling=fixed,history_qwen_forward|lambda=0.1|scaling=fixed,hold,hold,"[0.1401683044778328, 0.8252686135332326, 0.03456308198893461]",0,12.045527748998259
23,decision_close_2024_11,2024-11-21,history_qwen_forward,67,history_qwen_forward|lambda=0.01|scaling=fixed,history_qwen_forward|lambda=1|scaling=fixed,history_qwen_forward|lambda=0.1|scaling=fixed,cut,hold,"[0.11583372094193554, 0.8645339763761398, 0.01963230268192469]",-250,2.8490264739721827
24,decision_close_2024_12,2024-12-26,history_qwen_forward,68,history_qwen_forward|lambda=0.01|scaling=fixed,history_qwen_forward|lambda=1|scaling=fixed,history_qwen_forward|lambda=0.1|scaling=fixed,cut,cut,"[0.8919617162087551, 0.10675960930142935, 0.001278674489815539]",-250,-59.24713637491358
25,decision_close_2025_1,2025-01-23,history_qwen_forward,69,history_qwen_forward|lambda=0.01|scaling=fixed,history_qwen_forward|lambda=1|scaling=fixed,history_qwen_forward|lambda=0.1|scaling=fixed,cut,cut,"[0.9758082562078334, 0.02401721115274481, 0.00017453263942147657]",-250,-119.935833938444
26,decision_close_2025_2,2025-03-06,history_qwen_forward,70,history_qwen_forward|lambda=0.01|scaling=fixed,history_qwen_forward|lambda=1|scaling=fixed,history_qwen_forward|lambda=0.1|scaling=fixed,hold,cut,"[0.9879801548764313, 0.011999332303669515, 2.051281989944262e-05]",0,-159.07455532171747
27,decision_close_2025_3,2025-03-20,history_qwen_forward,71,history_qwen_forward|lambda=0.01|scaling=fixed,history_qwen_forward|lambda=1|scaling=fixed,history_qwen_forward|lambda=0.1|scaling=fixed,hike,cut,"[0.6827470382265585, 0.3167664861286202, 0.0004864756448213999]",350,-87.31200843814882
28,decision_close_2025_4,2025-04-17,history_qwen_forward,72,history_qwen_forward|lambda=0.01|scaling=fixed,history_qwen_forward|lambda=1|scaling=fixed,history_qwen_forward|lambda=0.1|scaling=fixed,hold,hold,"[0.0026150527203867117, 0.738603465035696, 0.25878148224391734]",0,73.55821082509132
29,decision_close_2025_5,2025-06-19,history_qwen_forward,73,history_qwen_forward|lambda=0.01|scaling=fixed,history_qwen_forward|lambda=1|scaling=fixed,history_qwen_forward|lambda=0.1|scaling=fixed,cut,hold,"[0.04797511534470481, 0.9458816488990531, 0.006143235756242119]",-300,30.916565180569993
30,decision_close_2025_6,2025-07-24,history_qwen_forward,74,history_qwen_forward|lambda=0.01|scaling=fixed,history_qwen_forward|lambda=1|scaling=fixed,history_qwen_forward|lambda=0.1|scaling=fixed,cut,cut,"[0.8896136544067713, 0.10929576602329387, 0.0010905795699349958]",-250,-64.78462292725628
31,decision_close_2025_7,2025-09-11,history_qwen_forward,75,history_qwen_forward|lambda=0.01|scaling=fixed,history_qwen_forward|lambda=1|scaling=fixed,history_qwen_forward|lambda=0.1|scaling=fixed,cut,cut,"[0.8924157284928986, 0.10738718407116825, 0.00019708743593285343]",-100,-158.56899960765415
32,decision_close_2025_8,2025-10-23,history_qwen_forward,76,history_qwen_forward|lambda=0.01|scaling=fixed,history_qwen_forward|lambda=1|scaling=fixed,history_qwen_forward|lambda=0.1|scaling=fixed,cut,cut,"[0.6820307968556812, 0.31618366286647265, 0.0017855402778461894]",-150,-113.35407804583957
33,decision_close_2025_9,2025-12-11,history_qwen_forward,77,history_qwen_forward|lambda=0.01|scaling=fixed,history_qwen_forward|lambda=1|scaling=fixed,history_qwen_forward|lambda=0.1|scaling=fixed,cut,cut,"[0.8253604100618137, 0.1738848060582808, 0.000754783879905492]",-100,-104.94936854994438
34,decision_close_2026_1,2026-01-22,history_qwen_forward,78,history_qwen_forward|lambda=0.01|scaling=fixed,history_qwen_forward|lambda=1|scaling=fixed,history_qwen_forward|lambda=0.1|scaling=fixed,hold,hold,"[0.4470962354143403, 0.532874408105155, 0.020029356480504894]",0,-61.16229425107451
35,decision_close_2026_2,2026-03-12,history_qwen_forward,79,history_qwen_forward|lambda=0.01|scaling=fixed,history_qwen_forward|lambda=1|scaling=fixed,history_qwen_forward|lambda=0.1|scaling=fixed,hold,hold,"[0.3336048347397385, 0.6613291938427242, 0.00506597141753735]",0,-62.65676418914852
36,decision_close_2026_3,2026-04-22,history_qwen_forward,80,history_qwen_forward|lambda=0.01|scaling=fixed,history_qwen_forward|lambda=1|scaling=fixed,history_qwen_forward|lambda=0.1|scaling=fixed,hold,hold,"[0.21665728253988611, 0.7618811589484719, 0.021461558511641887]",0,-21.3631207290996
37,decision_close_2026_4,2026-06-11,history_qwen_forward,81,history_qwen_forward|lambda=0.01|scaling=fixed,history_qwen_forward|lambda=1|scaling=fixed,history_qwen_forward|lambda=0.1|scaling=fixed,hold,hold,"[0.2081244698124445, 0.7831124666122192, 0.008763063575336459]",0,-32.75200439921706
1,decision_close_2023_1,2023-01-19,history_qwen_scores_only,45,history_qwen_scores_only|lambda=0.001|scaling=fixed,history_qwen_scores_only|lambda=1|scaling=fixed,history_qwen_scores_only|lambda=0.1|scaling=fixed,cut,hold,"[0.044998616590981345, 0.8723027444666273, 0.08269863894239148]",-50,1.917510994003542
2,decision_close_2023_2,2023-02-23,history_qwen_scores_only,46,history_qwen_scores_only|lambda=0.001|scaling=fixed,history_qwen_scores_only|lambda=1|scaling=fixed,history_qwen_scores_only|lambda=0.1|scaling=fixed,hold,hold,"[0.1393663669867623, 0.8606014855264241, 3.2147486813601795e-05]",0,-28.814263539701823
3,decision_close_2023_3,2023-03-23,history_qwen_scores_only,47,history_qwen_scores_only|lambda=0.001|scaling=fixed,history_qwen_scores_only|lambda=1|scaling=fixed,history_qwen_scores_only|lambda=0.1|scaling=fixed,hold,hold,"[0.04258565468204768, 0.8772964698829915, 0.0801178754349608]",0,2.1120093555026394
4,decision_close_2023_4,2023-04-27,history_qwen_scores_only,48,history_qwen_scores_only|lambda=0.001|scaling=fixed,history_qwen_scores_only|lambda=1|scaling=fixed,history_qwen_scores_only|lambda=0.1|scaling=fixed,hold,hold,"[0.03453683859080803, 0.8982840700870331, 0.06717909132215896]",0,2.680113628005759
5,decision_close_2023_5,2023-05-25,history_qwen_scores_only,49,history_qwen_scores_only|lambda=0.001|scaling=fixed,history_qwen_scores_only|lambda=1|scaling=fixed,history_qwen_scores_only|lambda=0.1|scaling=fixed,hike,hold,"[0.03419044379374349, 0.8696025525147965, 0.09620700369146014]",650,9.915175846628111
6,decision_close_2023_6,2023-06-22,history_qwen_scores_only,50,history_qwen_scores_only|lambda=0.001|scaling=fixed,history_qwen_scores_only|lambda=1|scaling=fixed,history_qwen_scores_only|lambda=0.1|scaling=fixed,hike,hold,"[7.662722502334782e-09, 0.9991113117530118, 0.0008886805842665352]",250,112.43730136028738
7,decision_close_2023_7,2023-07-20,history_qwen_scores_only,51,history_qwen_scores_only|lambda=0.001|scaling=fixed,history_qwen_scores_only|lambda=1|scaling=fixed,history_qwen_scores_only|lambda=0.1|scaling=fixed,hike,hike,"[3.538130638926447e-06, 0.15721523615290398, 0.8427812257164571]",750,176.57542682777384
8,decision_close_2023_8,2023-08-24,history_qwen_scores_only,52,history_qwen_scores_only|lambda=0.001|scaling=fixed,history_qwen_scores_only|lambda=1|scaling=fixed,history_qwen_scores_only|lambda=0.1|scaling=fixed,hike,hike,"[6.723016325258241e-12, 0.14343932317605615, 0.8565606768172208]",500,241.12014948704487
9,decision_close_2023_9,2023-09-21,history_qwen_scores_only,53,history_qwen_scores_only|lambda=0.001|scaling=fixed,history_qwen_scores_only|lambda=1|scaling=fixed,history_qwen_scores_only|lambda=0.1|scaling=fixed,hike,hike,"[2.2689943101776473e-08, 0.0777862068351279, 0.9222137704749291]",500,317.9532772270465
10,decision_close_2023_10,2023-10-26,history_qwen_scores_only,54,history_qwen_scores_only|lambda=0.001|scaling=fixed,history_qwen_scores_only|lambda=1|scaling=fixed,history_qwen_scores_only|lambda=0.1|scaling=fixed,hike,hike,"[7.265675625816786e-09, 0.11596196461685171, 0.8840380281174729]",500,292.62062824645454
11,decision_close_2023_11,2023-11-23,history_qwen_scores_only,55,history_qwen_scores_only|lambda=0.001|scaling=fixed,history_qwen_scores_only|lambda=1|scaling=fixed,history_qwen_scores_only|lambda=0.1|scaling=fixed,hike,hike,"[2.2213122026676058e-07, 0.2976515784793147, 0.7023481993894648]",250,280.9838447207625
12,decision_close_2023_12,2023-12-21,history_qwen_scores_only,56,history_qwen_scores_only|lambda=0.001|scaling=fixed,history_qwen_scores_only|lambda=1|scaling=fixed,history_qwen_scores_only|lambda=0.1|scaling=fixed,hike,hike,"[0.00022729085076017346, 0.22556983959022248, 0.7742028695590175]",250,236.60835843290954
13,decision_close_2024_1,2024-01-25,history_qwen_scores_only,57,history_qwen_scores_only|lambda=0.001|scaling=fixed,history_qwen_scores_only|lambda=1|scaling=fixed,history_qwen_scores_only|lambda=0.1|scaling=fixed,hold,hike,"[0.0017205321233371318, 0.46722408941192767, 0.5310553784647349]",0,164.37746121395256
14,decision_close_2024_2,2024-02-22,history_qwen_scores_only,58,history_qwen_scores_only|lambda=0.001|scaling=fixed,history_qwen_scores_only|lambda=1|scaling=fixed,history_qwen_scores_only|lambda=0.1|scaling=fixed,hike,cut,"[0.8519192944233318, 0.13372027749035256, 0.014360428086315408]",500,85.97324121150498
15,decision_close_2024_3,2024-03-21,history_qwen_scores_only,59,history_qwen_scores_only|lambda=0.001|scaling=fixed,history_qwen_scores_only|lambda=1|scaling=fixed,history_qwen_scores_only|lambda=0.1|scaling=fixed,hold,hold,"[3.7554413976017074e-05, 0.5595411215271792, 0.4404213240588447]",0,146.81391058916225
16,decision_close_2024_4,2024-04-25,history_qwen_scores_only,60,history_qwen_scores_only|lambda=0.001|scaling=fixed,history_qwen_scores_only|lambda=1|scaling=fixed,history_qwen_scores_only|lambda=0.1|scaling=fixed,hold,cut,"[0.6097587045520092, 0.33103800622574997, 0.05920328922224081]",0,103.03006628333509
17,decision_close_2024_5,2024-05-23,history_qwen_scores_only,61,history_qwen_scores_only|lambda=0.001|scaling=fixed,history_qwen_scores_only|lambda=1|scaling=fixed,history_qwen_scores_only|lambda=0.1|scaling=fixed,hold,cut,"[0.5241671873550077, 0.38173756871441517, 0.09409524393057725]",0,62.18834006965269
18,decision_close_2024_6,2024-06-27,history_qwen_scores_only,62,history_qwen_scores_only|lambda=0.001|scaling=fixed,history_qwen_scores_only|lambda=1|scaling=fixed,history_qwen_scores_only|lambda=0.1|scaling=fixed,hold,cut,"[0.8191830055256486, 0.17490450055763462, 0.005912493916716881]",0,14.352905926309143
19,decision_close_2024_7,2024-07-23,history_qwen_scores_only,63,history_qwen_scores_only|lambda=0.001|scaling=fixed,history_qwen_scores_only|lambda=1|scaling=fixed,history_qwen_scores_only|lambda=0.1|scaling=fixed,hold,hold,"[0.37529481696061423, 0.5876311880529821, 0.03707399498640362]",0,27.357192513741047
20,decision_close_2024_8,2024-08-20,history_qwen_scores_only,64,history_qwen_scores_only|lambda=0.001|scaling=fixed,history_qwen_scores_only|lambda=1|scaling=fixed,history_qwen_scores_only|lambda=0.1|scaling=fixed,hold,hold,"[0.283220319538766, 0.7100730484793829, 0.006706631981851127]",0,-27.687802586078142
21,decision_close_2024_9,2024-09-19,history_qwen_scores_only,65,history_qwen_scores_only|lambda=0.001|scaling=fixed,history_qwen_scores_only|lambda=1|scaling=fixed,history_qwen_scores_only|lambda=0.1|scaling=fixed,hold,hold,"[0.17377199224986342, 0.7975904316299383, 0.028637576120198283]",0,21.06338259520048
22,decision_close_2024_10,2024-10-17,history_qwen_scores_only,66,history_qwen_scores_only|lambda=0.001|scaling=fixed,history_qwen_scores_only|lambda=1|scaling=fixed,history_qwen_scores_only|lambda=0.1|scaling=fixed,hold,hold,"[0.13096397282953937, 0.8362971396718455, 0.032738887498615116]",0,23.13867927694442
23,decision_close_2024_11,2024-11-21,history_qwen_scores_only,67,history_qwen_scores_only|lambda=0.001|scaling=fixed,history_qwen_scores_only|lambda=1|scaling=fixed,history_qwen_scores_only|lambda=0.1|scaling=fixed,cut,hold,"[0.12292061548452354, 0.8607596621328217, 0.016319722382654587]",-250,11.721561783757803
24,decision_close_2024_12,2024-12-26,history_qwen_scores_only,68,history_qwen_scores_only|lambda=0.001|scaling=fixed,history_qwen_scores_only|lambda=1|scaling=fixed,history_qwen_scores_only|lambda=0.1|scaling=fixed,cut,cut,"[0.9932573502960791, 0.0066867803704997045, 5.586933342121511e-05]",-250,-51.29770329235186
25,decision_close_2025_1,2025-01-23,history_qwen_scores_only,69,history_qwen_scores_only|lambda=0.001|scaling=fixed,history_qwen_scores_only|lambda=1|scaling=fixed,history_qwen_scores_only|lambda=0.1|scaling=fixed,cut,cut,"[0.996160533479006, 0.0038234674341453266, 1.5999086848845895e-05]",-250,-111.0825563490678
26,decision_close_2025_2,2025-03-06,history_qwen_scores_only,70,history_qwen_scores_only|lambda=0.001|scaling=fixed,history_qwen_scores_only|lambda=1|scaling=fixed,history_qwen_scores_only|lambda=0.1|scaling=fixed,hold,cut,"[0.9991652618356415, 0.0008341340398821079, 6.041244765685876e-07]",0,-153.91965357083407
27,decision_close_2025_3,2025-03-20,history_qwen_scores_only,71,history_qwen_scores_only|lambda=0.001|scaling=fixed,history_qwen_scores_only|lambda=1|scaling=fixed,history_qwen_scores_only|lambda=0.1|scaling=fixed,hike,hold,"[0.23965963602583076, 0.7601913359935469, 0.00014902798062230895]",350,-51.6720024642778
28,decision_close_2025_4,2025-04-17,history_qwen_scores_only,72,history_qwen_scores_only|lambda=0.001|scaling=fixed,history_qwen_scores_only|lambda=1|scaling=fixed,history_qwen_scores_only|lambda=0.1|scaling=fixed,hold,hold,"[0.0008345812259612966, 0.9339094897573075, 0.06525592901673126]",0,31.99144361655002
29,decision_close_2025_5,2025-06-19,history_qwen_scores_only,73,history_qwen_scores_only|lambda=0.001|scaling=fixed,history_qwen_scores_only|lambda=1|scaling=fixed,history_qwen_scores_only|lambda=0.1|scaling=fixed,cut,hold,"[0.09268880187493501, 0.9070046731421072, 0.0003065249829576376]",-300,-16.314402945645305
30,decision_close_2025_6,2025-07-24,history_qwen_scores_only,74,history_qwen_scores_only|lambda=0.001|scaling=fixed,history_qwen_scores_only|lambda=1|scaling=fixed,history_qwen_scores_only|lambda=0.1|scaling=fixed,cut,cut,"[0.8622654843021746, 0.1317492088542334, 0.005985306843591716]",-250,1.1356741862643487
31,decision_close_2025_7,2025-09-11,history_qwen_scores_only,75,history_qwen_scores_only|lambda=0.001|scaling=fixed,history_qwen_scores_only|lambda=1|scaling=fixed,history_qwen_scores_only|lambda=0.1|scaling=fixed,cut,cut,"[0.9737069684251373, 0.02627687428995641, 1.615728490656709e-05]",-100,-156.5434486491161
32,decision_close_2025_8,2025-10-23,history_qwen_scores_only,76,history_qwen_scores_only|lambda=0.001|scaling=fixed,history_qwen_scores_only|lambda=1|scaling=fixed,history_qwen_scores_only|lambda=0.1|scaling=fixed,cut,cut,"[0.7149731943684924, 0.284761476640156, 0.00026532899135172744]",-150,-124.17721398432002
33,decision_close_2025_9,2025-12-11,history_qwen_scores_only,77,history_qwen_scores_only|lambda=0.001|scaling=fixed,history_qwen_scores_only|lambda=1|scaling=fixed,history_qwen_scores_only|lambda=0.1|scaling=fixed,cut,cut,"[0.9364936831041807, 0.06339052214814364, 0.00011579474767545674]",-100,-102.05712668073494
34,decision_close_2026_1,2026-01-22,history_qwen_scores_only,78,history_qwen_scores_only|lambda=0.001|scaling=fixed,history_qwen_scores_only|lambda=1|scaling=fixed,history_qwen_scores_only|lambda=0.1|scaling=fixed,hold,cut,"[0.7078175781198787, 0.28573480486269215, 0.006447617017429167]",0,-59.17233532596868
35,decision_close_2026_2,2026-03-12,history_qwen_scores_only,79,history_qwen_scores_only|lambda=0.001|scaling=fixed,history_qwen_scores_only|lambda=1|scaling=fixed,history_qwen_scores_only|lambda=0.1|scaling=fixed,hold,hold,"[0.3507639095217917, 0.6468692040301373, 0.002366886448071213]",0,-59.39714226655247
36,decision_close_2026_3,2026-04-22,history_qwen_scores_only,80,history_qwen_scores_only|lambda=0.001|scaling=fixed,history_qwen_scores_only|lambda=1|scaling=fixed,history_qwen_scores_only|lambda=0.1|scaling=fixed,hold,hold,"[0.20471129069177252, 0.7804660504972417, 0.014822658810985934]",0,-17.17086654390815
37,decision_close_2026_4,2026-06-11,history_qwen_scores_only,81,history_qwen_scores_only|lambda=0.001|scaling=fixed,history_qwen_scores_only|lambda=1|scaling=fixed,history_qwen_scores_only|lambda=0.1|scaling=fixed,hold,hold,"[0.3050989206202502, 0.6944983349448879, 0.00040274443486199116]",0,-72.9853854304893
1,decision_close_2023_1,2023-01-19,history_qwen_missing_only,45,history_qwen_missing_only|lambda=0.001|scaling=fixed,history_qwen_missing_only|lambda=1|scaling=fixed,history_qwen_missing_only|lambda=0.1|scaling=fixed,cut,hold,"[0.02369779779497321, 0.8897872744285085, 0.08651492777651817]",-50,8.800343777582734
2,decision_close_2023_2,2023-02-23,history_qwen_missing_only,46,history_qwen_missing_only|lambda=0.001|scaling=fixed,history_qwen_missing_only|lambda=1|scaling=fixed,history_qwen_missing_only|lambda=0.1|scaling=fixed,hold,hold,"[0.11268197460775731, 0.8282310428449224, 0.05908698254732032]",0,-8.433647630334232
3,decision_close_2023_3,2023-03-23,history_qwen_missing_only,47,history_qwen_missing_only|lambda=0.001|scaling=fixed,history_qwen_missing_only|lambda=1|scaling=fixed,history_qwen_missing_only|lambda=0.1|scaling=fixed,hold,hold,"[0.0449232071823242, 0.8534156940133244, 0.10166109880435134]",0,-3.5947707106084525
4,decision_close_2023_4,2023-04-27,history_qwen_missing_only,48,history_qwen_missing_only|lambda=0.001|scaling=fixed,history_qwen_missing_only|lambda=1|scaling=fixed,history_qwen_missing_only|lambda=0.1|scaling=fixed,hold,hold,"[0.03798744602266628, 0.8996206556625398, 0.062391898314793914]",0,-1.979087454293825
5,decision_close_2023_5,2023-05-25,history_qwen_missing_only,49,history_qwen_missing_only|lambda=0.001|scaling=fixed,history_qwen_missing_only|lambda=1|scaling=fixed,history_qwen_missing_only|lambda=0.1|scaling=fixed,hike,hold,"[0.0365535089112215, 0.8512173369599231, 0.11222915412885531]",650,4.637489168514517
6,decision_close_2023_6,2023-06-22,history_qwen_missing_only,50,history_qwen_missing_only|lambda=0.001|scaling=fixed,history_qwen_missing_only|lambda=1|scaling=fixed,history_qwen_missing_only|lambda=0.1|scaling=fixed,hike,hike,"[1.0240773007561026e-09, 0.46151578248655345, 0.5384842164893697]",250,121.80771747814325
7,decision_close_2023_7,2023-07-20,history_qwen_missing_only,51,history_qwen_missing_only|lambda=0.001|scaling=fixed,history_qwen_missing_only|lambda=1|scaling=fixed,history_qwen_missing_only|lambda=0.1|scaling=fixed,hike,hike,"[1.3126929503970472e-05, 0.35302305434924586, 0.6469638187212501]",750,147.80369817690718
8,decision_close_2023_8,2023-08-24,history_qwen_missing_only,52,history_qwen_missing_only|lambda=0.001|scaling=fixed,history_qwen_missing_only|lambda=1|scaling=fixed,history_qwen_missing_only|lambda=0.01|scaling=fixed,hike,hike,"[3.3321859074466857e-13, 0.03721936720944561, 0.9627806327902205]",500,256.8808970925126
9,decision_close_2023_9,2023-09-21,history_qwen_missing_only,53,history_qwen_missing_only|lambda=0.001|scaling=fixed,history_qwen_missing_only|lambda=1|scaling=fixed,history_qwen_missing_only|lambda=0.01|scaling=fixed,hike,hike,"[5.528295618748562e-09, 0.047486401134048464, 0.9525135933376563]",500,332.6657558588732
10,decision_close_2023_10,2023-10-26,history_qwen_missing_only,54,history_qwen_missing_only|lambda=0.001|scaling=fixed,history_qwen_missing_only|lambda=1|scaling=fixed,history_qwen_missing_only|lambda=0.01|scaling=fixed,hike,hike,"[2.1272369326558908e-09, 0.07721715383606756, 0.9227828440366956]",500,304.754608180141
11,decision_close_2023_11,2023-11-23,history_qwen_missing_only,55,history_qwen_missing_only|lambda=0.001|scaling=fixed,history_qwen_missing_only|lambda=1|scaling=fixed,history_qwen_missing_only|lambda=0.01|scaling=fixed,hike,hike,"[4.9841118035005576e-08, 0.10234282038886515, 0.8976571297700168]",250,295.37569526319174
12,decision_close_2023_12,2023-12-21,history_qwen_missing_only,56,history_qwen_missing_only|lambda=0.001|scaling=fixed,history_qwen_missing_only|lambda=1|scaling=fixed,history_qwen_missing_only|lambda=0.01|scaling=fixed,hike,hike,"[0.00017138308156447243, 0.27747183916169327, 0.7223567777567423]",250,224.15717622028754
13,decision_close_2024_1,2024-01-25,history_qwen_missing_only,57,history_qwen_missing_only|lambda=0.001|scaling=fixed,history_qwen_missing_only|lambda=1|scaling=fixed,history_qwen_missing_only|lambda=0.01|scaling=fixed,hold,hold,"[0.0010314328197300725, 0.5349990857283627, 0.4639694814519073]",0,153.32132173718108
14,decision_close_2024_2,2024-02-22,history_qwen_missing_only,58,history_qwen_missing_only|lambda=0.001|scaling=fixed,history_qwen_missing_only|lambda=1|scaling=fixed,history_qwen_missing_only|lambda=0.01|scaling=fixed,hike,cut,"[0.8554488457796513, 0.13598169771567148, 0.008569456504677182]",500,72.57580744482925
15,decision_close_2024_3,2024-03-21,history_qwen_missing_only,59,history_qwen_missing_only|lambda=0.001|scaling=fixed,history_qwen_missing_only|lambda=1|scaling=fixed,history_qwen_missing_only|lambda=0.01|scaling=fixed,hold,hike,"[6.372049767669478e-06, 0.30290451602435536, 0.6970891119258767]",0,161.027405110682
16,decision_close_2024_4,2024-04-25,history_qwen_missing_only,60,history_qwen_missing_only|lambda=0.001|scaling=fixed,history_qwen_missing_only|lambda=1|scaling=fixed,history_qwen_missing_only|lambda=0.1|scaling=fixed,hold,cut,"[0.5086062294470354, 0.4039859633326071, 0.08740780722035754]",0,142.39793731438385
17,decision_close_2024_5,2024-05-23,history_qwen_missing_only,61,history_qwen_missing_only|lambda=0.001|scaling=fixed,history_qwen_missing_only|lambda=1|scaling=fixed,history_qwen_missing_only|lambda=0.01|scaling=fixed,hold,cut,"[0.5200489139996012, 0.4323816346653623, 0.04756945133503653]",0,62.68852646689109
18,decision_close_2024_6,2024-06-27,history_qwen_missing_only,62,history_qwen_missing_only|lambda=0.001|scaling=fixed,history_qwen_missing_only|lambda=1|scaling=fixed,history_qwen_missing_only|lambda=0.1|scaling=fixed,hold,cut,"[0.7819193460470458, 0.21612156192947782, 0.0019590920234762435]",0,14.791065070730156
19,decision_close_2024_7,2024-07-23,history_qwen_missing_only,63,history_qwen_missing_only|lambda=0.001|scaling=fixed,history_qwen_missing_only|lambda=1|scaling=fixed,history_qwen_missing_only|lambda=0.1|scaling=fixed,hold,hold,"[0.4070830372097038, 0.5808742594705092, 0.012042703319787]",0,26.164084962583722
20,decision_close_2024_8,2024-08-20,history_qwen_missing_only,64,history_qwen_missing_only|lambda=0.001|scaling=fixed,history_qwen_missing_only|lambda=1|scaling=fixed,history_qwen_missing_only|lambda=0.1|scaling=fixed,hold,hold,"[0.30081260792347014, 0.6862922259569895, 0.012895166119540256]",0,7.00582183639808
21,decision_close_2024_9,2024-09-19,history_qwen_missing_only,65,history_qwen_missing_only|lambda=0.001|scaling=fixed,history_qwen_missing_only|lambda=1|scaling=fixed,history_qwen_missing_only|lambda=0.1|scaling=fixed,hold,hold,"[0.1926438315393537, 0.7959518254659583, 0.01140434299468815]",0,4.500000922140545
22,decision_close_2024_10,2024-10-17,history_qwen_missing_only,66,history_qwen_missing_only|lambda=0.001|scaling=fixed,history_qwen_missing_only|lambda=1|scaling=fixed,history_qwen_missing_only|lambda=0.1|scaling=fixed,hold,hold,"[0.14592405228330466, 0.8398164707055562, 0.014259477011138945]",0,7.375226425011025
23,decision_close_2024_11,2024-11-21,history_qwen_missing_only,67,history_qwen_missing_only|lambda=0.001|scaling=fixed,history_qwen_missing_only|lambda=1|scaling=fixed,history_qwen_missing_only|lambda=0.1|scaling=fixed,cut,hold,"[0.12103082437834865, 0.8722227487612906, 0.006746426860360696]",-250,-1.738762327501836
24,decision_close_2024_12,2024-12-26,history_qwen_missing_only,68,history_qwen_missing_only|lambda=0.001|scaling=fixed,history_qwen_missing_only|lambda=1|scaling=fixed,history_qwen_missing_only|lambda=0.1|scaling=fixed,cut,cut,"[0.9961533335015076, 0.0038353898100123834, 1.1276688479764908e-05]",-250,-65.22480187854019
25,decision_close_2025_1,2025-01-23,history_qwen_missing_only,69,history_qwen_missing_only|lambda=0.001|scaling=fixed,history_qwen_missing_only|lambda=1|scaling=fixed,history_qwen_missing_only|lambda=0.01|scaling=fixed,cut,cut,"[0.9980561676944496, 0.0019399834987720356, 3.848806778123755e-06]",-250,-126.28816748690699
26,decision_close_2025_2,2025-03-06,history_qwen_missing_only,70,history_qwen_missing_only|lambda=0.001|scaling=fixed,history_qwen_missing_only|lambda=1|scaling=fixed,history_qwen_missing_only|lambda=0.01|scaling=fixed,hold,cut,"[0.9994609898447776, 0.0005388825315541781, 1.2762366836721792e-07]",0,-165.5470156537099
27,decision_close_2025_3,2025-03-20,history_qwen_missing_only,71,history_qwen_missing_only|lambda=0.001|scaling=fixed,history_qwen_missing_only|lambda=1|scaling=fixed,history_qwen_missing_only|lambda=0.1|scaling=fixed,hike,hold,"[0.36519078695979457, 0.6263989671364755, 0.008410245903729711]",350,-66.03733470272547
28,decision_close_2025_4,2025-04-17,history_qwen_missing_only,72,history_qwen_missing_only|lambda=0.001|scaling=fixed,history_qwen_missing_only|lambda=1|scaling=fixed,history_qwen_missing_only|lambda=0.1|scaling=fixed,hold,hold,"[0.00017828131752223436, 0.7412904543658975, 0.2585312643165802]",0,71.0173831720788
29,decision_close_2025_5,2025-06-19,history_qwen_missing_only,73,history_qwen_missing_only|lambda=0.001|scaling=fixed,history_qwen_missing_only|lambda=1|scaling=fixed,history_qwen_missing_only|lambda=0.1|scaling=fixed,cut,hold,"[0.058671072826374106, 0.9394693275551655, 0.0018595996184604027]",-300,28.701486569689383
30,decision_close_2025_6,2025-07-24,history_qwen_missing_only,74,history_qwen_missing_only|lambda=0.001|scaling=fixed,history_qwen_missing_only|lambda=1|scaling=fixed,history_qwen_missing_only|lambda=0.1|scaling=fixed,cut,cut,"[0.962423683590993, 0.03695298305750081, 0.0006233333515060959]",-250,-54.9254583119755
31,decision_close_2025_7,2025-09-11,history_qwen_missing_only,75,history_qwen_missing_only|lambda=0.001|scaling=fixed,history_qwen_missing_only|lambda=1|scaling=fixed,history_qwen_missing_only|lambda=0.1|scaling=fixed,cut,cut,"[0.9684969622192394, 0.03148774375924486, 1.5294021515897506e-05]",-100,-163.97857944687098
32,decision_close_2025_8,2025-10-23,history_qwen_missing_only,76,history_qwen_missing_only|lambda=0.001|scaling=fixed,history_qwen_missing_only|lambda=1|scaling=fixed,history_qwen_missing_only|lambda=0.1|scaling=fixed,cut,cut,"[0.770747868380334, 0.22881161175243817, 0.00044051986722785236]",-150,-118.29612293332067
33,decision_close_2025_9,2025-12-11,history_qwen_missing_only,77,history_qwen_missing_only|lambda=0.001|scaling=fixed,history_qwen_missing_only|lambda=1|scaling=fixed,history_qwen_missing_only|lambda=0.01|scaling=fixed,cut,cut,"[0.9344529581503297, 0.06546731593135116, 7.972591831958086e-05]",-100,-109.40595807146687
34,decision_close_2026_1,2026-01-22,history_qwen_missing_only,78,history_qwen_missing_only|lambda=0.001|scaling=fixed,history_qwen_missing_only|lambda=1|scaling=fixed,history_qwen_missing_only|lambda=0.01|scaling=fixed,hold,cut,"[0.707840817643426, 0.29090391193423826, 0.0012552704223359244]",0,-83.54862570787776
35,decision_close_2026_2,2026-03-12,history_qwen_missing_only,79,history_qwen_missing_only|lambda=0.001|scaling=fixed,history_qwen_missing_only|lambda=1|scaling=fixed,history_qwen_missing_only|lambda=0.01|scaling=fixed,hold,hold,"[0.23517150499559059, 0.762793656791663, 0.0020348382127461416]",0,-66.06463044438419
36,decision_close_2026_3,2026-04-22,history_qwen_missing_only,80,history_qwen_missing_only|lambda=0.001|scaling=fixed,history_qwen_missing_only|lambda=1|scaling=fixed,history_qwen_missing_only|lambda=0.01|scaling=fixed,hold,hold,"[0.18073523500683483, 0.8082051426745789, 0.011059622318586319]",0,-24.770673466639494
37,decision_close_2026_4,2026-06-11,history_qwen_missing_only,81,history_qwen_missing_only|lambda=0.001|scaling=fixed,history_qwen_missing_only|lambda=1|scaling=fixed,history_qwen_missing_only|lambda=0.01|scaling=fixed,hold,hold,"[0.14538166878310885, 0.8509600922166659, 0.0036582390002252206]",0,-35.75760420696055
1,decision_close_2023_1,2023-01-19,proxy_market,45,proxy_market|lambda=0.01|scaling=fixed,proxy_market|lambda=10|scaling=fixed,proxy_market|lambda=0.1|scaling=fixed,cut,hold,"[0.07976843238681328, 0.916471937619618, 0.0037596299935686826]",-50,-23.32976583575669
2,decision_close_2023_2,2023-02-23,proxy_market,46,proxy_market|lambda=0.01|scaling=fixed,proxy_market|lambda=10|scaling=fixed,proxy_market|lambda=0.1|scaling=fixed,hold,hold,"[0.255112685098495, 0.7127628001890188, 0.032124514712486334]",0,-21.211421559704867
3,decision_close_2023_3,2023-03-23,proxy_market,47,proxy_market|lambda=0.01|scaling=fixed,proxy_market|lambda=10|scaling=fixed,proxy_market|lambda=0.1|scaling=fixed,hold,hold,"[0.07420766179460676, 0.8932483792082423, 0.03254395899715085]",0,-19.41623364026292
4,decision_close_2023_4,2023-04-27,proxy_market,48,proxy_market|lambda=0.01|scaling=fixed,proxy_market|lambda=10|scaling=fixed,proxy_market|lambda=0.1|scaling=fixed,hold,hold,"[0.06953638497167561, 0.9152652778142433, 0.015198337214081033]",0,-18.430115401642283
5,decision_close_2023_5,2023-05-25,proxy_market,49,proxy_market|lambda=0.01|scaling=fixed,proxy_market|lambda=10|scaling=fixed,proxy_market|lambda=0.1|scaling=fixed,hike,hold,"[0.14472214758405785, 0.8268573118276838, 0.02842054058825828]",650,-16.780509174301667
6,decision_close_2023_6,2023-06-22,proxy_market,50,proxy_market|lambda=0.01|scaling=fixed,proxy_market|lambda=10|scaling=fixed,proxy_market|lambda=0.1|scaling=fixed,hike,hold,"[4.009909626994815e-06, 0.5517703429809213, 0.44822564710945184]",250,29.132279120087663
7,decision_close_2023_7,2023-07-20,proxy_market,51,proxy_market|lambda=0.01|scaling=fixed,proxy_market|lambda=10|scaling=fixed,proxy_market|lambda=0.1|scaling=fixed,hike,hike,"[2.2709554206263186e-05, 0.23060945383306947, 0.7693678366127246]",750,45.112335241416915
8,decision_close_2023_8,2023-08-24,proxy_market,52,proxy_market|lambda=0.01|scaling=fixed,proxy_market|lambda=1|scaling=fixed,proxy_market|lambda=0.1|scaling=fixed,hike,hike,"[5.3513014522558915e-09, 0.047370301868081985, 0.9526296927806169]",500,329.10095986418156
9,decision_close_2023_9,2023-09-21,proxy_market,53,proxy_market|lambda=0.01|scaling=fixed,proxy_market|lambda=1|scaling=fixed,proxy_market|lambda=0.1|scaling=fixed,hike,hike,"[1.669128542574397e-07, 0.15291085447339625, 0.8470889786137498]",500,392.22320531167935
10,decision_close_2023_10,2023-10-26,proxy_market,54,proxy_market|lambda=0.1|scaling=fixed,proxy_market|lambda=1|scaling=fixed,proxy_market|lambda=0.1|scaling=fixed,hike,hike,"[0.0006406380826859916, 0.19959322139330474, 0.7997661405240093]",500,358.53918130718364
11,decision_close_2023_11,2023-11-23,proxy_market,55,proxy_market|lambda=0.1|scaling=fixed,proxy_market|lambda=1|scaling=fixed,proxy_market|lambda=0.1|scaling=fixed,hike,hike,"[0.0014450661842957482, 0.11035223253591192, 0.8882027012797925]",250,367.1507504827126
12,decision_close_2023_12,2023-12-21,proxy_market,56,proxy_market|lambda=0.1|scaling=fixed,proxy_market|lambda=1|scaling=fixed,proxy_market|lambda=0.1|scaling=fixed,hike,hike,"[0.007041397648458225, 0.13202980928736577, 0.860928793064176]",250,296.0278135159881
13,decision_close_2024_1,2024-01-25,proxy_market,57,proxy_market|lambda=0.1|scaling=fixed,proxy_market|lambda=1|scaling=fixed,proxy_market|lambda=0.1|scaling=fixed,hold,hike,"[0.028302865010009937, 0.15351414174952843, 0.8181829932404616]",0,224.3533930951802
14,decision_close_2024_2,2024-02-22,proxy_market,58,proxy_market|lambda=0.1|scaling=fixed,proxy_market|lambda=1|scaling=fixed,proxy_market|lambda=0.1|scaling=fixed,hike,hike,"[0.09623936285077031, 0.4426691181784949, 0.46109151897073497]",500,148.70014059836217
15,decision_close_2024_3,2024-03-21,proxy_market,59,proxy_market|lambda=0.1|scaling=fixed,proxy_market|lambda=1|scaling=fixed,proxy_market|lambda=0.1|scaling=fixed,hold,hike,"[0.017686392264797523, 0.19315184438258629, 0.7891617633526161]",0,232.2330275343439
16,decision_close_2024_4,2024-04-25,proxy_market,60,proxy_market|lambda=0.1|scaling=fixed,proxy_market|lambda=1|scaling=fixed,proxy_market|lambda=0.1|scaling=fixed,hold,hike,"[0.05335502441236426, 0.3747533595539284, 0.5718916160337072]",0,205.04564836889986
17,decision_close_2024_5,2024-05-23,proxy_market,61,proxy_market|lambda=0.1|scaling=fixed,proxy_market|lambda=1|scaling=fixed,proxy_market|lambda=0.1|scaling=fixed,hold,hold,"[0.14175671436088336, 0.5758236955474021, 0.28241959009171447]",0,103.73979984238812
18,decision_close_2024_6,2024-06-27,proxy_market,62,proxy_market|lambda=0.1|scaling=fixed,proxy_market|lambda=1|scaling=fixed,proxy_market|lambda=0.1|scaling=fixed,hold,hold,"[0.19123884499936997, 0.6853192180834502, 0.12344193691717989]",0,53.632935651775284
19,decision_close_2024_7,2024-07-23,proxy_market,63,proxy_market|lambda=0.1|scaling=fixed,proxy_market|lambda=1|scaling=fixed,proxy_market|lambda=0.1|scaling=fixed,hold,hold,"[0.14211060210404883, 0.7089431662766895, 0.1489462316192618]",0,54.88412601466148
20,decision_close_2024_8,2024-08-20,proxy_market,64,proxy_market|lambda=0.1|scaling=fixed,proxy_market|lambda=1|scaling=fixed,proxy_market|lambda=0.1|scaling=fixed,hold,hold,"[0.10485057521617679, 0.7720607801591364, 0.12308864462468681]",0,49.76546866418327
21,decision_close_2024_9,2024-09-19,proxy_market,65,proxy_market|lambda=0.1|scaling=fixed,proxy_market|lambda=1|scaling=fixed,proxy_market|lambda=0.1|scaling=fixed,hold,hold,"[0.0914020396097801, 0.8041738457740075, 0.10442411461621244]",0,42.63213369416062
22,decision_close_2024_10,2024-10-17,proxy_market,66,proxy_market|lambda=0.1|scaling=fixed,proxy_market|lambda=1|scaling=fixed,proxy_market|lambda=0.1|scaling=fixed,hold,hold,"[0.08274915585178343, 0.8168827346547077, 0.10036810949350888]",0,39.606376525434584
23,decision_close_2024_11,2024-11-21,proxy_market,67,proxy_market|lambda=0.1|scaling=fixed,proxy_market|lambda=1|scaling=fixed,proxy_market|lambda=0.1|scaling=fixed,cut,hold,"[0.07258359225506095, 0.8541253759550794, 0.07329103178985959]",-250,30.077299490536873
24,decision_close_2024_12,2024-12-26,proxy_market,68,proxy_market|lambda=0.1|scaling=fixed,proxy_market|lambda=1|scaling=fixed,proxy_market|lambda=0.1|scaling=fixed,cut,hold,"[0.3966055300616667, 0.5724903798881927, 0.030904090050140446]",-250,-41.20387623472278
25,decision_close_2025_1,2025-01-23,proxy_market,69,proxy_market|lambda=0.1|scaling=fixed,proxy_market|lambda=1|scaling=fixed,proxy_market|lambda=0.1|scaling=fixed,cut,cut,"[0.6993743674672916, 0.28891148464969857, 0.011714147883010034]",-250,-108.86373684012136
26,decision_close_2025_2,2025-03-06,proxy_market,70,proxy_market|lambda=0.1|scaling=fixed,proxy_market|lambda=1|scaling=fixed,proxy_market|lambda=0.1|scaling=fixed,hold,cut,"[0.7217246614920957, 0.27199137675902807, 0.006283961748876468]",0,-133.9306399564339
27,decision_close_2025_3,2025-03-20,proxy_market,71,proxy_market|lambda=0.1|scaling=fixed,proxy_market|lambda=1|scaling=fixed,proxy_market|lambda=0.1|scaling=fixed,hike,hold,"[0.30136422831671106, 0.6370118489955209, 0.06162392268776796]",350,-36.921558173356765
28,decision_close_2025_4,2025-04-17,proxy_market,72,proxy_market|lambda=0.1|scaling=fixed,proxy_market|lambda=1|scaling=fixed,proxy_market|lambda=0.1|scaling=fixed,hold,hold,"[0.04734212191049867, 0.6124049127492509, 0.3402529653402505]",0,94.1480551222368
29,decision_close_2025_5,2025-06-19,proxy_market,73,proxy_market|lambda=0.1|scaling=fixed,proxy_market|lambda=1|scaling=fixed,proxy_market|lambda=0.1|scaling=fixed,cut,hold,"[0.08003584286291511, 0.8348273872281993, 0.08513676990888566]",-300,56.23421122767005
30,decision_close_2025_6,2025-07-24,proxy_market,74,proxy_market|lambda=0.1|scaling=fixed,proxy_market|lambda=1|scaling=fixed,proxy_market|lambda=0.1|scaling=fixed,cut,cut,"[0.5242599231666979, 0.41802435769175345, 0.057715719141548855]",-250,-45.306540559969946
31,decision_close_2025_7,2025-09-11,proxy_market,75,proxy_market|lambda=0.1|scaling=fixed,proxy_market|lambda=1|scaling=fixed,proxy_market|lambda=0.1|scaling=fixed,cut,cut,"[0.7860902760367887, 0.20677082370558422, 0.007138900257627237]",-100,-153.7209661469686
32,decision_close_2025_8,2025-10-23,proxy_market,76,proxy_market|lambda=0.1|scaling=fixed,proxy_market|lambda=1|scaling=fixed,proxy_market|lambda=0.1|scaling=fixed,cut,cut,"[0.6618080048143634, 0.31906419141004805, 0.01912780377558855]",-150,-104.26095191449734
33,decision_close_2025_9,2025-12-11,proxy_market,77,proxy_market|lambda=0.1|scaling=fixed,proxy_market|lambda=1|scaling=fixed,proxy_market|lambda=0.1|scaling=fixed,cut,cut,"[0.7147781995998157, 0.2686664131576856, 0.01655538724249868]",-100,-102.15877370802728
34,decision_close_2026_1,2026-01-22,proxy_market,78,proxy_market|lambda=0.1|scaling=fixed,proxy_market|lambda=1|scaling=fixed,proxy_market|lambda=0.1|scaling=fixed,hold,cut,"[0.6554791474795406, 0.316129986395514, 0.028390866124945457]",0,-81.89780860832437
35,decision_close_2026_2,2026-03-12,proxy_market,79,proxy_market|lambda=0.1|scaling=fixed,proxy_market|lambda=1|scaling=fixed,proxy_market|lambda=0.1|scaling=fixed,hold,hold,"[0.4222842739398868, 0.5312061302967659, 0.04650959576334729]",0,-45.93172922532291
36,decision_close_2026_3,2026-04-22,proxy_market,80,proxy_market|lambda=0.1|scaling=fixed,proxy_market|lambda=1|scaling=fixed,proxy_market|lambda=0.1|scaling=fixed,hold,hold,"[0.3162479998307773, 0.5948497890832709, 0.08890221108595162]",0,-11.471187938815799
37,decision_close_2026_4,2026-06-11,proxy_market,81,proxy_market|lambda=0.1|scaling=fixed,proxy_market|lambda=1|scaling=fixed,proxy_market|lambda=0.1|scaling=fixed,hold,hold,"[0.30933752522188274, 0.6340544332047299, 0.056608041573387426]",0,-23.39496026872297
1,decision_close_2023_1,2023-01-19,proxy_market_lsa,45,proxy_market_lsa|lambda=0.01|scaling=column_standardized,proxy_market_lsa|lambda=10|scaling=column_standardized,proxy_market_lsa|lambda=0.1|scaling=column_standardized,cut,hold,"[0.12589006955022858, 0.8688417152537373, 0.005268215196034254]",-50,-23.29866096716011
2,decision_close_2023_2,2023-02-23,proxy_market_lsa,46,proxy_market_lsa|lambda=0.01|scaling=column_standardized,proxy_market_lsa|lambda=10|scaling=column_standardized,proxy_market_lsa|lambda=0.1|scaling=column_standardized,hold,hold,"[0.0953697284058416, 0.8951320191148132, 0.009498252479345009]",0,-21.418847130718056
3,decision_close_2023_3,2023-03-23,proxy_market_lsa,47,proxy_market_lsa|lambda=0.01|scaling=column_standardized,proxy_market_lsa|lambda=10|scaling=column_standardized,proxy_market_lsa|lambda=0.1|scaling=column_standardized,hold,hold,"[0.03887629409457465, 0.9458031691870864, 0.015320536718339195]",0,-18.810997526010418
4,decision_close_2023_4,2023-04-27,proxy_market_lsa,48,proxy_market_lsa|lambda=0.01|scaling=column_standardized,proxy_market_lsa|lambda=10|scaling=column_standardized,proxy_market_lsa|lambda=0.1|scaling=column_standardized,hold,hold,"[0.027961365222158575, 0.964343739713634, 0.007694895064207321]",0,-17.099236885525897
5,decision_close_2023_5,2023-05-25,proxy_market_lsa,49,proxy_market_lsa|lambda=0.01|scaling=column_standardized,proxy_market_lsa|lambda=10|scaling=column_standardized,proxy_market_lsa|lambda=0.1|scaling=column_standardized,hike,hold,"[0.029702531788155732, 0.9542658794431425, 0.016031588768701907]",650,-14.110766090862931
6,decision_close_2023_6,2023-06-22,proxy_market_lsa,50,proxy_market_lsa|lambda=0.01|scaling=column_standardized,proxy_market_lsa|lambda=10|scaling=column_standardized,proxy_market_lsa|lambda=0.1|scaling=column_standardized,hike,hike,"[0.0001337055795220087, 0.4569220868096906, 0.5429442076107875]",250,29.515211668826325
7,decision_close_2023_7,2023-07-20,proxy_market_lsa,51,proxy_market_lsa|lambda=0.01|scaling=column_standardized,proxy_market_lsa|lambda=10|scaling=column_standardized,proxy_market_lsa|lambda=0.1|scaling=column_standardized,hike,hike,"[0.0011494336871790858, 0.05680819283678553, 0.9420423734760355]",750,46.13475968981273
8,decision_close_2023_8,2023-08-24,proxy_market_lsa,52,proxy_market_lsa|lambda=0.01|scaling=column_standardized,proxy_market_lsa|lambda=1|scaling=row_only,proxy_market_lsa|lambda=0.1|scaling=column_standardized,hike,hike,"[2.4080249438994724e-05, 0.10452733705156884, 0.8954485826989925]",500,328.62789396004314
9,decision_close_2023_9,2023-09-21,proxy_market_lsa,53,proxy_market_lsa|lambda=0.01|scaling=column_standardized,proxy_market_lsa|lambda=1|scaling=row_only,proxy_market_lsa|lambda=0.1|scaling=column_standardized,hike,hike,"[0.00029479287576033864, 0.009368184796290467, 0.9903370223279493]",500,393.5599090865587
10,decision_close_2023_10,2023-10-26,proxy_market_lsa,54,proxy_market_lsa|lambda=0.01|scaling=column_standardized,proxy_market_lsa|lambda=1|scaling=row_only,proxy_market_lsa|lambda=0.1|scaling=column_standardized,hike,hike,"[5.748726456909201e-05, 0.015466536520321393, 0.98447597621511]",500,361.96951971127794
11,decision_close_2023_11,2023-11-23,proxy_market_lsa,55,proxy_market_lsa|lambda=0.01|scaling=column_standardized,proxy_market_lsa|lambda=1|scaling=column_standardized,proxy_market_lsa|lambda=0.1|scaling=column_standardized,hike,hike,"[0.0013677101441383625, 0.017084585241943194, 0.9815477046139185]",250,376.38613553178385
12,decision_close_2023_12,2023-12-21,proxy_market_lsa,56,proxy_market_lsa|lambda=0.01|scaling=column_standardized,proxy_market_lsa|lambda=1|scaling=column_standardized,proxy_market_lsa|lambda=0.1|scaling=column_standardized,hike,hike,"[0.020783314263430823, 0.008806264693172888, 0.9704104210433963]",250,313.65515120380803
13,decision_close_2024_1,2024-01-25,proxy_market_lsa,57,proxy_market_lsa|lambda=0.01|scaling=column_standardized,proxy_market_lsa|lambda=1|scaling=row_only,proxy_market_lsa|lambda=0.1|scaling=column_standardized,hold,hike,"[0.1278154235679366, 0.00852427363502756, 0.8636603027970358]",0,226.33511656957842
14,decision_close_2024_2,2024-02-22,proxy_market_lsa,58,proxy_market_lsa|lambda=0.01|scaling=column_standardized,proxy_market_lsa|lambda=1|scaling=row_only,proxy_market_lsa|lambda=0.1|scaling=column_standardized,hike,hike,"[0.1233887812789043, 0.1933637722660881, 0.6832474464550076]",500,150.68352387431156
15,decision_close_2024_3,2024-03-21,proxy_market_lsa,59,proxy_market_lsa|lambda=0.01|scaling=column_standardized,proxy_market_lsa|lambda=1|scaling=row_only,proxy_market_lsa|lambda=0.1|scaling=column_standardized,hold,hike,"[0.006453203519342922, 0.27288780960921394, 0.7206589868714429]",0,232.94819745509034
16,decision_close_2024_4,2024-04-25,proxy_market_lsa,60,proxy_market_lsa|lambda=0.01|scaling=column_standardized,proxy_market_lsa|lambda=1|scaling=row_only,proxy_market_lsa|lambda=0.1|scaling=column_standardized,hold,hold,"[0.1987023302114594, 0.5144642550154305, 0.2868334147731102]",0,205.6407221295509
17,decision_close_2024_5,2024-05-23,proxy_market_lsa,61,proxy_market_lsa|lambda=0.01|scaling=column_standardized,proxy_market_lsa|lambda=1|scaling=row_only,proxy_market_lsa|lambda=0.1|scaling=column_standardized,hold,hold,"[0.11569681763502991, 0.6988086922009578, 0.18549449016401223]",0,105.78215758625137
18,decision_close_2024_6,2024-06-27,proxy_market_lsa,62,proxy_market_lsa|lambda=0.01|scaling=column_standardized,proxy_market_lsa|lambda=1|scaling=row_only,proxy_market_lsa|lambda=0.1|scaling=column_standardized,hold,hold,"[0.14767624727279088, 0.8109121820520034, 0.04141157067520568]",0,55.787437888161136
19,decision_close_2024_7,2024-07-23,proxy_market_lsa,63,proxy_market_lsa|lambda=0.01|scaling=column_standardized,proxy_market_lsa|lambda=1|scaling=row_only,proxy_market_lsa|lambda=0.1|scaling=column_standardized,hold,hold,"[0.07217506466997571, 0.8566985511616165, 0.07112638416840779]",0,55.74923026297341
20,decision_close_2024_8,2024-08-20,proxy_market_lsa,64,proxy_market_lsa|lambda=0.01|scaling=column_standardized,proxy_market_lsa|lambda=1|scaling=row_only,proxy_market_lsa|lambda=0.1|scaling=column_standardized,hold,hold,"[0.021254649317783217, 0.9270224645218745, 0.051722886160342166]",0,49.4908271598965
21,decision_close_2024_9,2024-09-19,proxy_market_lsa,65,proxy_market_lsa|lambda=0.01|scaling=column_standardized,proxy_market_lsa|lambda=1|scaling=row_only,proxy_market_lsa|lambda=0.1|scaling=column_standardized,hold,hold,"[0.022703277808791826, 0.9294802644764, 0.04781645771480814]",0,42.20114964869975
22,decision_close_2024_10,2024-10-17,proxy_market_lsa,66,proxy_market_lsa|lambda=0.01|scaling=column_standardized,proxy_market_lsa|lambda=1|scaling=row_only,proxy_market_lsa|lambda=0.1|scaling=column_standardized,hold,hold,"[0.02226525154839233, 0.9404320720149497, 0.0373026764366579]",0,38.93212687456065
23,decision_close_2024_11,2024-11-21,proxy_market_lsa,67,proxy_market_lsa|lambda=0.01|scaling=column_standardized,proxy_market_lsa|lambda=0.1|scaling=column_standardized,proxy_market_lsa|lambda=0.1|scaling=column_standardized,cut,hold,"[0.01862228552907189, 0.9641740382965361, 0.017203676174392002]",-250,-30.63850560634745
24,decision_close_2024_12,2024-12-26,proxy_market_lsa,68,proxy_market_lsa|lambda=0.01|scaling=column_standardized,proxy_market_lsa|lambda=0.1|scaling=column_standardized,proxy_market_lsa|lambda=0.1|scaling=column_standardized,cut,cut,"[0.8716796845867585, 0.12199761971289676, 0.006322695700344769]",-250,-98.0533545341948
25,decision_close_2025_1,2025-01-23,proxy_market_lsa,69,proxy_market_lsa|lambda=0.01|scaling=column_standardized,proxy_market_lsa|lambda=0.1|scaling=column_standardized,proxy_market_lsa|lambda=0.1|scaling=column_standardized,cut,cut,"[0.9688237670416504, 0.02913609369908417, 0.0020401392592652957]",-250,-162.25269564426387
26,decision_close_2025_2,2025-03-06,proxy_market_lsa,70,proxy_market_lsa|lambda=0.01|scaling=column_standardized,proxy_market_lsa|lambda=0.1|scaling=column_standardized,proxy_market_lsa|lambda=0.1|scaling=column_standardized,hold,cut,"[0.9197110486380342, 0.0778054223812823, 0.002483528980683586]",0,-164.63439543241608
27,decision_close_2025_3,2025-03-20,proxy_market_lsa,71,proxy_market_lsa|lambda=0.01|scaling=column_standardized,proxy_market_lsa|lambda=0.1|scaling=column_standardized,proxy_market_lsa|lambda=0.1|scaling=column_standardized,hike,hike,"[0.08161382133652491, 0.438028007811069, 0.4803581708524061]",350,-85.65066095402662
28,decision_close_2025_4,2025-04-17,proxy_market_lsa,72,proxy_market_lsa|lambda=0.01|scaling=column_standardized,proxy_market_lsa|lambda=0.1|scaling=column_standardized,proxy_market_lsa|lambda=0.1|scaling=column_standardized,hold,hold,"[0.005768625201918786, 0.8665811453692249, 0.12765022942885615]",0,91.99245767149449
29,decision_close_2025_5,2025-06-19,proxy_market_lsa,73,proxy_market_lsa|lambda=0.01|scaling=column_standardized,proxy_market_lsa|lambda=0.1|scaling=column_standardized,proxy_market_lsa|lambda=0.1|scaling=column_standardized,cut,hold,"[0.03141214311320866, 0.9627648659930897, 0.0058229908937015]",-300,-18.60715352799912
30,decision_close_2025_6,2025-07-24,proxy_market_lsa,74,proxy_market_lsa|lambda=0.01|scaling=column_standardized,proxy_market_lsa|lambda=0.1|scaling=column_standardized,proxy_market_lsa|lambda=0.1|scaling=column_standardized,cut,cut,"[0.7745371626598981, 0.18939060700379162, 0.03607223033631037]",-250,-48.18047238107703
31,decision_close_2025_7,2025-09-11,proxy_market_lsa,75,proxy_market_lsa|lambda=0.01|scaling=column_standardized,proxy_market_lsa|lambda=0.1|scaling=column_standardized,proxy_market_lsa|lambda=0.1|scaling=column_standardized,cut,cut,"[0.9465886201221876, 0.04978751711881533, 0.0036238627589971896]",-100,-190.4316898981332
32,decision_close_2025_8,2025-10-23,proxy_market_lsa,76,proxy_market_lsa|lambda=0.01|scaling=column_standardized,proxy_market_lsa|lambda=0.1|scaling=column_standardized,proxy_market_lsa|lambda=0.1|scaling=column_standardized,cut,cut,"[0.7168952584332792, 0.2574265768165268, 0.025678164750194115]",-150,-98.75055791069093
33,decision_close_2025_9,2025-12-11,proxy_market_lsa,77,proxy_market_lsa|lambda=0.01|scaling=column_standardized,proxy_market_lsa|lambda=0.1|scaling=column_standardized,proxy_market_lsa|lambda=0.1|scaling=column_standardized,cut,cut,"[0.925438705076861, 0.07162649296377638, 0.0029348019593625737]",-100,-141.43843450859632
34,decision_close_2026_1,2026-01-22,proxy_market_lsa,78,proxy_market_lsa|lambda=0.01|scaling=column_standardized,proxy_market_lsa|lambda=0.1|scaling=column_standardized,proxy_market_lsa|lambda=0.1|scaling=column_standardized,hold,cut,"[0.8366564032647269, 0.15757242013177397, 0.005771176603499229]",0,-106.76735074910073
35,decision_close_2026_2,2026-03-12,proxy_market_lsa,79,proxy_market_lsa|lambda=0.01|scaling=column_standardized,proxy_market_lsa|lambda=0.1|scaling=column_standardized,proxy_market_lsa|lambda=0.1|scaling=column_standardized,hold,hold,"[0.29085787461530355, 0.6759406524721048, 0.033201472912591685]",0,-55.533508056794886
36,decision_close_2026_3,2026-04-22,proxy_market_lsa,80,proxy_market_lsa|lambda=0.01|scaling=column_standardized,proxy_market_lsa|lambda=0.1|scaling=column_standardized,proxy_market_lsa|lambda=0.1|scaling=column_standardized,hold,hold,"[0.1264191816249985, 0.7797719546598073, 0.09380886371519427]",0,-6.541500536604874
37,decision_close_2026_4,2026-06-11,proxy_market_lsa,81,proxy_market_lsa|lambda=0.01|scaling=column_standardized,proxy_market_lsa|lambda=0.1|scaling=column_standardized,proxy_market_lsa|lambda=0.1|scaling=column_standardized,hold,hold,"[0.2350717105470418, 0.7364082025137821, 0.028520086939175984]",0,-48.72087903034594
1,decision_close_2023_1,2023-01-19,history_transformer,45,history_transformer|lambda=0.001|scaling=fixed,history_transformer|lambda=0.1|scaling=fixed,history_transformer|lambda=1|scaling=fixed,cut,hold,"[0.00519108641599151, 0.9948007753017962, 8.138282212472076e-06]",-50,-11.57131064015842
2,decision_close_2023_2,2023-02-23,history_transformer,46,history_transformer|lambda=0.001|scaling=fixed,history_transformer|lambda=0.1|scaling=fixed,history_transformer|lambda=1|scaling=fixed,hold,cut,"[0.9480999094310905, 0.051461766129568154, 0.00043832443934154885]",0,-8.07136714970871
3,decision_close_2023_3,2023-03-23,history_transformer,47,history_transformer|lambda=0.001|scaling=fixed,history_transformer|lambda=0.1|scaling=fixed,history_transformer|lambda=1|scaling=fixed,hold,hold,"[0.009947679314373748, 0.9898526311076047, 0.00019968957802144792]",0,10.585384042503138
4,decision_close_2023_4,2023-04-27,history_transformer,48,history_transformer|lambda=0.001|scaling=fixed,history_transformer|lambda=0.1|scaling=fixed,history_transformer|lambda=1|scaling=fixed,hold,hold,"[0.005178725277888802, 0.9944159566574375, 0.0004053180646736121]",0,3.383598023600513
5,decision_close_2023_5,2023-05-25,history_transformer,49,history_transformer|lambda=0.001|scaling=fixed,history_transformer|lambda=0.1|scaling=fixed,history_transformer|lambda=1|scaling=fixed,hike,hold,"[0.021159465911009624, 0.9786234992171691, 0.00021703487182136592]",650,-20.907414185193403
6,decision_close_2023_6,2023-06-22,history_transformer,50,history_transformer|lambda=0.001|scaling=fixed,history_transformer|lambda=0.1|scaling=fixed,history_transformer|lambda=1|scaling=fixed,hike,hold,"[0.2430971972484477, 0.7375372529423505, 0.019365549809201726]",250,-256.3929561162351
7,decision_close_2023_7,2023-07-20,history_transformer,51,history_transformer|lambda=0.001|scaling=fixed,history_transformer|lambda=0.1|scaling=fixed,history_transformer|lambda=1|scaling=fixed,hike,hike,"[0.0013970871288922107, 9.725106213040556e-05, 0.9985056618089777]",750,334.89015689536734
8,decision_close_2023_8,2023-08-24,history_transformer,52,history_transformer|lambda=0.001|scaling=fixed,history_transformer|lambda=0.001|scaling=fixed,history_transformer|lambda=1|scaling=fixed,hike,hike,"[0.00026227210832603816, 0.0003339667450190585, 0.9994037611466546]",500,578.8828163615236
9,decision_close_2023_9,2023-09-21,history_transformer,53,history_transformer|lambda=0.001|scaling=fixed,history_transformer|lambda=0.001|scaling=fixed,history_transformer|lambda=1|scaling=fixed,hike,hike,"[0.0008998492475927335, 4.029553101175941e-05, 0.9990598552213956]",500,505.34981993166747
10,decision_close_2023_10,2023-10-26,history_transformer,54,history_transformer|lambda=0.001|scaling=fixed,history_transformer|lambda=0.001|scaling=fixed,history_transformer|lambda=1|scaling=fixed,hike,hike,"[0.001610926400298744, 0.0006036873483629802, 0.9977853862513385]",500,340.75714692020733
11,decision_close_2023_11,2023-11-23,history_transformer,55,history_transformer|lambda=0.001|scaling=fixed,history_transformer|lambda=0.1|scaling=fixed,history_transformer|lambda=1|scaling=fixed,hike,hike,"[8.017110431696909e-05, 6.997256943324004e-08, 0.9999197589231136]",250,435.8609715220319
12,decision_close_2023_12,2023-12-21,history_transformer,56,history_transformer|lambda=0.001|scaling=fixed,history_transformer|lambda=0.01|scaling=fixed,history_transformer|lambda=1|scaling=fixed,hike,hike,"[0.0008627339979066676, 8.39534387268914e-09, 0.9991372576067494]",250,266.1300507932979
13,decision_close_2024_1,2024-01-25,history_transformer,57,history_transformer|lambda=0.001|scaling=fixed,history_transformer|lambda=0.1|scaling=fixed,history_transformer|lambda=1|scaling=fixed,hold,hike,"[0.002866990743969837, 1.3372396949268297e-07, 0.9971328755320606]",0,136.7189313830988
14,decision_close_2024_2,2024-02-22,history_transformer,58,history_transformer|lambda=0.001|scaling=fixed,history_transformer|lambda=0.001|scaling=fixed,history_transformer|lambda=1|scaling=fixed,hike,hike,"[0.00028366544581452923, 0.13145057458258752, 0.868265759971598]",500,431.55145852327337
15,decision_close_2024_3,2024-03-21,history_transformer,59,history_transformer|lambda=0.001|scaling=fixed,history_transformer|lambda=0.001|scaling=fixed,history_transformer|lambda=1|scaling=fixed,hold,hike,"[6.876445904219693e-07, 0.1307891042611254, 0.869210208094284]",0,428.4260733978188
16,decision_close_2024_4,2024-04-25,history_transformer,60,history_transformer|lambda=0.001|scaling=fixed,history_transformer|lambda=0.001|scaling=fixed,history_transformer|lambda=1|scaling=fixed,hold,hold,"[5.213010151891578e-07, 0.9906749839990526, 0.009324494699932146]",0,239.17006187979334
17,decision_close_2024_5,2024-05-23,history_transformer,61,history_transformer|lambda=0.001|scaling=fixed,history_transformer|lambda=0.01|scaling=fixed,history_transformer|lambda=1|scaling=fixed,hold,hold,"[1.5926361456072385e-05, 0.8893309071818368, 0.11065316645670718]",0,-249.65489155031895
18,decision_close_2024_6,2024-06-27,history_transformer,62,history_transformer|lambda=0.001|scaling=fixed,history_transformer|lambda=0.1|scaling=fixed,history_transformer|lambda=1|scaling=fixed,hold,hold,"[1.3329218305657187e-06, 0.9885650265341516, 0.011433640544018237]",0,87.81094581131994
19,decision_close_2024_7,2024-07-23,history_transformer,63,history_transformer|lambda=0.001|scaling=fixed,history_transformer|lambda=0.1|scaling=fixed,history_transformer|lambda=1|scaling=fixed,hold,hold,"[1.8511975380854359e-09, 0.9999999589422995, 3.920650244751638e-08]",0,-2.4912781175541134
20,decision_close_2024_8,2024-08-20,history_transformer,64,history_transformer|lambda=0.001|scaling=fixed,history_transformer|lambda=0.1|scaling=fixed,history_transformer|lambda=1|scaling=fixed,hold,hold,"[7.390354937629405e-05, 0.8561415461764111, 0.1437845502742127]",0,146.6096896748975
21,decision_close_2024_9,2024-09-19,history_transformer,65,history_transformer|lambda=0.001|scaling=fixed,history_transformer|lambda=0.1|scaling=fixed,history_transformer|lambda=1|scaling=fixed,hold,hold,"[5.594781210453854e-06, 0.9945990411515979, 0.005395364067191563]",0,43.806715088842964
22,decision_close_2024_10,2024-10-17,history_transformer,66,history_transformer|lambda=0.001|scaling=fixed,history_transformer|lambda=0.1|scaling=fixed,history_transformer|lambda=1|scaling=fixed,hold,hold,"[4.687077363528757e-05, 0.9792075695998219, 0.020745559626542415]",0,90.14450529777487
23,decision_close_2024_11,2024-11-21,history_transformer,67,history_transformer|lambda=0.001|scaling=fixed,history_transformer|lambda=0.1|scaling=fixed,history_transformer|lambda=1|scaling=fixed,cut,hold,"[2.2901510984560463e-07, 0.9999336027496445, 6.616823524482646e-05]",-250,65.76896879924412
24,decision_close_2024_12,2024-12-26,history_transformer,68,history_transformer|lambda=0.001|scaling=fixed,history_transformer|lambda=0.1|scaling=fixed,history_transformer|lambda=1|scaling=fixed,cut,hold,"[7.50171840720151e-07, 0.9999992435745356, 6.253622816185877e-09]",-250,-301.55458377433376
25,decision_close_2025_1,2025-01-23,history_transformer,69,history_transformer|lambda=0.001|scaling=fixed,history_transformer|lambda=0.1|scaling=fixed,history_transformer|lambda=1|scaling=fixed,cut,cut,"[0.8085536804355176, 0.1029600878017997, 0.08848623176268268]",-250,-124.58672765065157
26,decision_close_2025_2,2025-03-06,history_transformer,70,history_transformer|lambda=0.001|scaling=fixed,history_transformer|lambda=0.1|scaling=fixed,history_transformer|lambda=1|scaling=fixed,hold,cut,"[0.9985450673256561, 0.0012927360479545302, 0.000162196626389163]",0,-297.13087282813956
27,decision_close_2025_3,2025-03-20,history_transformer,71,history_transformer|lambda=0.001|scaling=fixed,history_transformer|lambda=0.1|scaling=fixed,history_transformer|lambda=1|scaling=fixed,hike,hold,"[3.760200083163574e-09, 0.9999973747939489, 2.6214458508235037e-06]",350,-379.6780139435623
28,decision_close_2025_4,2025-04-17,history_transformer,72,history_transformer|lambda=0.001|scaling=fixed,history_transformer|lambda=0.1|scaling=fixed,history_transformer|lambda=1|scaling=fixed,hold,cut,"[0.7623398100379292, 0.2306087715555468, 0.007051418406523876]",0,-225.29961085722869
29,decision_close_2025_5,2025-06-19,history_transformer,73,history_transformer|lambda=0.001|scaling=fixed,history_transformer|lambda=0.1|scaling=fixed,history_transformer|lambda=1|scaling=fixed,cut,hold,"[0.027192089461984183, 0.9722151357711214, 0.000592774766894431]",-300,-82.86564559608574
30,decision_close_2025_6,2025-07-24,history_transformer,74,history_transformer|lambda=0.001|scaling=fixed,history_transformer|lambda=0.1|scaling=fixed,history_transformer|lambda=1|scaling=fixed,cut,hold,"[0.4633483386675431, 0.5356952447982926, 0.0009564165341643245]",-250,-217.99145051213426
31,decision_close_2025_7,2025-09-11,history_transformer,75,history_transformer|lambda=0.01|scaling=fixed,history_transformer|lambda=0.1|scaling=fixed,history_transformer|lambda=1|scaling=fixed,cut,hold,"[0.046503179220590406, 0.951628178807416, 0.0018686419719936061]",-100,-37.71073510257153
32,decision_close_2025_8,2025-10-23,history_transformer,76,history_transformer|lambda=0.01|scaling=fixed,history_transformer|lambda=0.1|scaling=fixed,history_transformer|lambda=1|scaling=fixed,cut,hold,"[0.37903386550533735, 0.6108798010706298, 0.010086333424032895]",-150,-49.042212795597784
33,decision_close_2025_9,2025-12-11,history_transformer,77,history_transformer|lambda=1|scaling=fixed,history_transformer|lambda=0.1|scaling=fixed,history_transformer|lambda=1|scaling=fixed,cut,cut,"[0.726596157760697, 0.1886450144675557, 0.08475882777174747]",-100,-63.79540123201182
34,decision_close_2026_1,2026-01-22,history_transformer,78,history_transformer|lambda=1|scaling=fixed,history_transformer|lambda=0.1|scaling=fixed,history_transformer|lambda=1|scaling=fixed,hold,cut,"[0.8576189137329607, 0.08719404292454296, 0.05518704334249626]",0,-132.4355898342873
35,decision_close_2026_2,2026-03-12,history_transformer,79,history_transformer|lambda=1|scaling=fixed,history_transformer|lambda=0.1|scaling=fixed,history_transformer|lambda=1|scaling=fixed,hold,hold,"[0.33611522839252234, 0.5884316920105451, 0.07545307959693265]",0,-6.010963362625538
36,decision_close_2026_3,2026-04-22,history_transformer,80,history_transformer|lambda=1|scaling=fixed,history_transformer|lambda=0.1|scaling=fixed,history_transformer|lambda=1|scaling=fixed,hold,hold,"[0.20579820849858793, 0.7167989220811674, 0.07740286942024485]",0,141.58797367220743
37,decision_close_2026_4,2026-06-11,history_transformer,81,history_transformer|lambda=1|scaling=fixed,history_transformer|lambda=0.1|scaling=fixed,history_transformer|lambda=1|scaling=fixed,hold,hold,"[0.22059794210043013, 0.727740036637089, 0.051662021262480935]",0,-20.424700953303827