fold,origin_id,origin_date,arm,inner_n,direction_candidate,magnitude_candidate,probability_candidate,true_class,predicted_class,probabilities,true_action_bp,predicted_action_bp
1,decision_close_2023_1,2023-01-19,history,45,history|lambda=0.001|scaling=fixed,history|lambda=1|scaling=fixed,history|lambda=0.1|scaling=fixed,cut,hold,"[0.14726157105006873, 0.7633719742997063, 0.08936645465022489]",-50,-1.7720644339865728
2,decision_close_2023_2,2023-02-23,history,46,history|lambda=0.001|scaling=fixed,history|lambda=1|scaling=fixed,history|lambda=0.1|scaling=fixed,hold,hold,"[0.14805583622851393, 0.7784793607798357, 0.0734648029916503]",0,-6.280189577764948
3,decision_close_2023_3,2023-03-23,history,47,history|lambda=0.001|scaling=fixed,history|lambda=1|scaling=fixed,history|lambda=0.1|scaling=fixed,hold,hold,"[0.14720029545522886, 0.7625344920711074, 0.09026521247366374]",0,-1.2920201977627777
4,decision_close_2023_4,2023-04-27,history,48,history|lambda=0.001|scaling=fixed,history|lambda=1|scaling=fixed,history|lambda=0.1|scaling=fixed,hold,hold,"[0.11070863445627906, 0.8142856411254693, 0.07500572441825176]",0,0.1238721642495097
5,decision_close_2023_5,2023-05-25,history,49,history|lambda=0.001|scaling=fixed,history|lambda=1|scaling=fixed,history|lambda=0.1|scaling=fixed,hike,hold,"[0.11120224339610145, 0.7959664831466682, 0.09283127345723036]",650,6.75776310759477
6,decision_close_2023_6,2023-06-22,history,50,history|lambda=0.001|scaling=fixed,history|lambda=1|scaling=fixed,history|lambda=0.1|scaling=fixed,hike,hold,"[0.0009292100289074911, 0.8006573695854657, 0.19841342038562676]",250,118.45866637845288
7,decision_close_2023_7,2023-07-20,history,51,history|lambda=0.001|scaling=fixed,history|lambda=1|scaling=fixed,history|lambda=0.1|scaling=fixed,hike,hold,"[0.0009061963668229241, 0.7194133921295703, 0.27968041150360684]",750,149.54346942582927
8,decision_close_2023_8,2023-08-24,history,52,history|lambda=0.001|scaling=fixed,history|lambda=1|scaling=fixed,history|lambda=0.01|scaling=fixed,hike,hike,"[1.7428356238087334e-09, 0.08705506241110306, 0.9129449358460612]",500,254.7639615255424
9,decision_close_2023_9,2023-09-21,history,53,history|lambda=0.001|scaling=fixed,history|lambda=1|scaling=fixed,history|lambda=0.01|scaling=fixed,hike,hike,"[1.70336200851482e-07, 0.06524010160617706, 0.934759728057622]",500,326.847576250055
10,decision_close_2023_10,2023-10-26,history,54,history|lambda=0.001|scaling=fixed,history|lambda=1|scaling=fixed,history|lambda=0.01|scaling=fixed,hike,hike,"[5.065710788222234e-07, 0.12078101014033583, 0.879218483288585]",500,299.1413911433279
11,decision_close_2023_11,2023-11-23,history,55,history|lambda=0.001|scaling=fixed,history|lambda=1|scaling=fixed,history|lambda=0.01|scaling=fixed,hike,hike,"[4.6854232991579225e-06, 0.09879288953469612, 0.9012024250420049]",250,306.5176956319558
12,decision_close_2023_12,2023-12-21,history,56,history|lambda=0.001|scaling=fixed,history|lambda=1|scaling=fixed,history|lambda=0.01|scaling=fixed,hike,hike,"[0.0006689542958158204, 0.22063095537612465, 0.7787000903280598]",250,233.52955691324246
13,decision_close_2024_1,2024-01-25,history,57,history|lambda=0.001|scaling=fixed,history|lambda=1|scaling=fixed,history|lambda=0.01|scaling=fixed,hold,hike,"[0.007793093566419429, 0.4251755191113238, 0.5670313873222569]",0,161.42391273039644
14,decision_close_2024_2,2024-02-22,history,58,history|lambda=0.001|scaling=fixed,history|lambda=1|scaling=fixed,history|lambda=0.01|scaling=fixed,hike,cut,"[0.5361765887919968, 0.3868659028977003, 0.07695750831030304]",500,79.81073726725812
15,decision_close_2024_3,2024-03-21,history,59,history|lambda=0.001|scaling=fixed,history|lambda=1|scaling=fixed,history|lambda=0.01|scaling=fixed,hold,hike,"[0.001493012654077304, 0.2689774098007863, 0.7295295775451364]",0,167.44057947719648
16,decision_close_2024_4,2024-04-25,history,60,history|lambda=0.001|scaling=fixed,history|lambda=1|scaling=fixed,history|lambda=0.01|scaling=fixed,hold,hold,"[0.13248753926107007, 0.6007581735379656, 0.2667542872009644]",0,147.19358914735938
17,decision_close_2024_5,2024-05-23,history,61,history|lambda=0.001|scaling=fixed,history|lambda=1|scaling=fixed,history|lambda=0.01|scaling=fixed,hold,cut,"[0.5211716821304005, 0.4099534535941323, 0.0688748642754673]",0,49.73959614559998
18,decision_close_2024_6,2024-06-27,history,62,history|lambda=0.001|scaling=fixed,history|lambda=1|scaling=fixed,history|lambda=0.01|scaling=fixed,hold,cut,"[0.644563156112918, 0.34543742430320723, 0.009999419583874366]",0,3.8406045056314064
19,decision_close_2024_7,2024-07-23,history,63,history|lambda=0.001|scaling=fixed,history|lambda=1|scaling=fixed,history|lambda=0.01|scaling=fixed,hold,hold,"[0.40955354733868166, 0.5586498768282232, 0.03179657583309503]",0,16.323567009533146
20,decision_close_2024_8,2024-08-20,history,64,history|lambda=0.001|scaling=fixed,history|lambda=1|scaling=fixed,history|lambda=0.1|scaling=fixed,hold,hold,"[0.22386716672105414, 0.6695773915374839, 0.10655544174146202]",0,13.043630795754563
21,decision_close_2024_9,2024-09-19,history,65,history|lambda=0.001|scaling=fixed,history|lambda=1|scaling=fixed,history|lambda=0.01|scaling=fixed,hold,hold,"[0.19767480105116333, 0.7768679587890113, 0.025457240159825468]",0,10.080217000185446
22,decision_close_2024_10,2024-10-17,history,66,history|lambda=0.001|scaling=fixed,history|lambda=1|scaling=fixed,history|lambda=0.01|scaling=fixed,hold,hold,"[0.1628770267047736, 0.807196967511525, 0.029926005783701373]",0,12.619132448060826
23,decision_close_2024_11,2024-11-21,history,67,history|lambda=0.001|scaling=fixed,history|lambda=1|scaling=fixed,history|lambda=0.01|scaling=fixed,cut,hold,"[0.13063284196142022, 0.8533464480975089, 0.016020709941070983]",-250,3.146032981287439
24,decision_close_2024_12,2024-12-26,history,68,history|lambda=0.001|scaling=fixed,history|lambda=1|scaling=fixed,history|lambda=0.1|scaling=fixed,cut,hold,"[0.4837198659017322, 0.49127299707511435, 0.02500713702315338]",-250,-60.70341606306938
25,decision_close_2025_1,2025-01-23,history,69,history|lambda=0.001|scaling=fixed,history|lambda=1|scaling=fixed,history|lambda=0.01|scaling=fixed,cut,cut,"[0.9811177862459916, 0.018777061115067713, 0.00010515263894075206]",-250,-121.36416755899045
26,decision_close_2025_2,2025-03-06,history,70,history|lambda=0.001|scaling=fixed,history|lambda=1|scaling=fixed,history|lambda=0.01|scaling=fixed,hold,cut,"[0.9899625865281856, 0.010026322588674384, 1.109088314003154e-05]",0,-161.0030215797085
27,decision_close_2025_3,2025-03-20,history,71,history|lambda=0.001|scaling=fixed,history|lambda=1|scaling=fixed,history|lambda=0.1|scaling=fixed,hike,cut,"[0.49821932901865584, 0.45521126036317056, 0.046569410618173684]",350,-60.539429923379785
28,decision_close_2025_4,2025-04-17,history,72,history|lambda=0.001|scaling=fixed,history|lambda=1|scaling=fixed,history|lambda=0.1|scaling=fixed,hold,hold,"[0.05164497469822207, 0.6721865919721741, 0.27616843332960384]",0,76.21486811739156
29,decision_close_2025_5,2025-06-19,history,73,history|lambda=0.001|scaling=fixed,history|lambda=1|scaling=fixed,history|lambda=0.1|scaling=fixed,cut,hold,"[0.0686378159912991, 0.8769695756184889, 0.05439260839021214]",-300,32.744182716328694
30,decision_close_2025_6,2025-07-24,history,74,history|lambda=0.001|scaling=fixed,history|lambda=1|scaling=fixed,history|lambda=0.1|scaling=fixed,cut,cut,"[0.4907211355958497, 0.46723457625967, 0.04204428814448029]",-250,-51.243346327621765
31,decision_close_2025_7,2025-09-11,history,75,history|lambda=0.001|scaling=fixed,history|lambda=1|scaling=fixed,history|lambda=0.01|scaling=fixed,cut,cut,"[0.9277080687549714, 0.07219032709613989, 0.00010160414888859768]",-100,-160.29694848534092
32,decision_close_2025_8,2025-10-23,history,76,history|lambda=0.001|scaling=fixed,history|lambda=1|scaling=fixed,history|lambda=0.01|scaling=fixed,cut,cut,"[0.7483093231258281, 0.25055445491004064, 0.0011362219641314222]",-150,-114.2815791322692
33,decision_close_2025_9,2025-12-11,history,77,history|lambda=0.001|scaling=fixed,history|lambda=1|scaling=fixed,history|lambda=0.01|scaling=fixed,cut,cut,"[0.8556303727539186, 0.14388121827894265, 0.0004884089671386965]",-100,-105.8039683005429
34,decision_close_2026_1,2026-01-22,history,78,history|lambda=0.001|scaling=fixed,history|lambda=1|scaling=fixed,history|lambda=0.01|scaling=fixed,hold,cut,"[0.6649265672289245, 0.3319942315460016, 0.0030792012250741305]",0,-79.60478422329935
35,decision_close_2026_2,2026-03-12,history,79,history|lambda=0.001|scaling=fixed,history|lambda=1|scaling=fixed,history|lambda=0.01|scaling=fixed,hold,hold,"[0.32789889727802, 0.6677766900452731, 0.004324412676707017]",0,-62.04379400592922
36,decision_close_2026_3,2026-04-22,history,80,history|lambda=0.001|scaling=fixed,history|lambda=1|scaling=fixed,history|lambda=0.01|scaling=fixed,hold,hold,"[0.23154903019501225, 0.7499964352273523, 0.01845453457763561]",0,-20.698209462098248
37,decision_close_2026_4,2026-06-11,history,81,history|lambda=0.001|scaling=fixed,history|lambda=1|scaling=fixed,history|lambda=0.01|scaling=fixed,hold,hold,"[0.20237503976250878, 0.7899802283145599, 0.007644731922931312]",0,-31.94261103307824
1,decision_close_2023_1,2023-01-19,history_tfidf,45,history_tfidf|lambda=1|scaling=column_standardized,history_tfidf|lambda=1|scaling=column_standardized,history_tfidf|lambda=1|scaling=column_standardized,cut,hold,"[0.13690185154399262, 0.8508094761959394, 0.012288672260067806]",-50,-38.59033485215767
2,decision_close_2023_2,2023-02-23,history_tfidf,46,history_tfidf|lambda=1|scaling=column_standardized,history_tfidf|lambda=1|scaling=column_standardized,history_tfidf|lambda=1|scaling=column_standardized,hold,cut,"[0.829755180636792, 0.1616057397613071, 0.008639079601900785]",0,-40.72270400601264
3,decision_close_2023_3,2023-03-23,history_tfidf,47,history_tfidf|lambda=0.001|scaling=row_only,history_tfidf|lambda=1|scaling=column_standardized,history_tfidf|lambda=10|scaling=column_standardized,hold,hold,"[0.27211059825501493, 0.6879441070464498, 0.039945294698535375]",0,3.13255133666982
4,decision_close_2023_4,2023-04-27,history_tfidf,48,history_tfidf|lambda=0.001|scaling=row_only,history_tfidf|lambda=1|scaling=column_standardized,history_tfidf|lambda=10|scaling=column_standardized,hold,hold,"[0.12684553254279243, 0.844233630538226, 0.028920836918981667]",0,-2.8471729571889863
5,decision_close_2023_5,2023-05-25,history_tfidf,49,history_tfidf|lambda=0.001|scaling=row_only,history_tfidf|lambda=1|scaling=column_standardized,history_tfidf|lambda=10|scaling=column_standardized,hike,hold,"[0.11075569382367476, 0.8613309317871651, 0.027913374389160108]",650,-6.0135506131671495
6,decision_close_2023_6,2023-06-22,history_tfidf,50,history_tfidf|lambda=0.001|scaling=row_only,history_tfidf|lambda=1|scaling=column_standardized,history_tfidf|lambda=10|scaling=column_standardized,hike,hold,"[0.17777167115601378, 0.681344487987572, 0.14088384085641423]",250,52.83005419594694
7,decision_close_2023_7,2023-07-20,history_tfidf,51,history_tfidf|lambda=0.001|scaling=row_only,history_tfidf|lambda=1|scaling=column_standardized,history_tfidf|lambda=10|scaling=column_standardized,hike,hold,"[0.16686998131371356, 0.530853211673427, 0.3022768070128594]",750,133.48199775050057
8,decision_close_2023_8,2023-08-24,history_tfidf,52,history_tfidf|lambda=1|scaling=column_standardized,history_tfidf|lambda=0.001|scaling=column_standardized,history_tfidf|lambda=10|scaling=column_standardized,hike,hike,"[0.1316546186529774, 0.3307769178822798, 0.5375684634647429]",500,561.8534126635172
9,decision_close_2023_9,2023-09-21,history_tfidf,53,history_tfidf|lambda=1|scaling=column_standardized,history_tfidf|lambda=1|scaling=column_standardized,history_tfidf|lambda=1|scaling=column_standardized,hike,hike,"[0.03440450176971883, 0.06853162264922508, 0.8970638755810563]",500,463.321350594015
10,decision_close_2023_10,2023-10-26,history_tfidf,54,history_tfidf|lambda=1|scaling=column_standardized,history_tfidf|lambda=1|scaling=column_standardized,history_tfidf|lambda=1|scaling=column_standardized,hike,hike,"[0.02503016291169717, 0.06940058711300404, 0.905569249975299]",500,462.0536734041208
11,decision_close_2023_11,2023-11-23,history_tfidf,55,history_tfidf|lambda=1|scaling=column_standardized,history_tfidf|lambda=1|scaling=column_standardized,history_tfidf|lambda=1|scaling=column_standardized,hike,hike,"[0.08818386829826434, 0.20502849212910665, 0.706787639572629]",250,239.5474748522495
12,decision_close_2023_12,2023-12-21,history_tfidf,56,history_tfidf|lambda=1|scaling=column_standardized,history_tfidf|lambda=1|scaling=column_standardized,history_tfidf|lambda=1|scaling=column_standardized,hike,hike,"[0.03446227119941044, 0.06537289782247026, 0.9001648309781191]",250,237.2816308309257
13,decision_close_2024_1,2024-01-25,history_tfidf,57,history_tfidf|lambda=1|scaling=column_standardized,history_tfidf|lambda=1|scaling=column_standardized,history_tfidf|lambda=1|scaling=column_standardized,hold,hike,"[0.059606185012154055, 0.13145896094546006, 0.8089348540423859]",0,219.5300807191285
14,decision_close_2024_2,2024-02-22,history_tfidf,58,history_tfidf|lambda=1|scaling=column_standardized,history_tfidf|lambda=1|scaling=column_standardized,history_tfidf|lambda=0.01|scaling=row_only,hike,cut,"[0.5636832406966953, 0.35427818007077705, 0.08203857923252754]",500,134.1420130777828
15,decision_close_2024_3,2024-03-21,history_tfidf,59,history_tfidf|lambda=1|scaling=column_standardized,history_tfidf|lambda=1|scaling=column_standardized,history_tfidf|lambda=0.01|scaling=row_only,hold,hike,"[0.0037106093778398433, 0.2791600693392394, 0.7171293212829205]",0,328.08615169630343
16,decision_close_2024_4,2024-04-25,history_tfidf,60,history_tfidf|lambda=1|scaling=column_standardized,history_tfidf|lambda=1|scaling=column_standardized,history_tfidf|lambda=10|scaling=column_standardized,hold,hold,"[0.08778143766166445, 0.6898007763895663, 0.2224177859487693]",0,22.60970441525015
17,decision_close_2024_5,2024-05-23,history_tfidf,61,history_tfidf|lambda=1|scaling=column_standardized,history_tfidf|lambda=1|scaling=column_standardized,history_tfidf|lambda=10|scaling=column_standardized,hold,hold,"[0.07987559350120632, 0.7087527204799233, 0.21137168601887021]",0,64.56090748961105
18,decision_close_2024_6,2024-06-27,history_tfidf,62,history_tfidf|lambda=1|scaling=column_standardized,history_tfidf|lambda=1|scaling=column_standardized,history_tfidf|lambda=10|scaling=column_standardized,hold,hold,"[0.06429937185043369, 0.7971688405642031, 0.13853178758536322]",0,32.863022199096484
19,decision_close_2024_7,2024-07-23,history_tfidf,63,history_tfidf|lambda=1|scaling=column_standardized,history_tfidf|lambda=1|scaling=column_standardized,history_tfidf|lambda=1|scaling=column_standardized,hold,hold,"[0.023102102491284963, 0.9201454204324475, 0.05675247707626761]",0,21.670722035880985
20,decision_close_2024_8,2024-08-20,history_tfidf,64,history_tfidf|lambda=1|scaling=column_standardized,history_tfidf|lambda=0.001|scaling=column_standardized,history_tfidf|lambda=1|scaling=column_standardized,hold,hold,"[0.0191426227258944, 0.9316139637590726, 0.04924341351503313]",0,3.453782008782791
21,decision_close_2024_9,2024-09-19,history_tfidf,65,history_tfidf|lambda=1|scaling=column_standardized,history_tfidf|lambda=0.001|scaling=column_standardized,history_tfidf|lambda=1|scaling=column_standardized,hold,hold,"[0.01766504223103226, 0.9364770930347976, 0.045857864734169904]",0,36.66985775926729
22,decision_close_2024_10,2024-10-17,history_tfidf,66,history_tfidf|lambda=1|scaling=column_standardized,history_tfidf|lambda=0.001|scaling=column_standardized,history_tfidf|lambda=1|scaling=column_standardized,hold,hold,"[0.01947376738632004, 0.9452776671865251, 0.035248565427155105]",0,-23.222124067709437
23,decision_close_2024_11,2024-11-21,history_tfidf,67,history_tfidf|lambda=1|scaling=column_standardized,history_tfidf|lambda=0.001|scaling=column_standardized,history_tfidf|lambda=1|scaling=column_standardized,cut,hold,"[0.014477593788126106, 0.9554320079666339, 0.030090398245239902]",-250,18.62823400398772
24,decision_close_2024_12,2024-12-26,history_tfidf,68,history_tfidf|lambda=1|scaling=column_standardized,history_tfidf|lambda=0.001|scaling=column_standardized,history_tfidf|lambda=10|scaling=column_standardized,cut,hold,"[0.164380657165167, 0.7094993062448197, 0.12612003659001328]",-250,-161.72980101295053
25,decision_close_2025_1,2025-01-23,history_tfidf,69,history_tfidf|lambda=1|scaling=column_standardized,history_tfidf|lambda=0.001|scaling=column_standardized,history_tfidf|lambda=0.01|scaling=row_only,cut,cut,"[0.9540894912835036, 0.04539826110172213, 0.0005122476147744183]",-250,-229.01714247156755
26,decision_close_2025_2,2025-03-06,history_tfidf,70,history_tfidf|lambda=1|scaling=column_standardized,history_tfidf|lambda=0.001|scaling=column_standardized,history_tfidf|lambda=0.01|scaling=row_only,hold,cut,"[0.9732443628891154, 0.026686040189943437, 6.95969209415679e-05]",0,-173.58346846915845
27,decision_close_2025_3,2025-03-20,history_tfidf,71,history_tfidf|lambda=1|scaling=column_standardized,history_tfidf|lambda=0.001|scaling=column_standardized,history_tfidf|lambda=10|scaling=column_standardized,hike,hold,"[0.1373673383202839, 0.740616787485217, 0.12201587419449911]",350,-21.27262452442338
28,decision_close_2025_4,2025-04-17,history_tfidf,72,history_tfidf|lambda=1|scaling=column_standardized,history_tfidf|lambda=0.001|scaling=column_standardized,history_tfidf|lambda=10|scaling=column_standardized,hold,hold,"[0.27133618259317016, 0.5673538717553682, 0.16130994565146148]",0,-35.992273038551225
29,decision_close_2025_5,2025-06-19,history_tfidf,73,history_tfidf|lambda=1|scaling=column_standardized,history_tfidf|lambda=0.001|scaling=column_standardized,history_tfidf|lambda=10|scaling=column_standardized,cut,hold,"[0.20527126068985155, 0.6767831394576563, 0.11794559985249216]",-300,-44.42913262150251
30,decision_close_2025_6,2025-07-24,history_tfidf,74,history_tfidf|lambda=1|scaling=column_standardized,history_tfidf|lambda=0.001|scaling=column_standardized,history_tfidf|lambda=10|scaling=column_standardized,cut,hold,"[0.3406675334724039, 0.517749825835617, 0.141582640691979]",-250,-74.51441713318756
31,decision_close_2025_7,2025-09-11,history_tfidf,75,history_tfidf|lambda=1|scaling=column_standardized,history_tfidf|lambda=0.001|scaling=column_standardized,history_tfidf|lambda=10|scaling=column_standardized,cut,hold,"[0.34854284547772535, 0.534099269589662, 0.11735788493261262]",-100,-111.62197685926334
32,decision_close_2025_8,2025-10-23,history_tfidf,76,history_tfidf|lambda=0.001|scaling=row_only,history_tfidf|lambda=0.001|scaling=column_standardized,history_tfidf|lambda=0.01|scaling=row_only,cut,cut,"[0.6642078013750072, 0.3323766460446289, 0.00341555258036362]",-150,3.1830787539008645
33,decision_close_2025_9,2025-12-11,history_tfidf,77,history_tfidf|lambda=0.001|scaling=row_only,history_tfidf|lambda=0.001|scaling=column_standardized,history_tfidf|lambda=0.01|scaling=row_only,cut,cut,"[0.8304666816467249, 0.16816048853321214, 0.0013728298200630506]",-100,-154.15789855016334
34,decision_close_2026_1,2026-01-22,history_tfidf,78,history_tfidf|lambda=0.001|scaling=row_only,history_tfidf|lambda=0.001|scaling=column_standardized,history_tfidf|lambda=0.01|scaling=row_only,hold,cut,"[0.681306954805335, 0.3122436657461928, 0.006449379448472243]",0,-120.64999084688084
35,decision_close_2026_2,2026-03-12,history_tfidf,79,history_tfidf|lambda=0.001|scaling=row_only,history_tfidf|lambda=0.001|scaling=column_standardized,history_tfidf|lambda=0.01|scaling=row_only,hold,hold,"[0.3839527722225298, 0.6071416696042494, 0.008905558173220621]",0,-22.218363857940744
36,decision_close_2026_3,2026-04-22,history_tfidf,80,history_tfidf|lambda=0.001|scaling=row_only,history_tfidf|lambda=0.001|scaling=column_standardized,history_tfidf|lambda=0.01|scaling=row_only,hold,hold,"[0.2265425334250557, 0.747528004330779, 0.025929462244165348]",0,30.539434713970458
37,decision_close_2026_4,2026-06-11,history_tfidf,81,history_tfidf|lambda=0.001|scaling=row_only,history_tfidf|lambda=0.001|scaling=column_standardized,history_tfidf|lambda=0.01|scaling=row_only,hold,hold,"[0.21602525440901818, 0.7737372439681786, 0.010237501622803036]",0,-43.87957732821009
1,decision_close_2023_1,2023-01-19,history_lsa,45,history_lsa|lambda=0.001|scaling=column_standardized,history_lsa|lambda=1|scaling=row_only,history_lsa|lambda=0.1|scaling=column_standardized,cut,hold,"[0.18450532196414834, 0.7654935968755957, 0.050001081160255964]",-50,-3.707494908257557
2,decision_close_2023_2,2023-02-23,history_lsa,46,history_lsa|lambda=0.001|scaling=column_standardized,history_lsa|lambda=1|scaling=row_only,history_lsa|lambda=0.1|scaling=column_standardized,hold,hold,"[0.23198459601256644, 0.7195279670019106, 0.04848743698552316]",0,-8.726321012378433
3,decision_close_2023_3,2023-03-23,history_lsa,47,history_lsa|lambda=0.001|scaling=column_standardized,history_lsa|lambda=1|scaling=row_only,history_lsa|lambda=0.1|scaling=column_standardized,hold,hold,"[0.20534476255649955, 0.7342250608608939, 0.06043017658260653]",0,-3.264996502252609
4,decision_close_2023_4,2023-04-27,history_lsa,48,history_lsa|lambda=0.001|scaling=column_standardized,history_lsa|lambda=1|scaling=row_only,history_lsa|lambda=0.1|scaling=column_standardized,hold,hold,"[0.1664817706621612, 0.7817839792977866, 0.051734250040052075]",0,-1.9530809335048
5,decision_close_2023_5,2023-05-25,history_lsa,49,history_lsa|lambda=0.001|scaling=column_standardized,history_lsa|lambda=1|scaling=row_only,history_lsa|lambda=0.1|scaling=column_standardized,hike,hold,"[0.16340004446527093, 0.7671835920439554, 0.06941636349077372]",650,5.227357898934787
6,decision_close_2023_6,2023-06-22,history_lsa,50,history_lsa|lambda=0.001|scaling=column_standardized,history_lsa|lambda=1|scaling=row_only,history_lsa|lambda=0.1|scaling=column_standardized,hike,hold,"[0.0024188079507608228, 0.7660622591306879, 0.23151893291855105]",250,118.37788909679689
7,decision_close_2023_7,2023-07-20,history_lsa,51,history_lsa|lambda=0.001|scaling=column_standardized,history_lsa|lambda=1|scaling=row_only,history_lsa|lambda=0.1|scaling=column_standardized,hike,hold,"[0.0036267192770154544, 0.6354997966340402, 0.3608734840889442]",750,149.42395054868462
8,decision_close_2023_8,2023-08-24,history_lsa,52,history_lsa|lambda=0.001|scaling=column_standardized,history_lsa|lambda=1|scaling=row_only,history_lsa|lambda=0.1|scaling=column_standardized,hike,hike,"[0.0004945875333428481, 0.3206307153475371, 0.6788746971191202]",500,254.60424806346788
9,decision_close_2023_9,2023-09-21,history_lsa,53,history_lsa|lambda=0.01|scaling=row_only,history_lsa|lambda=1|scaling=row_only,history_lsa|lambda=0.1|scaling=column_standardized,hike,hike,"[0.0009726367293923389, 0.17046314749405803, 0.8285642157765496]",500,327.18477013420016
10,decision_close_2023_10,2023-10-26,history_lsa,54,history_lsa|lambda=0.01|scaling=row_only,history_lsa|lambda=1|scaling=row_only,history_lsa|lambda=0.1|scaling=column_standardized,hike,hike,"[0.002353814852968998, 0.09403378090055388, 0.9036124042464772]",500,303.54071365585276
11,decision_close_2023_11,2023-11-23,history_lsa,55,history_lsa|lambda=0.01|scaling=row_only,history_lsa|lambda=1|scaling=row_only,history_lsa|lambda=0.1|scaling=column_standardized,hike,hike,"[0.006211656251558925, 0.09641258967453992, 0.897375754073901]",250,309.73227008470974
12,decision_close_2023_12,2023-12-21,history_lsa,56,history_lsa|lambda=0.01|scaling=row_only,history_lsa|lambda=1|scaling=row_only,history_lsa|lambda=0.1|scaling=column_standardized,hike,hike,"[0.02205153009475352, 0.09675192665828045, 0.8811965432469661]",250,237.5920314878361
13,decision_close_2024_1,2024-01-25,history_lsa,57,history_lsa|lambda=0.01|scaling=row_only,history_lsa|lambda=1|scaling=row_only,history_lsa|lambda=0.1|scaling=column_standardized,hold,hike,"[0.06018628424720334, 0.13830371852401918, 0.8015099972287776]",0,165.36543282549266
14,decision_close_2024_2,2024-02-22,history_lsa,58,history_lsa|lambda=0.01|scaling=row_only,history_lsa|lambda=1|scaling=row_only,history_lsa|lambda=0.1|scaling=column_standardized,hike,hold,"[0.1979111910551224, 0.4041740036531753, 0.3979148052917022]",500,83.16670879457672
15,decision_close_2024_3,2024-03-21,history_lsa,59,history_lsa|lambda=0.01|scaling=row_only,history_lsa|lambda=1|scaling=row_only,history_lsa|lambda=0.1|scaling=column_standardized,hold,hike,"[0.030804232392527164, 0.28439931885604863, 0.6847964487514242]",0,169.39092881450696
16,decision_close_2024_4,2024-04-25,history_lsa,60,history_lsa|lambda=0.01|scaling=row_only,history_lsa|lambda=1|scaling=row_only,history_lsa|lambda=0.1|scaling=column_standardized,hold,hike,"[0.08014383023247386, 0.45661899238034703, 0.46323717738717907]",0,149.7564180410562
17,decision_close_2024_5,2024-05-23,history_lsa,61,history_lsa|lambda=0.01|scaling=row_only,history_lsa|lambda=1|scaling=row_only,history_lsa|lambda=0.1|scaling=column_standardized,hold,hold,"[0.15701408308532505, 0.543917917647018, 0.2990679992676567]",0,54.146556750386196
18,decision_close_2024_6,2024-06-27,history_lsa,62,history_lsa|lambda=0.01|scaling=row_only,history_lsa|lambda=1|scaling=row_only,history_lsa|lambda=0.1|scaling=column_standardized,hold,hold,"[0.1755056443093711, 0.6780121594555203, 0.1464821962351085]",0,8.563182090216836
19,decision_close_2024_7,2024-07-23,history_lsa,63,history_lsa|lambda=0.01|scaling=row_only,history_lsa|lambda=1|scaling=row_only,history_lsa|lambda=0.1|scaling=column_standardized,hold,hold,"[0.1239391878364113, 0.7247421297263094, 0.15131868243727917]",0,19.03828032948963
20,decision_close_2024_8,2024-08-20,history_lsa,64,history_lsa|lambda=0.01|scaling=row_only,history_lsa|lambda=1|scaling=row_only,history_lsa|lambda=0.1|scaling=column_standardized,hold,hold,"[0.08807202335427859, 0.8159115806900021, 0.0960163959557192]",0,14.474995441493444
21,decision_close_2024_9,2024-09-19,history_lsa,65,history_lsa|lambda=0.01|scaling=row_only,history_lsa|lambda=1|scaling=row_only,history_lsa|lambda=0.1|scaling=column_standardized,hold,hold,"[0.08043428375504216, 0.8373236996313581, 0.08224201661359964]",0,11.209613461399407
22,decision_close_2024_10,2024-10-17,history_lsa,66,history_lsa|lambda=0.01|scaling=row_only,history_lsa|lambda=1|scaling=row_only,history_lsa|lambda=0.1|scaling=column_standardized,hold,hold,"[0.0751375249291694, 0.8497639406908886, 0.07509853437994202]",0,13.35820850666885
23,decision_close_2024_11,2024-11-21,history_lsa,67,history_lsa|lambda=0.01|scaling=row_only,history_lsa|lambda=1|scaling=row_only,history_lsa|lambda=0.1|scaling=column_standardized,cut,hold,"[0.06728954884797704, 0.8802691951725689, 0.052441255979454]",-250,3.6590573830925734
24,decision_close_2024_12,2024-12-26,history_lsa,68,history_lsa|lambda=0.01|scaling=row_only,history_lsa|lambda=1|scaling=row_only,history_lsa|lambda=0.1|scaling=column_standardized,cut,hold,"[0.2988729136096879, 0.664214745648223, 0.03691234074208906]",-250,-59.78215704345299
25,decision_close_2025_1,2025-01-23,history_lsa,69,history_lsa|lambda=0.01|scaling=row_only,history_lsa|lambda=1|scaling=row_only,history_lsa|lambda=0.1|scaling=column_standardized,cut,cut,"[0.6065719025976081, 0.37137572960274723, 0.022052367799644715]",-250,-119.91408218520169
26,decision_close_2025_2,2025-03-06,history_lsa,70,history_lsa|lambda=0.01|scaling=row_only,history_lsa|lambda=1|scaling=row_only,history_lsa|lambda=0.1|scaling=column_standardized,hold,cut,"[0.6917756482201929, 0.2998690206256446, 0.008355331154162414]",0,-160.28578932045326
27,decision_close_2025_3,2025-03-20,history_lsa,71,history_lsa|lambda=0.01|scaling=row_only,history_lsa|lambda=1|scaling=row_only,history_lsa|lambda=0.1|scaling=column_standardized,hike,hold,"[0.17756434535741483, 0.7516925647083215, 0.07074308993426366]",350,-60.55229026795652
28,decision_close_2025_4,2025-04-17,history_lsa,72,history_lsa|lambda=0.01|scaling=row_only,history_lsa|lambda=1|scaling=row_only,history_lsa|lambda=0.1|scaling=column_standardized,hold,hold,"[0.05222638866250054, 0.7912815244063526, 0.15649208693114694]",0,74.347082377102
29,decision_close_2025_5,2025-06-19,history_lsa,73,history_lsa|lambda=0.01|scaling=row_only,history_lsa|lambda=1|scaling=row_only,history_lsa|lambda=0.1|scaling=column_standardized,cut,hold,"[0.05502770146321371, 0.9231129084666244, 0.021859390070161834]",-300,29.98619378564647
30,decision_close_2025_6,2025-07-24,history_lsa,74,history_lsa|lambda=0.01|scaling=row_only,history_lsa|lambda=1|scaling=row_only,history_lsa|lambda=0.1|scaling=column_standardized,cut,hold,"[0.3946014755048225, 0.5593562791894346, 0.04604224530574291]",-250,-52.065423655074206
31,decision_close_2025_7,2025-09-11,history_lsa,75,history_lsa|lambda=0.01|scaling=row_only,history_lsa|lambda=1|scaling=row_only,history_lsa|lambda=0.1|scaling=column_standardized,cut,cut,"[0.5838883896983931, 0.403070692322131, 0.013040917979475864]",-100,-159.84565010304215
32,decision_close_2025_8,2025-10-23,history_lsa,76,history_lsa|lambda=0.01|scaling=row_only,history_lsa|lambda=1|scaling=row_only,history_lsa|lambda=0.1|scaling=row_only,cut,cut,"[0.569069473053616, 0.4156122292214425, 0.015318297724941607]",-150,-114.18048186318966
33,decision_close_2025_9,2025-12-11,history_lsa,77,history_lsa|lambda=0.01|scaling=row_only,history_lsa|lambda=1|scaling=row_only,history_lsa|lambda=0.1|scaling=row_only,cut,cut,"[0.5941651306785203, 0.39151593828195175, 0.014318931039528107]",-100,-106.71753933025498
34,decision_close_2026_1,2026-01-22,history_lsa,78,history_lsa|lambda=0.01|scaling=row_only,history_lsa|lambda=1|scaling=row_only,history_lsa|lambda=0.1|scaling=row_only,hold,cut,"[0.513414894654052, 0.4604453619704321, 0.02613974337551598]",0,-80.98185208228699
35,decision_close_2026_2,2026-03-12,history_lsa,79,history_lsa|lambda=0.01|scaling=row_only,history_lsa|lambda=1|scaling=row_only,history_lsa|lambda=0.1|scaling=row_only,hold,hold,"[0.38455810437625065, 0.5842363397921625, 0.031205555831586847]",0,-63.561912876640704
36,decision_close_2026_3,2026-04-22,history_lsa,80,history_lsa|lambda=0.01|scaling=row_only,history_lsa|lambda=1|scaling=row_only,history_lsa|lambda=0.1|scaling=row_only,hold,hold,"[0.2838921073798908, 0.6500031883172831, 0.06610470430282622]",0,-21.35650802702643
37,decision_close_2026_4,2026-06-11,history_lsa,81,history_lsa|lambda=0.01|scaling=row_only,history_lsa|lambda=1|scaling=row_only,history_lsa|lambda=0.1|scaling=row_only,hold,hold,"[0.28321568511666884, 0.6683658943193442, 0.04841842056398703]",0,-32.02784593664867
1,decision_close_2023_1,2023-01-19,history_qwen_all,45,history_qwen_all|lambda=0.001|scaling=fixed,history_qwen_all|lambda=1|scaling=fixed,history_qwen_all|lambda=0.1|scaling=fixed,cut,hold,"[0.14725438795647652, 0.730613654768349, 0.12213195727517447]",-50,9.923370262639066
2,decision_close_2023_2,2023-02-23,history_qwen_all,46,history_qwen_all|lambda=0.001|scaling=fixed,history_qwen_all|lambda=1|scaling=fixed,history_qwen_all|lambda=0.1|scaling=fixed,hold,hold,"[0.16757052050372587, 0.8131866020733598, 0.019242877422914386]",0,-29.8485348000338
3,decision_close_2023_3,2023-03-23,history_qwen_all,47,history_qwen_all|lambda=0.001|scaling=fixed,history_qwen_all|lambda=1|scaling=fixed,history_qwen_all|lambda=0.1|scaling=fixed,hold,hold,"[0.11762748787394527, 0.7897448539143397, 0.09262765821171502]",0,0.22394393636938764
4,decision_close_2023_4,2023-04-27,history_qwen_all,48,history_qwen_all|lambda=0.001|scaling=fixed,history_qwen_all|lambda=1|scaling=fixed,history_qwen_all|lambda=0.1|scaling=fixed,hold,hold,"[0.09279728528625474, 0.8271850292671343, 0.08001768544661088]",0,0.9160350243936146
5,decision_close_2023_5,2023-05-25,history_qwen_all,49,history_qwen_all|lambda=0.001|scaling=fixed,history_qwen_all|lambda=1|scaling=fixed,history_qwen_all|lambda=0.1|scaling=fixed,hike,hold,"[0.08911113132605308, 0.8175173955578205, 0.09337147311612645]",650,8.162559085627171
6,decision_close_2023_6,2023-06-22,history_qwen_all,50,history_qwen_all|lambda=0.001|scaling=fixed,history_qwen_all|lambda=1|scaling=fixed,history_qwen_all|lambda=0.1|scaling=fixed,hike,hold,"[0.0017381694953342729, 0.8663762423388326, 0.1318855881658332]",250,113.03875045373537
7,decision_close_2023_7,2023-07-20,history_qwen_all,51,history_qwen_all|lambda=0.001|scaling=fixed,history_qwen_all|lambda=1|scaling=fixed,history_qwen_all|lambda=0.1|scaling=fixed,hike,hold,"[0.00035944777180962656, 0.76143889928188, 0.23820165294631052]",750,175.3233447825537
8,decision_close_2023_8,2023-08-24,history_qwen_all,52,history_qwen_all|lambda=0.001|scaling=fixed,history_qwen_all|lambda=1|scaling=fixed,history_qwen_all|lambda=0.1|scaling=fixed,hike,hike,"[0.0002367052551335277, 0.41876530184081084, 0.5809979929040555]",500,240.99487245123464
9,decision_close_2023_9,2023-09-21,history_qwen_all,53,history_qwen_all|lambda=0.01|scaling=fixed,history_qwen_all|lambda=1|scaling=fixed,history_qwen_all|lambda=0.1|scaling=fixed,hike,hike,"[0.0005179832921590279, 0.2186558953610439, 0.7808261213467971]",500,322.22206945165266
10,decision_close_2023_10,2023-10-26,history_qwen_all,54,history_qwen_all|lambda=0.01|scaling=fixed,history_qwen_all|lambda=1|scaling=fixed,history_qwen_all|lambda=0.1|scaling=fixed,hike,hike,"[0.0016728149957048516, 0.23084799962833044, 0.7674791853759647]",500,297.3854627279687
11,decision_close_2023_11,2023-11-23,history_qwen_all,55,history_qwen_all|lambda=0.01|scaling=fixed,history_qwen_all|lambda=1|scaling=fixed,history_qwen_all|lambda=0.1|scaling=fixed,hike,hike,"[0.004006426030162899, 0.3403136876360497, 0.6556798863337875]",250,272.898693467504
12,decision_close_2023_12,2023-12-21,history_qwen_all,56,history_qwen_all|lambda=0.01|scaling=fixed,history_qwen_all|lambda=1|scaling=fixed,history_qwen_all|lambda=0.1|scaling=fixed,hike,hike,"[0.012612493559346303, 0.23596580662838107, 0.7514216998122725]",250,228.56497898816204
13,decision_close_2024_1,2024-01-25,history_qwen_all,57,history_qwen_all|lambda=0.01|scaling=fixed,history_qwen_all|lambda=1|scaling=fixed,history_qwen_all|lambda=0.1|scaling=fixed,hold,hike,"[0.04353938435649182, 0.30544474110845404, 0.651015874535054]",0,157.4053081902942
14,decision_close_2024_2,2024-02-22,history_qwen_all,58,history_qwen_all|lambda=0.01|scaling=fixed,history_qwen_all|lambda=1|scaling=fixed,history_qwen_all|lambda=0.1|scaling=fixed,hike,hold,"[0.1904850638091247, 0.47380514100292326, 0.33570979518795213]",500,79.39700909614457
15,decision_close_2024_3,2024-03-21,history_qwen_all,59,history_qwen_all|lambda=0.01|scaling=fixed,history_qwen_all|lambda=1|scaling=fixed,history_qwen_all|lambda=0.1|scaling=fixed,hold,hike,"[0.04237097874659526, 0.36264014206092926, 0.5949888791924756]",0,142.97242176960023
16,decision_close_2024_4,2024-04-25,history_qwen_all,60,history_qwen_all|lambda=0.001|scaling=fixed,history_qwen_all|lambda=1|scaling=fixed,history_qwen_all|lambda=0.1|scaling=fixed,hold,hold,"[0.14095116814247116, 0.5241237855438428, 0.3349250463136862]",0,99.86340943527242
17,decision_close_2024_5,2024-05-23,history_qwen_all,61,history_qwen_all|lambda=0.01|scaling=fixed,history_qwen_all|lambda=1|scaling=fixed,history_qwen_all|lambda=0.1|scaling=fixed,hold,hold,"[0.34244434136681384, 0.35975374135621807, 0.29780191727696814]",0,71.85167331729481
18,decision_close_2024_6,2024-06-27,history_qwen_all,62,history_qwen_all|lambda=0.01|scaling=fixed,history_qwen_all|lambda=1|scaling=fixed,history_qwen_all|lambda=0.1|scaling=fixed,hold,hold,"[0.4180888508564973, 0.45682404814623906, 0.12508710099726364]",0,22.09435748484313
19,decision_close_2024_7,2024-07-23,history_qwen_all,63,history_qwen_all|lambda=0.1|scaling=fixed,history_qwen_all|lambda=1|scaling=fixed,history_qwen_all|lambda=0.1|scaling=fixed,hold,hold,"[0.31291796215101225, 0.5275637053225298, 0.1595183325264581]",0,34.18833559800625
20,decision_close_2024_8,2024-08-20,history_qwen_all,64,history_qwen_all|lambda=0.1|scaling=fixed,history_qwen_all|lambda=1|scaling=fixed,history_qwen_all|lambda=0.1|scaling=fixed,hold,hold,"[0.21424606486030034, 0.7186265974694409, 0.0671273376702588]",0,-31.26082718547905
21,decision_close_2024_9,2024-09-19,history_qwen_all,65,history_qwen_all|lambda=0.1|scaling=fixed,history_qwen_all|lambda=1|scaling=fixed,history_qwen_all|lambda=0.1|scaling=fixed,hold,hold,"[0.13305725077669733, 0.7563584281585886, 0.11058432106471408]",0,16.929993664932958
22,decision_close_2024_10,2024-10-17,history_qwen_all,66,history_qwen_all|lambda=0.1|scaling=fixed,history_qwen_all|lambda=1|scaling=fixed,history_qwen_all|lambda=0.1|scaling=fixed,hold,hold,"[0.118926628068361, 0.7715273315982055, 0.10954604033343354]",0,19.185412403815903
23,decision_close_2024_11,2024-11-21,history_qwen_all,67,history_qwen_all|lambda=0.1|scaling=fixed,history_qwen_all|lambda=1|scaling=fixed,history_qwen_all|lambda=0.1|scaling=fixed,cut,hold,"[0.11105601979798095, 0.8087019349947887, 0.08024204520723026]",-250,7.939915132810027
24,decision_close_2024_12,2024-12-26,history_qwen_all,68,history_qwen_all|lambda=0.1|scaling=fixed,history_qwen_all|lambda=1|scaling=fixed,history_qwen_all|lambda=0.1|scaling=fixed,cut,hold,"[0.39958767730990485, 0.5652752586674276, 0.03513706402266745]",-250,-55.295918126723066
25,decision_close_2025_1,2025-01-23,history_qwen_all,69,history_qwen_all|lambda=0.01|scaling=fixed,history_qwen_all|lambda=1|scaling=fixed,history_qwen_all|lambda=0.1|scaling=fixed,cut,cut,"[0.6650359348168476, 0.3210926124861715, 0.013871452696980913]",-250,-115.57074382585553
26,decision_close_2025_2,2025-03-06,history_qwen_all,70,history_qwen_all|lambda=0.01|scaling=fixed,history_qwen_all|lambda=1|scaling=fixed,history_qwen_all|lambda=0.1|scaling=fixed,hold,cut,"[0.7604016656383978, 0.23442071147449012, 0.005177622887111957]",0,-158.30148926915385
27,decision_close_2025_3,2025-03-20,history_qwen_all,71,history_qwen_all|lambda=0.01|scaling=fixed,history_qwen_all|lambda=1|scaling=fixed,history_qwen_all|lambda=0.1|scaling=fixed,hike,hold,"[0.4161804186389663, 0.5639873088631302, 0.019832272497903525]",350,-54.12494620401015
28,decision_close_2025_4,2025-04-17,history_qwen_all,72,history_qwen_all|lambda=0.01|scaling=fixed,history_qwen_all|lambda=1|scaling=fixed,history_qwen_all|lambda=0.1|scaling=fixed,hold,hold,"[0.06421695939997554, 0.7752821817898247, 0.1605008588101999]",0,28.13631754961388
29,decision_close_2025_5,2025-06-19,history_qwen_all,73,history_qwen_all|lambda=0.01|scaling=fixed,history_qwen_all|lambda=1|scaling=fixed,history_qwen_all|lambda=0.1|scaling=fixed,cut,hold,"[0.08470129386747725, 0.8852745750221788, 0.030024131110343827]",-300,-19.08068569049356
30,decision_close_2025_6,2025-07-24,history_qwen_all,74,history_qwen_all|lambda=0.01|scaling=fixed,history_qwen_all|lambda=1|scaling=fixed,history_qwen_all|lambda=0.1|scaling=fixed,cut,hold,"[0.42685524592162655, 0.5131865648546474, 0.05995818922372606]",-250,-2.6433337228912475
31,decision_close_2025_7,2025-09-11,history_qwen_all,75,history_qwen_all|lambda=0.01|scaling=fixed,history_qwen_all|lambda=1|scaling=fixed,history_qwen_all|lambda=0.1|scaling=fixed,cut,cut,"[0.6806096668638918, 0.3119851504226006, 0.007405182713507417]",-100,-160.56948248040086
32,decision_close_2025_8,2025-10-23,history_qwen_all,76,history_qwen_all|lambda=0.01|scaling=fixed,history_qwen_all|lambda=1|scaling=fixed,history_qwen_all|lambda=0.1|scaling=fixed,cut,hold,"[0.47456875435828283, 0.5121029002840041, 0.013328345357713135]",-150,-125.8738170378952
33,decision_close_2025_9,2025-12-11,history_qwen_all,77,history_qwen_all|lambda=0.01|scaling=fixed,history_qwen_all|lambda=1|scaling=fixed,history_qwen_all|lambda=0.1|scaling=fixed,cut,cut,"[0.5813985744272505, 0.40165937867824886, 0.0169420468945006]",-100,-105.98054251534421
34,decision_close_2026_1,2026-01-22,history_qwen_all,78,history_qwen_all|lambda=0.01|scaling=fixed,history_qwen_all|lambda=1|scaling=fixed,history_qwen_all|lambda=0.1|scaling=fixed,hold,hold,"[0.36555959010562356, 0.5679348932401459, 0.06650551665423056]",0,-64.95205514320668
35,decision_close_2026_2,2026-03-12,history_qwen_all,79,history_qwen_all|lambda=0.01|scaling=fixed,history_qwen_all|lambda=1|scaling=fixed,history_qwen_all|lambda=0.1|scaling=fixed,hold,hold,"[0.3753619156326077, 0.5892569638171412, 0.03538112055025131]",0,-63.49100951907256
36,decision_close_2026_3,2026-04-22,history_qwen_all,80,history_qwen_all|lambda=0.01|scaling=fixed,history_qwen_all|lambda=1|scaling=fixed,history_qwen_all|lambda=0.1|scaling=fixed,hold,hold,"[0.25629610465433417, 0.6718860051172272, 0.0718178902284388]",0,-21.228142058672177
37,decision_close_2026_4,2026-06-11,history_qwen_all,81,history_qwen_all|lambda=0.01|scaling=fixed,history_qwen_all|lambda=1|scaling=fixed,history_qwen_all|lambda=0.1|scaling=fixed,hold,hold,"[0.33522211745602176, 0.63996093272924, 0.0248169498147381]",0,-75.52304160604001
1,decision_close_2023_1,2023-01-19,history_qwen_inflation,45,history_qwen_inflation|lambda=0.01|scaling=fixed,history_qwen_inflation|lambda=1|scaling=fixed,history_qwen_inflation|lambda=0.1|scaling=fixed,cut,hold,"[0.15256131797008163, 0.7429503442688591, 0.10448833776105912]",-50,4.3518465300328355
2,decision_close_2023_2,2023-02-23,history_qwen_inflation,46,history_qwen_inflation|lambda=0.01|scaling=fixed,history_qwen_inflation|lambda=10|scaling=fixed,history_qwen_inflation|lambda=0.1|scaling=fixed,hold,hold,"[0.14496696415272964, 0.7832496149910245, 0.07178342085624585]",0,-9.733800851349107
3,decision_close_2023_3,2023-03-23,history_qwen_inflation,47,history_qwen_inflation|lambda=0.01|scaling=fixed,history_qwen_inflation|lambda=10|scaling=fixed,history_qwen_inflation|lambda=0.1|scaling=fixed,hold,hold,"[0.140356481996607, 0.773036479618169, 0.08660703838522395]",0,-8.4774399380498
4,decision_close_2023_4,2023-04-27,history_qwen_inflation,48,history_qwen_inflation|lambda=0.01|scaling=fixed,history_qwen_inflation|lambda=10|scaling=fixed,history_qwen_inflation|lambda=0.1|scaling=fixed,hold,hold,"[0.10820074917729736, 0.8191730654438772, 0.0726261853788255]",0,-7.949064777069889
5,decision_close_2023_5,2023-05-25,history_qwen_inflation,49,history_qwen_inflation|lambda=0.01|scaling=fixed,history_qwen_inflation|lambda=10|scaling=fixed,history_qwen_inflation|lambda=0.1|scaling=fixed,hike,hold,"[0.10670875839218552, 0.8047501947788133, 0.08854104682900125]",650,-6.18279944451414
6,decision_close_2023_6,2023-06-22,history_qwen_inflation,50,history_qwen_inflation|lambda=0.01|scaling=fixed,history_qwen_inflation|lambda=1|scaling=fixed,history_qwen_inflation|lambda=0.1|scaling=fixed,hike,hold,"[0.001328560058629116, 0.7840265202285117, 0.21464491971285896]",250,121.87069403252148
7,decision_close_2023_7,2023-07-20,history_qwen_inflation,51,history_qwen_inflation|lambda=0.01|scaling=fixed,history_qwen_inflation|lambda=1|scaling=fixed,history_qwen_inflation|lambda=0.1|scaling=fixed,hike,hold,"[0.0006292245329662251, 0.7564816887644495, 0.24288908670258436]",750,161.65361590337847
8,decision_close_2023_8,2023-08-24,history_qwen_inflation,52,history_qwen_inflation|lambda=0.01|scaling=fixed,history_qwen_inflation|lambda=1|scaling=fixed,history_qwen_inflation|lambda=0.01|scaling=fixed,hike,hike,"[4.038875908753399e-09, 0.07264979938281318, 0.9273501965783111]",500,256.1585001544583
9,decision_close_2023_9,2023-09-21,history_qwen_inflation,53,history_qwen_inflation|lambda=0.01|scaling=fixed,history_qwen_inflation|lambda=1|scaling=fixed,history_qwen_inflation|lambda=0.01|scaling=fixed,hike,hike,"[4.2134310193757385e-07, 0.06733292601031327, 0.9326666526465844]",500,330.18975762810567
10,decision_close_2023_10,2023-10-26,history_qwen_inflation,54,history_qwen_inflation|lambda=0.01|scaling=fixed,history_qwen_inflation|lambda=1|scaling=fixed,history_qwen_inflation|lambda=0.01|scaling=fixed,hike,hike,"[1.1242323983492732e-06, 0.11370699604197256, 0.8862918797256287]",500,303.22929191603157
11,decision_close_2023_11,2023-11-23,history_qwen_inflation,55,history_qwen_inflation|lambda=0.01|scaling=fixed,history_qwen_inflation|lambda=1|scaling=fixed,history_qwen_inflation|lambda=0.01|scaling=fixed,hike,hike,"[1.9136783029817225e-06, 0.062028032143223284, 0.9379700541784738]",250,324.0456556958572
12,decision_close_2023_12,2023-12-21,history_qwen_inflation,56,history_qwen_inflation|lambda=0.01|scaling=fixed,history_qwen_inflation|lambda=1|scaling=fixed,history_qwen_inflation|lambda=0.01|scaling=fixed,hike,hike,"[0.0009230340588296478, 0.23017251748925543, 0.7689044484519149]",250,224.80354246746415
13,decision_close_2024_1,2024-01-25,history_qwen_inflation,57,history_qwen_inflation|lambda=0.01|scaling=fixed,history_qwen_inflation|lambda=1|scaling=fixed,history_qwen_inflation|lambda=0.01|scaling=fixed,hold,hike,"[0.008943759112121233, 0.4039236172830757, 0.587132623604803]",0,153.81812337377474
14,decision_close_2024_2,2024-02-22,history_qwen_inflation,58,history_qwen_inflation|lambda=0.01|scaling=fixed,history_qwen_inflation|lambda=1|scaling=fixed,history_qwen_inflation|lambda=0.01|scaling=fixed,hike,cut,"[0.5243515516740211, 0.40075366980505817, 0.07489477852092072]",500,74.06400229391403
15,decision_close_2024_3,2024-03-21,history_qwen_inflation,59,history_qwen_inflation|lambda=0.01|scaling=fixed,history_qwen_inflation|lambda=1|scaling=fixed,history_qwen_inflation|lambda=0.01|scaling=fixed,hold,hike,"[0.0004237568066512925, 0.16222207850251663, 0.8373541646908321]",0,186.2011570321847
16,decision_close_2024_4,2024-04-25,history_qwen_inflation,60,history_qwen_inflation|lambda=0.01|scaling=fixed,history_qwen_inflation|lambda=1|scaling=fixed,history_qwen_inflation|lambda=0.01|scaling=fixed,hold,hold,"[0.13957155907938384, 0.6155039386687824, 0.24492450225183376]",0,140.29513691705026
17,decision_close_2024_5,2024-05-23,history_qwen_inflation,61,history_qwen_inflation|lambda=0.01|scaling=fixed,history_qwen_inflation|lambda=1|scaling=fixed,history_qwen_inflation|lambda=0.01|scaling=fixed,hold,cut,"[0.551092330953399, 0.38034962557955343, 0.06855804346704748]",0,58.47457002778547
18,decision_close_2024_6,2024-06-27,history_qwen_inflation,62,history_qwen_inflation|lambda=0.01|scaling=fixed,history_qwen_inflation|lambda=1|scaling=fixed,history_qwen_inflation|lambda=0.01|scaling=fixed,hold,cut,"[0.6346938794248131, 0.3554878132533672, 0.009818307321819491]",0,10.433381383910643
19,decision_close_2024_7,2024-07-23,history_qwen_inflation,63,history_qwen_inflation|lambda=0.01|scaling=fixed,history_qwen_inflation|lambda=1|scaling=fixed,history_qwen_inflation|lambda=0.1|scaling=fixed,hold,hold,"[0.30050152276682573, 0.5635380804088825, 0.13596039682429178]",0,23.339853183452924
20,decision_close_2024_8,2024-08-20,history_qwen_inflation,64,history_qwen_inflation|lambda=0.01|scaling=fixed,history_qwen_inflation|lambda=1|scaling=fixed,history_qwen_inflation|lambda=0.1|scaling=fixed,hold,hold,"[0.1826243914933904, 0.7156366011958127, 0.10173900731079681]",0,7.5037364488633935
21,decision_close_2024_9,2024-09-19,history_qwen_inflation,65,history_qwen_inflation|lambda=0.01|scaling=fixed,history_qwen_inflation|lambda=1|scaling=fixed,history_qwen_inflation|lambda=0.1|scaling=fixed,hold,hold,"[0.15849548563867463, 0.753039125124403, 0.08846538923692226]",0,4.642812044730365
22,decision_close_2024_10,2024-10-17,history_qwen_inflation,66,history_qwen_inflation|lambda=0.01|scaling=fixed,history_qwen_inflation|lambda=1|scaling=fixed,history_qwen_inflation|lambda=0.01|scaling=fixed,hold,hold,"[0.1364952145049249, 0.8347673841933153, 0.028737401301759696]",0,7.728675920882456
23,decision_close_2024_11,2024-11-21,history_qwen_inflation,67,history_qwen_inflation|lambda=0.01|scaling=fixed,history_qwen_inflation|lambda=1|scaling=fixed,history_qwen_inflation|lambda=0.01|scaling=fixed,cut,hold,"[0.11931966055951765, 0.8656917677748982, 0.014988571665584155]",-250,-2.376566182294393
24,decision_close_2024_12,2024-12-26,history_qwen_inflation,68,history_qwen_inflation|lambda=0.01|scaling=fixed,history_qwen_inflation|lambda=1|scaling=fixed,history_qwen_inflation|lambda=0.1|scaling=fixed,cut,hold,"[0.4442987131111084, 0.529888386216682, 0.025812900672209663]",-250,-65.64513214160368
25,decision_close_2025_1,2025-01-23,history_qwen_inflation,69,history_qwen_inflation|lambda=0.01|scaling=fixed,history_qwen_inflation|lambda=1|scaling=fixed,history_qwen_inflation|lambda=0.01|scaling=fixed,cut,cut,"[0.9752709400632317, 0.024599405056549693, 0.00012965488021878056]",-250,-125.0688722849412
26,decision_close_2025_2,2025-03-06,history_qwen_inflation,70,history_qwen_inflation|lambda=0.01|scaling=fixed,history_qwen_inflation|lambda=1|scaling=fixed,history_qwen_inflation|lambda=0.01|scaling=fixed,hold,cut,"[0.9887101575884084, 0.011278399756588724, 1.1442655003095545e-05]",0,-166.32076217552859
27,decision_close_2025_3,2025-03-20,history_qwen_inflation,71,history_qwen_inflation|lambda=0.01|scaling=fixed,history_qwen_inflation|lambda=1|scaling=fixed,history_qwen_inflation|lambda=0.1|scaling=fixed,hike,hold,"[0.31825660965267955, 0.6230372722125667, 0.0587061181347538]",350,-42.44745773425602
28,decision_close_2025_4,2025-04-17,history_qwen_inflation,72,history_qwen_inflation|lambda=0.01|scaling=fixed,history_qwen_inflation|lambda=1|scaling=fixed,history_qwen_inflation|lambda=0.1|scaling=fixed,hold,hold,"[0.05134710645417116, 0.6958771396704427, 0.2527757538753861]",0,69.19776927736525
29,decision_close_2025_5,2025-06-19,history_qwen_inflation,73,history_qwen_inflation|lambda=0.01|scaling=fixed,history_qwen_inflation|lambda=1|scaling=fixed,history_qwen_inflation|lambda=0.1|scaling=fixed,cut,hold,"[0.07098985815872605, 0.8782982604585652, 0.05071188138270882]",-300,21.957653549354728
30,decision_close_2025_6,2025-07-24,history_qwen_inflation,74,history_qwen_inflation|lambda=0.01|scaling=fixed,history_qwen_inflation|lambda=1|scaling=fixed,history_qwen_inflation|lambda=0.1|scaling=fixed,cut,hold,"[0.4725003002755526, 0.4859252300799584, 0.041574469644489055]",-250,-56.8496253084111
31,decision_close_2025_7,2025-09-11,history_qwen_inflation,75,history_qwen_inflation|lambda=0.01|scaling=fixed,history_qwen_inflation|lambda=1|scaling=fixed,history_qwen_inflation|lambda=0.01|scaling=fixed,cut,cut,"[0.929636421615756, 0.07027929044517658, 8.428793906734117e-05]",-100,-167.19470625802202
32,decision_close_2025_8,2025-10-23,history_qwen_inflation,76,history_qwen_inflation|lambda=0.01|scaling=fixed,history_qwen_inflation|lambda=1|scaling=fixed,history_qwen_inflation|lambda=0.01|scaling=fixed,cut,cut,"[0.5154359300749584, 0.4813529774938178, 0.00321109243122359]",-150,-91.90077675877689
33,decision_close_2025_9,2025-12-11,history_qwen_inflation,77,history_qwen_inflation|lambda=0.01|scaling=fixed,history_qwen_inflation|lambda=1|scaling=fixed,history_qwen_inflation|lambda=0.01|scaling=fixed,cut,cut,"[0.8722106344548746, 0.12742967514821854, 0.00035969039690688905]",-100,-113.5778745150611
34,decision_close_2026_1,2026-01-22,history_qwen_inflation,78,history_qwen_inflation|lambda=0.01|scaling=fixed,history_qwen_inflation|lambda=1|scaling=fixed,history_qwen_inflation|lambda=0.01|scaling=fixed,hold,cut,"[0.6903263628375751, 0.3072258938053023, 0.0024477433571224805]",0,-86.67066241076411
35,decision_close_2026_2,2026-03-12,history_qwen_inflation,79,history_qwen_inflation|lambda=0.01|scaling=fixed,history_qwen_inflation|lambda=1|scaling=fixed,history_qwen_inflation|lambda=0.01|scaling=fixed,hold,hold,"[0.3755571939317921, 0.6210318922866889, 0.003410913781519033]",0,-70.04334287907321
36,decision_close_2026_3,2026-04-22,history_qwen_inflation,80,history_qwen_inflation|lambda=0.01|scaling=fixed,history_qwen_inflation|lambda=1|scaling=fixed,history_qwen_inflation|lambda=0.01|scaling=fixed,hold,hold,"[0.24264097646771493, 0.7418051865266283, 0.015553837005656749]",0,-27.753348463318805
37,decision_close_2026_4,2026-06-11,history_qwen_inflation,81,history_qwen_inflation|lambda=0.01|scaling=fixed,history_qwen_inflation|lambda=1|scaling=fixed,history_qwen_inflation|lambda=0.01|scaling=fixed,hold,hold,"[0.22700170426838687, 0.7666533646917113, 0.006344931039901866]",0,-39.6653452082051
1,decision_close_2023_1,2023-01-19,history_qwen_demand,45,history_qwen_demand|lambda=0.01|scaling=fixed,history_qwen_demand|lambda=1|scaling=fixed,history_qwen_demand|lambda=0.1|scaling=fixed,cut,hold,"[0.1468219675807601, 0.747309523610726, 0.10586850880851391]",-50,5.911639446366164
2,decision_close_2023_2,2023-02-23,history_qwen_demand,46,history_qwen_demand|lambda=0.01|scaling=fixed,history_qwen_demand|lambda=1|scaling=fixed,history_qwen_demand|lambda=0.1|scaling=fixed,hold,hold,"[0.13361207682557052, 0.7933024564798407, 0.07308546669458879]",0,-6.4337973406312114
3,decision_close_2023_3,2023-03-23,history_qwen_demand,47,history_qwen_demand|lambda=0.01|scaling=fixed,history_qwen_demand|lambda=1|scaling=fixed,history_qwen_demand|lambda=0.1|scaling=fixed,hold,hold,"[0.13037478984742917, 0.7812992883827695, 0.08832592176980136]",0,-1.6675723345181055
4,decision_close_2023_4,2023-04-27,history_qwen_demand,48,history_qwen_demand|lambda=0.01|scaling=fixed,history_qwen_demand|lambda=1|scaling=fixed,history_qwen_demand|lambda=0.1|scaling=fixed,hold,hold,"[0.09952900095112721, 0.8268649306505189, 0.07360606839835374]",0,-0.11288882278453066
5,decision_close_2023_5,2023-05-25,history_qwen_demand,49,history_qwen_demand|lambda=0.01|scaling=fixed,history_qwen_demand|lambda=1|scaling=fixed,history_qwen_demand|lambda=0.1|scaling=fixed,hike,hold,"[0.09865964885339562, 0.8110442275304632, 0.09029612361614116]",650,6.586300712640732
6,decision_close_2023_6,2023-06-22,history_qwen_demand,50,history_qwen_demand|lambda=0.01|scaling=fixed,history_qwen_demand|lambda=1|scaling=fixed,history_qwen_demand|lambda=0.1|scaling=fixed,hike,hold,"[0.001359981717051326, 0.7849784146156361, 0.21366160366731268]",250,119.8186765149227
7,decision_close_2023_7,2023-07-20,history_qwen_demand,51,history_qwen_demand|lambda=0.001|scaling=fixed,history_qwen_demand|lambda=1|scaling=fixed,history_qwen_demand|lambda=0.1|scaling=fixed,hike,hold,"[0.0005525404187451657, 0.679810894223868, 0.319636565357387]",750,168.50358294343374
8,decision_close_2023_8,2023-08-24,history_qwen_demand,52,history_qwen_demand|lambda=0.001|scaling=fixed,history_qwen_demand|lambda=1|scaling=fixed,history_qwen_demand|lambda=0.1|scaling=fixed,hike,hike,"[0.0001294694249775727, 0.3353952569238903, 0.6644752736511322]",500,249.48321739768556
9,decision_close_2023_9,2023-09-21,history_qwen_demand,53,history_qwen_demand|lambda=0.001|scaling=fixed,history_qwen_demand|lambda=1|scaling=fixed,history_qwen_demand|lambda=0.1|scaling=fixed,hike,hike,"[0.00032533769830361375, 0.19668387227687706, 0.8029907900248193]",500,326.80091801186524
10,decision_close_2023_10,2023-10-26,history_qwen_demand,54,history_qwen_demand|lambda=0.001|scaling=fixed,history_qwen_demand|lambda=1|scaling=fixed,history_qwen_demand|lambda=0.1|scaling=fixed,hike,hike,"[0.0010604746714731363, 0.21020632254643498, 0.7887332027820917]",500,299.51368356631724
11,decision_close_2023_11,2023-11-23,history_qwen_demand,55,history_qwen_demand|lambda=0.001|scaling=fixed,history_qwen_demand|lambda=1|scaling=fixed,history_qwen_demand|lambda=0.1|scaling=fixed,hike,hike,"[0.005608764319914798, 0.3062062782642331, 0.6881849574158521]",250,252.25840375812675
12,decision_close_2023_12,2023-12-21,history_qwen_demand,56,history_qwen_demand|lambda=0.001|scaling=fixed,history_qwen_demand|lambda=1|scaling=fixed,history_qwen_demand|lambda=0.1|scaling=fixed,hike,hike,"[0.011533487190344437, 0.208601311827622, 0.7798652009820336]",250,234.2317748218064
13,decision_close_2024_1,2024-01-25,history_qwen_demand,57,history_qwen_demand|lambda=0.001|scaling=fixed,history_qwen_demand|lambda=1|scaling=fixed,history_qwen_demand|lambda=0.1|scaling=fixed,hold,hike,"[0.042550183925551224, 0.2860104137563325, 0.6714394023181164]",0,161.69702633034692
14,decision_close_2024_2,2024-02-22,history_qwen_demand,58,history_qwen_demand|lambda=0.001|scaling=fixed,history_qwen_demand|lambda=1|scaling=fixed,history_qwen_demand|lambda=0.1|scaling=fixed,hike,hold,"[0.21276645649697074, 0.4553690457279639, 0.33186449777506527]",500,80.72075851079722
15,decision_close_2024_3,2024-03-21,history_qwen_demand,59,history_qwen_demand|lambda=0.001|scaling=fixed,history_qwen_demand|lambda=1|scaling=fixed,history_qwen_demand|lambda=0.1|scaling=fixed,hold,hike,"[0.06857607225288671, 0.3539756303006167, 0.5774482974464966]",0,121.32977615928289
16,decision_close_2024_4,2024-04-25,history_qwen_demand,60,history_qwen_demand|lambda=0.001|scaling=fixed,history_qwen_demand|lambda=1|scaling=fixed,history_qwen_demand|lambda=0.1|scaling=fixed,hold,hold,"[0.1459754377806727, 0.5416985699809908, 0.31232599223833674]",0,103.4276083276693
17,decision_close_2024_5,2024-05-23,history_qwen_demand,61,history_qwen_demand|lambda=0.001|scaling=fixed,history_qwen_demand|lambda=1|scaling=fixed,history_qwen_demand|lambda=0.1|scaling=fixed,hold,hold,"[0.31844982220916546, 0.38541390450437646, 0.2961362732864581]",0,67.82223705310751
18,decision_close_2024_6,2024-06-27,history_qwen_demand,62,history_qwen_demand|lambda=0.001|scaling=fixed,history_qwen_demand|lambda=0.1|scaling=fixed,history_qwen_demand|lambda=0.1|scaling=fixed,hold,hold,"[0.39690358449793534, 0.48245069149392483, 0.12064572400813976]",0,-51.90029432295482
19,decision_close_2024_7,2024-07-23,history_qwen_demand,63,history_qwen_demand|lambda=0.001|scaling=fixed,history_qwen_demand|lambda=1|scaling=fixed,history_qwen_demand|lambda=0.1|scaling=fixed,hold,hold,"[0.311489202084522, 0.5324398110332108, 0.1560709868822671]",0,30.325123436663826
20,decision_close_2024_8,2024-08-20,history_qwen_demand,64,history_qwen_demand|lambda=0.001|scaling=fixed,history_qwen_demand|lambda=1|scaling=fixed,history_qwen_demand|lambda=0.1|scaling=fixed,hold,hold,"[0.24986202035318889, 0.6872181993644951, 0.06291978028231593]",0,-30.827275346658617
21,decision_close_2024_9,2024-09-19,history_qwen_demand,65,history_qwen_demand|lambda=0.001|scaling=fixed,history_qwen_demand|lambda=1|scaling=fixed,history_qwen_demand|lambda=0.1|scaling=fixed,hold,hold,"[0.15669013390980913, 0.7347787703060826, 0.10853109578410841]",0,17.61195011141749
22,decision_close_2024_10,2024-10-17,history_qwen_demand,66,history_qwen_demand|lambda=0.001|scaling=fixed,history_qwen_demand|lambda=1|scaling=fixed,history_qwen_demand|lambda=0.1|scaling=fixed,hold,hold,"[0.1408524271526683, 0.7506955208592833, 0.10845205198804848]",0,19.60783553164158
23,decision_close_2024_11,2024-11-21,history_qwen_demand,67,history_qwen_demand|lambda=0.001|scaling=fixed,history_qwen_demand|lambda=1|scaling=fixed,history_qwen_demand|lambda=0.1|scaling=fixed,cut,hold,"[0.12543551914729248, 0.7968058206477548, 0.07775866020495249]",-250,9.17435236933079
24,decision_close_2024_12,2024-12-26,history_qwen_demand,68,history_qwen_demand|lambda=0.001|scaling=fixed,history_qwen_demand|lambda=1|scaling=fixed,history_qwen_demand|lambda=0.1|scaling=fixed,cut,hold,"[0.4393882369786483, 0.5301920225539984, 0.030419740467353226]",-250,-55.58661122458602
25,decision_close_2025_1,2025-01-23,history_qwen_demand,69,history_qwen_demand|lambda=0.001|scaling=fixed,history_qwen_demand|lambda=1|scaling=fixed,history_qwen_demand|lambda=0.1|scaling=fixed,cut,cut,"[0.7098378142896575, 0.2786366186224205, 0.011525567087922]",-250,-117.43162101493564
26,decision_close_2025_2,2025-03-06,history_qwen_demand,70,history_qwen_demand|lambda=0.001|scaling=fixed,history_qwen_demand|lambda=0.1|scaling=fixed,history_qwen_demand|lambda=0.1|scaling=fixed,hold,cut,"[0.7772009475923181, 0.21851236860007972, 0.0042866838076024375]",0,-260.3254162456679
27,decision_close_2025_3,2025-03-20,history_qwen_demand,71,history_qwen_demand|lambda=0.001|scaling=fixed,history_qwen_demand|lambda=1|scaling=fixed,history_qwen_demand|lambda=0.1|scaling=fixed,hike,hold,"[0.45494075029123526, 0.4916531393128404, 0.053406110395924286]",350,-57.09585751391613
28,decision_close_2025_4,2025-04-17,history_qwen_demand,72,history_qwen_demand|lambda=0.001|scaling=fixed,history_qwen_demand|lambda=1|scaling=fixed,history_qwen_demand|lambda=0.1|scaling=fixed,hold,hold,"[0.06468565036692282, 0.7686941594878798, 0.16662019014519744]",0,34.14712134811728
29,decision_close_2025_5,2025-06-19,history_qwen_demand,73,history_qwen_demand|lambda=0.001|scaling=fixed,history_qwen_demand|lambda=1|scaling=fixed,history_qwen_demand|lambda=0.1|scaling=fixed,cut,hold,"[0.0759230679314723, 0.8947126530538397, 0.029364279014688167]",-300,-8.887405245857932
30,decision_close_2025_6,2025-07-24,history_qwen_demand,74,history_qwen_demand|lambda=0.001|scaling=fixed,history_qwen_demand|lambda=0.1|scaling=fixed,history_qwen_demand|lambda=0.1|scaling=fixed,cut,hold,"[0.33434293078482924, 0.5519036739527599, 0.1137533952624109]",-250,6.621363866794535
31,decision_close_2025_7,2025-09-11,history_qwen_demand,75,history_qwen_demand|lambda=0.001|scaling=fixed,history_qwen_demand|lambda=0.1|scaling=fixed,history_qwen_demand|lambda=0.1|scaling=fixed,cut,cut,"[0.702729025582281, 0.29099089584074245, 0.0062800785769764455]",-100,-260.48876060059604
32,decision_close_2025_8,2025-10-23,history_qwen_demand,76,history_qwen_demand|lambda=0.001|scaling=fixed,history_qwen_demand|lambda=1|scaling=fixed,history_qwen_demand|lambda=0.1|scaling=fixed,cut,cut,"[0.6178891021133032, 0.37480894682117694, 0.007301951065519798]",-150,-152.88308829887998
33,decision_close_2025_9,2025-12-11,history_qwen_demand,77,history_qwen_demand|lambda=0.001|scaling=fixed,history_qwen_demand|lambda=1|scaling=fixed,history_qwen_demand|lambda=0.1|scaling=fixed,cut,cut,"[0.5891666359047526, 0.39538982703930076, 0.015443537055946591]",-100,-102.05757018435075
34,decision_close_2026_1,2026-01-22,history_qwen_demand,78,history_qwen_demand|lambda=0.001|scaling=fixed,history_qwen_demand|lambda=1|scaling=fixed,history_qwen_demand|lambda=0.1|scaling=fixed,hold,cut,"[0.5082324441814173, 0.46330024569163897, 0.028467310126943684]",0,-76.49852257603234
35,decision_close_2026_2,2026-03-12,history_qwen_demand,79,history_qwen_demand|lambda=0.001|scaling=fixed,history_qwen_demand|lambda=1|scaling=fixed,history_qwen_demand|lambda=0.1|scaling=fixed,hold,hold,"[0.3678679370841726, 0.5977355491961593, 0.03439651371966787]",0,-58.560013818335364
36,decision_close_2026_3,2026-04-22,history_qwen_demand,80,history_qwen_demand|lambda=0.001|scaling=fixed,history_qwen_demand|lambda=1|scaling=fixed,history_qwen_demand|lambda=0.1|scaling=fixed,hold,hold,"[0.26291822098194206, 0.6668311876142632, 0.07025059140379471]",0,-17.312471923162857
37,decision_close_2026_4,2026-06-11,history_qwen_demand,81,history_qwen_demand|lambda=0.001|scaling=fixed,history_qwen_demand|lambda=1|scaling=fixed,history_qwen_demand|lambda=0.1|scaling=fixed,hold,hold,"[0.3174782750814592, 0.6575546103392235, 0.024967114579317246]",0,-68.99105840997028
1,decision_close_2023_1,2023-01-19,history_qwen_forward,45,history_qwen_forward|lambda=0.001|scaling=fixed,history_qwen_forward|lambda=1|scaling=fixed,history_qwen_forward|lambda=0.1|scaling=fixed,cut,hold,"[0.1453420021361769, 0.7399756300526572, 0.11468236781116603]",-50,7.5382026575836285
2,decision_close_2023_2,2023-02-23,history_qwen_forward,46,history_qwen_forward|lambda=0.001|scaling=fixed,history_qwen_forward|lambda=1|scaling=fixed,history_qwen_forward|lambda=0.1|scaling=fixed,hold,hold,"[0.19434740253135435, 0.7865942756001214, 0.019058321868524217]",0,-29.947053679854957
3,decision_close_2023_3,2023-03-23,history_qwen_forward,47,history_qwen_forward|lambda=0.001|scaling=fixed,history_qwen_forward|lambda=1|scaling=fixed,history_qwen_forward|lambda=0.1|scaling=fixed,hold,hold,"[0.12356919614821921, 0.7842054209822015, 0.0922253828695794]",0,1.9183858609735107
4,decision_close_2023_4,2023-04-27,history_qwen_forward,48,history_qwen_forward|lambda=0.001|scaling=fixed,history_qwen_forward|lambda=1|scaling=fixed,history_qwen_forward|lambda=0.1|scaling=fixed,hold,hold,"[0.09451453451681263, 0.8269550897737616, 0.07853037570942585]",0,3.3765151752910323
5,decision_close_2023_5,2023-05-25,history_qwen_forward,49,history_qwen_forward|lambda=0.001|scaling=fixed,history_qwen_forward|lambda=1|scaling=fixed,history_qwen_forward|lambda=0.1|scaling=fixed,hike,hold,"[0.09351777432915089, 0.8133414689429428, 0.0931407567279064]",650,9.671958879298705
6,decision_close_2023_6,2023-06-22,history_qwen_forward,50,history_qwen_forward|lambda=0.001|scaling=fixed,history_qwen_forward|lambda=1|scaling=fixed,history_qwen_forward|lambda=0.1|scaling=fixed,hike,hold,"[0.001448197541657426, 0.86062112558948, 0.1379306768688624]",250,111.79478589292715
7,decision_close_2023_7,2023-07-20,history_qwen_forward,51,history_qwen_forward|lambda=0.001|scaling=fixed,history_qwen_forward|lambda=1|scaling=fixed,history_qwen_forward|lambda=0.1|scaling=fixed,hike,hold,"[0.0010712990852179266, 0.7832554884821592, 0.2156732124326229]",750,145.30572306197652
8,decision_close_2023_8,2023-08-24,history_qwen_forward,52,history_qwen_forward|lambda=0.001|scaling=fixed,history_qwen_forward|lambda=1|scaling=fixed,history_qwen_forward|lambda=0.1|scaling=fixed,hike,hike,"[0.00017832049225061382, 0.3958692706122887, 0.6039524088954605]",500,245.56935566178143
9,decision_close_2023_9,2023-09-21,history_qwen_forward,53,history_qwen_forward|lambda=0.01|scaling=fixed,history_qwen_forward|lambda=1|scaling=fixed,history_qwen_forward|lambda=0.1|scaling=fixed,hike,hike,"[0.00041804189972372355, 0.19967133089338282, 0.7999106272068934]",500,323.60416014102
10,decision_close_2023_10,2023-10-26,history_qwen_forward,54,history_qwen_forward|lambda=0.01|scaling=fixed,history_qwen_forward|lambda=1|scaling=fixed,history_qwen_forward|lambda=0.1|scaling=fixed,hike,hike,"[0.0014029910320791103, 0.22715433834590237, 0.7714426706220187]",500,297.4771758279272
11,decision_close_2023_11,2023-11-23,history_qwen_forward,55,history_qwen_forward|lambda=0.01|scaling=fixed,history_qwen_forward|lambda=1|scaling=fixed,history_qwen_forward|lambda=0.1|scaling=fixed,hike,hike,"[0.0026525292777431386, 0.20624652407257663, 0.7911009466496802]",250,296.8414938138067
12,decision_close_2023_12,2023-12-21,history_qwen_forward,56,history_qwen_forward|lambda=0.01|scaling=fixed,history_qwen_forward|lambda=1|scaling=fixed,history_qwen_forward|lambda=0.1|scaling=fixed,hike,hike,"[0.013797222670571357, 0.2391577379342186, 0.74704503939521]",250,227.0656191305921
13,decision_close_2024_1,2024-01-25,history_qwen_forward,57,history_qwen_forward|lambda=0.01|scaling=fixed,history_qwen_forward|lambda=1|scaling=fixed,history_qwen_forward|lambda=0.1|scaling=fixed,hold,hike,"[0.046950640810606896, 0.31626618641456383, 0.6367831727748293]",0,156.6163262655582
14,decision_close_2024_2,2024-02-22,history_qwen_forward,58,history_qwen_forward|lambda=0.001|scaling=fixed,history_qwen_forward|lambda=1|scaling=fixed,history_qwen_forward|lambda=0.1|scaling=fixed,hike,hold,"[0.20904765035078454, 0.465478163236337, 0.32547418641287845]",500,77.43732013734763
15,decision_close_2024_3,2024-03-21,history_qwen_forward,59,history_qwen_forward|lambda=0.001|scaling=fixed,history_qwen_forward|lambda=1|scaling=fixed,history_qwen_forward|lambda=0.1|scaling=fixed,hold,hike,"[0.036274864159344285, 0.3031154249669968, 0.6606097108736589]",0,162.55001858689596
16,decision_close_2024_4,2024-04-25,history_qwen_forward,60,history_qwen_forward|lambda=0.001|scaling=fixed,history_qwen_forward|lambda=1|scaling=fixed,history_qwen_forward|lambda=0.1|scaling=fixed,hold,hike,"[0.08417036545944265, 0.4498026943539767, 0.4660269401865807]",0,146.00234336194484
17,decision_close_2024_5,2024-05-23,history_qwen_forward,61,history_qwen_forward|lambda=0.01|scaling=fixed,history_qwen_forward|lambda=1|scaling=fixed,history_qwen_forward|lambda=0.1|scaling=fixed,hold,hold,"[0.34347010226197683, 0.40504828358602146, 0.2514816141520019]",0,58.98164171620006
18,decision_close_2024_6,2024-06-27,history_qwen_forward,62,history_qwen_forward|lambda=0.01|scaling=fixed,history_qwen_forward|lambda=1|scaling=fixed,history_qwen_forward|lambda=0.1|scaling=fixed,hold,hold,"[0.40071000624635206, 0.49055352016536696, 0.10873647358828091]",0,12.469964063137976
19,decision_close_2024_7,2024-07-23,history_qwen_forward,63,history_qwen_forward|lambda=0.01|scaling=fixed,history_qwen_forward|lambda=1|scaling=fixed,history_qwen_forward|lambda=0.1|scaling=fixed,hold,hold,"[0.3134177683066829, 0.5441775756148695, 0.14240465607844782]",0,24.006738883053547
20,decision_close_2024_8,2024-08-20,history_qwen_forward,64,history_qwen_forward|lambda=0.01|scaling=fixed,history_qwen_forward|lambda=1|scaling=fixed,history_qwen_forward|lambda=0.1|scaling=fixed,hold,hold,"[0.16769256190030563, 0.7251000180516217, 0.10720742004807259]",0,12.241688842617702
21,decision_close_2024_9,2024-09-19,history_qwen_forward,65,history_qwen_forward|lambda=0.01|scaling=fixed,history_qwen_forward|lambda=1|scaling=fixed,history_qwen_forward|lambda=0.1|scaling=fixed,hold,hold,"[0.14485088120281067, 0.7619066453917056, 0.09324247340548364]",0,9.459427197421228
22,decision_close_2024_10,2024-10-17,history_qwen_forward,66,history_qwen_forward|lambda=0.01|scaling=fixed,history_qwen_forward|lambda=1|scaling=fixed,history_qwen_forward|lambda=0.1|scaling=fixed,hold,hold,"[0.13078426038700472, 0.7745529464620782, 0.09466279315091716]",0,12.045527748998259
23,decision_close_2024_11,2024-11-21,history_qwen_forward,67,history_qwen_forward|lambda=0.01|scaling=fixed,history_qwen_forward|lambda=1|scaling=fixed,history_qwen_forward|lambda=0.1|scaling=fixed,cut,hold,"[0.11621606464760283, 0.8141029876884001, 0.069680947663997]",-250,2.8490264739721827
24,decision_close_2024_12,2024-12-26,history_qwen_forward,68,history_qwen_forward|lambda=0.01|scaling=fixed,history_qwen_forward|lambda=1|scaling=fixed,history_qwen_forward|lambda=0.1|scaling=fixed,cut,hold,"[0.41122682578188713, 0.5583325270744723, 0.030440647143640424]",-250,-59.24713637491358
25,decision_close_2025_1,2025-01-23,history_qwen_forward,69,history_qwen_forward|lambda=0.01|scaling=fixed,history_qwen_forward|lambda=1|scaling=fixed,history_qwen_forward|lambda=0.1|scaling=fixed,cut,cut,"[0.6804352397675244, 0.3075890081426199, 0.011975752089855645]",-250,-119.935833938444
26,decision_close_2025_2,2025-03-06,history_qwen_forward,70,history_qwen_forward|lambda=0.01|scaling=fixed,history_qwen_forward|lambda=1|scaling=fixed,history_qwen_forward|lambda=0.1|scaling=fixed,hold,cut,"[0.7553040310006627, 0.2400161405131782, 0.004679828486159318]",0,-159.07455532171747
27,decision_close_2025_3,2025-03-20,history_qwen_forward,71,history_qwen_forward|lambda=0.01|scaling=fixed,history_qwen_forward|lambda=1|scaling=fixed,history_qwen_forward|lambda=0.1|scaling=fixed,hike,cut,"[0.5816942652770655, 0.4056498579269565, 0.012655876795978063]",350,-87.31200843814882
28,decision_close_2025_4,2025-04-17,history_qwen_forward,72,history_qwen_forward|lambda=0.01|scaling=fixed,history_qwen_forward|lambda=1|scaling=fixed,history_qwen_forward|lambda=0.1|scaling=fixed,hold,hold,"[0.046349332255067544, 0.6935551998558078, 0.2600954678891246]",0,73.55821082509132
29,decision_close_2025_5,2025-06-19,history_qwen_forward,73,history_qwen_forward|lambda=0.01|scaling=fixed,history_qwen_forward|lambda=1|scaling=fixed,history_qwen_forward|lambda=0.1|scaling=fixed,cut,hold,"[0.06773984236522843, 0.8760592272830936, 0.05620093035167788]",-300,30.916565180569993
30,decision_close_2025_6,2025-07-24,history_qwen_forward,74,history_qwen_forward|lambda=0.01|scaling=fixed,history_qwen_forward|lambda=1|scaling=fixed,history_qwen_forward|lambda=0.1|scaling=fixed,cut,cut,"[0.5776835903030515, 0.4015722795278312, 0.02074413016911732]",-250,-64.78462292725628
31,decision_close_2025_7,2025-09-11,history_qwen_forward,75,history_qwen_forward|lambda=0.01|scaling=fixed,history_qwen_forward|lambda=1|scaling=fixed,history_qwen_forward|lambda=0.1|scaling=fixed,cut,cut,"[0.6581408305480104, 0.33495714891012235, 0.006902020541867426]",-100,-158.56899960765415
32,decision_close_2025_8,2025-10-23,history_qwen_forward,76,history_qwen_forward|lambda=0.01|scaling=fixed,history_qwen_forward|lambda=1|scaling=fixed,history_qwen_forward|lambda=0.1|scaling=fixed,cut,cut,"[0.5428462700140139, 0.4409087168859797, 0.016245013100006294]",-150,-113.35407804583957
33,decision_close_2025_9,2025-12-11,history_qwen_forward,77,history_qwen_forward|lambda=0.01|scaling=fixed,history_qwen_forward|lambda=1|scaling=fixed,history_qwen_forward|lambda=0.1|scaling=fixed,cut,cut,"[0.569594048051376, 0.41479871417639347, 0.015607237772230364]",-100,-104.94936854994438
34,decision_close_2026_1,2026-01-22,history_qwen_forward,78,history_qwen_forward|lambda=0.01|scaling=fixed,history_qwen_forward|lambda=1|scaling=fixed,history_qwen_forward|lambda=0.1|scaling=fixed,hold,hold,"[0.3498277831820351, 0.5879151669650502, 0.06225704985291459]",0,-61.16229425107451
35,decision_close_2026_2,2026-03-12,history_qwen_forward,79,history_qwen_forward|lambda=0.01|scaling=fixed,history_qwen_forward|lambda=1|scaling=fixed,history_qwen_forward|lambda=0.1|scaling=fixed,hold,hold,"[0.3638859751162306, 0.6037992099993345, 0.032314814884434835]",0,-62.65676418914852
36,decision_close_2026_3,2026-04-22,history_qwen_forward,80,history_qwen_forward|lambda=0.01|scaling=fixed,history_qwen_forward|lambda=1|scaling=fixed,history_qwen_forward|lambda=0.1|scaling=fixed,hold,hold,"[0.25708948853797237, 0.6769055025805975, 0.06600500888143028]",0,-21.3631207290996
37,decision_close_2026_4,2026-06-11,history_qwen_forward,81,history_qwen_forward|lambda=0.01|scaling=fixed,history_qwen_forward|lambda=1|scaling=fixed,history_qwen_forward|lambda=0.1|scaling=fixed,hold,hold,"[0.2562725742577623, 0.6968905169087247, 0.04683690883351306]",0,-32.75200439921706
1,decision_close_2023_1,2023-01-19,history_qwen_scores_only,45,history_qwen_scores_only|lambda=0.001|scaling=fixed,history_qwen_scores_only|lambda=1|scaling=fixed,history_qwen_scores_only|lambda=0.1|scaling=fixed,cut,hold,"[0.1301861925461404, 0.7706385472720703, 0.09917526018178922]",-50,1.917510994003542
2,decision_close_2023_2,2023-02-23,history_qwen_scores_only,46,history_qwen_scores_only|lambda=0.001|scaling=fixed,history_qwen_scores_only|lambda=1|scaling=fixed,history_qwen_scores_only|lambda=0.1|scaling=fixed,hold,hold,"[0.17242432889238526, 0.8073666567587213, 0.020209014348893287]",0,-28.814263539701823
3,decision_close_2023_3,2023-03-23,history_qwen_scores_only,47,history_qwen_scores_only|lambda=0.001|scaling=fixed,history_qwen_scores_only|lambda=1|scaling=fixed,history_qwen_scores_only|lambda=0.1|scaling=fixed,hold,hold,"[0.13471153450701323, 0.7674192551848095, 0.09786921030817733]",0,2.1120093555026394
4,decision_close_2023_4,2023-04-27,history_qwen_scores_only,48,history_qwen_scores_only|lambda=0.001|scaling=fixed,history_qwen_scores_only|lambda=1|scaling=fixed,history_qwen_scores_only|lambda=0.1|scaling=fixed,hold,hold,"[0.1050002775043273, 0.8104039248003501, 0.08459579769532266]",0,2.680113628005759
5,decision_close_2023_5,2023-05-25,history_qwen_scores_only,49,history_qwen_scores_only|lambda=0.001|scaling=fixed,history_qwen_scores_only|lambda=1|scaling=fixed,history_qwen_scores_only|lambda=0.1|scaling=fixed,hike,hold,"[0.10172146756735558, 0.7985527283601623, 0.0997258040724821]",650,9.915175846628111
6,decision_close_2023_6,2023-06-22,history_qwen_scores_only,50,history_qwen_scores_only|lambda=0.001|scaling=fixed,history_qwen_scores_only|lambda=1|scaling=fixed,history_qwen_scores_only|lambda=0.1|scaling=fixed,hike,hold,"[0.0009861657784618174, 0.8875720976171231, 0.11144173660441489]",250,112.43730136028738
7,decision_close_2023_7,2023-07-20,history_qwen_scores_only,51,history_qwen_scores_only|lambda=0.001|scaling=fixed,history_qwen_scores_only|lambda=1|scaling=fixed,history_qwen_scores_only|lambda=0.1|scaling=fixed,hike,hold,"[0.00033087469105191506, 0.7082553256707851, 0.291413799638163]",750,176.57542682777384
8,decision_close_2023_8,2023-08-24,history_qwen_scores_only,52,history_qwen_scores_only|lambda=0.001|scaling=fixed,history_qwen_scores_only|lambda=1|scaling=fixed,history_qwen_scores_only|lambda=0.1|scaling=fixed,hike,hike,"[0.0001111714842246727, 0.4492334609235284, 0.5506553675922466]",500,241.12014948704487
9,decision_close_2023_9,2023-09-21,history_qwen_scores_only,53,history_qwen_scores_only|lambda=0.001|scaling=fixed,history_qwen_scores_only|lambda=1|scaling=fixed,history_qwen_scores_only|lambda=0.1|scaling=fixed,hike,hike,"[0.0002367557251722026, 0.24334238260107444, 0.7564208616737536]",500,317.9532772270465
10,decision_close_2023_10,2023-10-26,history_qwen_scores_only,54,history_qwen_scores_only|lambda=0.001|scaling=fixed,history_qwen_scores_only|lambda=1|scaling=fixed,history_qwen_scores_only|lambda=0.1|scaling=fixed,hike,hike,"[0.0007511898771300448, 0.24709898845783915, 0.7521498216650309]",500,292.62062824645454
11,decision_close_2023_11,2023-11-23,history_qwen_scores_only,55,history_qwen_scores_only|lambda=0.001|scaling=fixed,history_qwen_scores_only|lambda=1|scaling=fixed,history_qwen_scores_only|lambda=0.1|scaling=fixed,hike,hike,"[0.002760164673675122, 0.259072685217343, 0.7381671501089818]",250,280.9838447207625
12,decision_close_2023_12,2023-12-21,history_qwen_scores_only,56,history_qwen_scores_only|lambda=0.001|scaling=fixed,history_qwen_scores_only|lambda=1|scaling=fixed,history_qwen_scores_only|lambda=0.1|scaling=fixed,hike,hike,"[0.010872621921484122, 0.19341173111145843, 0.7957156469670574]",250,236.60835843290954
13,decision_close_2024_1,2024-01-25,history_qwen_scores_only,57,history_qwen_scores_only|lambda=0.001|scaling=fixed,history_qwen_scores_only|lambda=1|scaling=fixed,history_qwen_scores_only|lambda=0.1|scaling=fixed,hold,hike,"[0.0429015526830934, 0.26709251103303, 0.6900059362838766]",0,164.37746121395256
14,decision_close_2024_2,2024-02-22,history_qwen_scores_only,58,history_qwen_scores_only|lambda=0.001|scaling=fixed,history_qwen_scores_only|lambda=1|scaling=fixed,history_qwen_scores_only|lambda=0.1|scaling=fixed,hike,hold,"[0.21490290143362503, 0.43122551533405706, 0.3538715832323179]",500,85.97324121150498
15,decision_close_2024_3,2024-03-21,history_qwen_scores_only,59,history_qwen_scores_only|lambda=0.001|scaling=fixed,history_qwen_scores_only|lambda=1|scaling=fixed,history_qwen_scores_only|lambda=0.1|scaling=fixed,hold,hike,"[0.04003160885651309, 0.3301769812136721, 0.629791409929815]",0,146.81391058916225
16,decision_close_2024_4,2024-04-25,history_qwen_scores_only,60,history_qwen_scores_only|lambda=0.001|scaling=fixed,history_qwen_scores_only|lambda=1|scaling=fixed,history_qwen_scores_only|lambda=0.1|scaling=fixed,hold,hold,"[0.14224547587566408, 0.5145569462449038, 0.3431975778794321]",0,103.03006628333509
17,decision_close_2024_5,2024-05-23,history_qwen_scores_only,61,history_qwen_scores_only|lambda=0.001|scaling=fixed,history_qwen_scores_only|lambda=1|scaling=fixed,history_qwen_scores_only|lambda=0.1|scaling=fixed,hold,hold,"[0.24079762361209014, 0.48491370835751807, 0.27428866803039176]",0,62.18834006965269
18,decision_close_2024_6,2024-06-27,history_qwen_scores_only,62,history_qwen_scores_only|lambda=0.001|scaling=fixed,history_qwen_scores_only|lambda=1|scaling=fixed,history_qwen_scores_only|lambda=0.1|scaling=fixed,hold,hold,"[0.32894048499304235, 0.552074366841246, 0.11898514816571157]",0,14.352905926309143
19,decision_close_2024_7,2024-07-23,history_qwen_scores_only,63,history_qwen_scores_only|lambda=0.001|scaling=fixed,history_qwen_scores_only|lambda=1|scaling=fixed,history_qwen_scores_only|lambda=0.1|scaling=fixed,hold,hold,"[0.25668086198479373, 0.5914876570431272, 0.15183148097207888]",0,27.357192513741047
20,decision_close_2024_8,2024-08-20,history_qwen_scores_only,64,history_qwen_scores_only|lambda=0.001|scaling=fixed,history_qwen_scores_only|lambda=1|scaling=fixed,history_qwen_scores_only|lambda=0.1|scaling=fixed,hold,hold,"[0.27567395233450076, 0.6573615799339297, 0.06696446773156964]",0,-27.687802586078142
21,decision_close_2024_9,2024-09-19,history_qwen_scores_only,65,history_qwen_scores_only|lambda=0.001|scaling=fixed,history_qwen_scores_only|lambda=1|scaling=fixed,history_qwen_scores_only|lambda=0.1|scaling=fixed,hold,hold,"[0.18193987336342687, 0.701311924732837, 0.1167482019037362]",0,21.06338259520048
22,decision_close_2024_10,2024-10-17,history_qwen_scores_only,66,history_qwen_scores_only|lambda=0.001|scaling=fixed,history_qwen_scores_only|lambda=1|scaling=fixed,history_qwen_scores_only|lambda=0.1|scaling=fixed,hold,hold,"[0.16082802686512587, 0.7228372781831136, 0.11633469495176055]",0,23.13867927694442
23,decision_close_2024_11,2024-11-21,history_qwen_scores_only,67,history_qwen_scores_only|lambda=0.001|scaling=fixed,history_qwen_scores_only|lambda=1|scaling=fixed,history_qwen_scores_only|lambda=0.1|scaling=fixed,cut,hold,"[0.14787231203412388, 0.7664878683077425, 0.0856398196581337]",-250,11.721561783757803
24,decision_close_2024_12,2024-12-26,history_qwen_scores_only,68,history_qwen_scores_only|lambda=0.001|scaling=fixed,history_qwen_scores_only|lambda=1|scaling=fixed,history_qwen_scores_only|lambda=0.1|scaling=fixed,cut,hold,"[0.4721653301081309, 0.49483315417993584, 0.03300151571193336]",-250,-51.29770329235186
25,decision_close_2025_1,2025-01-23,history_qwen_scores_only,69,history_qwen_scores_only|lambda=0.001|scaling=fixed,history_qwen_scores_only|lambda=1|scaling=fixed,history_qwen_scores_only|lambda=0.1|scaling=fixed,cut,cut,"[0.7232219291646433, 0.26459618833178067, 0.012181882503575827]",-250,-111.0825563490678
26,decision_close_2025_2,2025-03-06,history_qwen_scores_only,70,history_qwen_scores_only|lambda=0.001|scaling=fixed,history_qwen_scores_only|lambda=1|scaling=fixed,history_qwen_scores_only|lambda=0.1|scaling=fixed,hold,cut,"[0.7986722958437609, 0.19677240591180276, 0.004555298244436388]",0,-153.91965357083407
27,decision_close_2025_3,2025-03-20,history_qwen_scores_only,71,history_qwen_scores_only|lambda=0.001|scaling=fixed,history_qwen_scores_only|lambda=1|scaling=fixed,history_qwen_scores_only|lambda=0.1|scaling=fixed,hike,hold,"[0.43812594845303626, 0.5421969090179415, 0.019677142529022355]",350,-51.6720024642778
28,decision_close_2025_4,2025-04-17,history_qwen_scores_only,72,history_qwen_scores_only|lambda=0.001|scaling=fixed,history_qwen_scores_only|lambda=1|scaling=fixed,history_qwen_scores_only|lambda=0.1|scaling=fixed,hold,hold,"[0.06869253703520377, 0.7643755922515346, 0.16693187071326165]",0,31.99144361655002
29,decision_close_2025_5,2025-06-19,history_qwen_scores_only,73,history_qwen_scores_only|lambda=0.001|scaling=fixed,history_qwen_scores_only|lambda=1|scaling=fixed,history_qwen_scores_only|lambda=0.1|scaling=fixed,cut,hold,"[0.08773423087748922, 0.8817819825638401, 0.030483786558670845]",-300,-16.314402945645305
30,decision_close_2025_6,2025-07-24,history_qwen_scores_only,74,history_qwen_scores_only|lambda=0.001|scaling=fixed,history_qwen_scores_only|lambda=1|scaling=fixed,history_qwen_scores_only|lambda=0.1|scaling=fixed,cut,hold,"[0.4544675936759028, 0.4860209230540337, 0.059511483270063496]",-250,1.1356741862643487
31,decision_close_2025_7,2025-09-11,history_qwen_scores_only,75,history_qwen_scores_only|lambda=0.001|scaling=fixed,history_qwen_scores_only|lambda=1|scaling=fixed,history_qwen_scores_only|lambda=0.1|scaling=fixed,cut,cut,"[0.7255401785698836, 0.2678841384876013, 0.006575682942514995]",-100,-156.5434486491161
32,decision_close_2025_8,2025-10-23,history_qwen_scores_only,76,history_qwen_scores_only|lambda=0.001|scaling=fixed,history_qwen_scores_only|lambda=1|scaling=fixed,history_qwen_scores_only|lambda=0.1|scaling=fixed,cut,cut,"[0.5034192085564717, 0.48420786356415624, 0.012372927879371961]",-150,-124.17721398432002
33,decision_close_2025_9,2025-12-11,history_qwen_scores_only,77,history_qwen_scores_only|lambda=0.001|scaling=fixed,history_qwen_scores_only|lambda=1|scaling=fixed,history_qwen_scores_only|lambda=0.1|scaling=fixed,cut,cut,"[0.6162027649642965, 0.36773473167943255, 0.016062503356271032]",-100,-102.05712668073494
34,decision_close_2026_1,2026-01-22,history_qwen_scores_only,78,history_qwen_scores_only|lambda=0.001|scaling=fixed,history_qwen_scores_only|lambda=1|scaling=fixed,history_qwen_scores_only|lambda=0.1|scaling=fixed,hold,hold,"[0.4194083368422551, 0.516253525708499, 0.06433813744924603]",0,-59.17233532596868
35,decision_close_2026_2,2026-03-12,history_qwen_scores_only,79,history_qwen_scores_only|lambda=0.001|scaling=fixed,history_qwen_scores_only|lambda=1|scaling=fixed,history_qwen_scores_only|lambda=0.1|scaling=fixed,hold,hold,"[0.4020157401297204, 0.5625493853090298, 0.03543487456124986]",0,-59.39714226655247
36,decision_close_2026_3,2026-04-22,history_qwen_scores_only,80,history_qwen_scores_only|lambda=0.001|scaling=fixed,history_qwen_scores_only|lambda=1|scaling=fixed,history_qwen_scores_only|lambda=0.1|scaling=fixed,hold,hold,"[0.2780036426638789, 0.6487934847021449, 0.0732028726339762]",0,-17.17086654390815
37,decision_close_2026_4,2026-06-11,history_qwen_scores_only,81,history_qwen_scores_only|lambda=0.001|scaling=fixed,history_qwen_scores_only|lambda=1|scaling=fixed,history_qwen_scores_only|lambda=0.1|scaling=fixed,hold,hold,"[0.3441871044969168, 0.6310522995246566, 0.02476059597842657]",0,-72.9853854304893
1,decision_close_2023_1,2023-01-19,history_qwen_missing_only,45,history_qwen_missing_only|lambda=0.001|scaling=fixed,history_qwen_missing_only|lambda=1|scaling=fixed,history_qwen_missing_only|lambda=0.1|scaling=fixed,cut,hold,"[0.14935526124933501, 0.7394200032885918, 0.11122473546207302]",-50,8.800343777582734
2,decision_close_2023_2,2023-02-23,history_qwen_missing_only,46,history_qwen_missing_only|lambda=0.001|scaling=fixed,history_qwen_missing_only|lambda=1|scaling=fixed,history_qwen_missing_only|lambda=0.1|scaling=fixed,hold,hold,"[0.14003864667810437, 0.7892807497203581, 0.07068060360153747]",0,-8.433647630334232
3,decision_close_2023_3,2023-03-23,history_qwen_missing_only,47,history_qwen_missing_only|lambda=0.001|scaling=fixed,history_qwen_missing_only|lambda=1|scaling=fixed,history_qwen_missing_only|lambda=0.1|scaling=fixed,hold,hold,"[0.13711746377398967, 0.7772021312991493, 0.08568040492686102]",0,-3.5947707106084525
4,decision_close_2023_4,2023-04-27,history_qwen_missing_only,48,history_qwen_missing_only|lambda=0.001|scaling=fixed,history_qwen_missing_only|lambda=1|scaling=fixed,history_qwen_missing_only|lambda=0.1|scaling=fixed,hold,hold,"[0.10407174982128227, 0.8245396591109155, 0.07138859106780213]",0,-1.979087454293825
5,decision_close_2023_5,2023-05-25,history_qwen_missing_only,49,history_qwen_missing_only|lambda=0.001|scaling=fixed,history_qwen_missing_only|lambda=1|scaling=fixed,history_qwen_missing_only|lambda=0.1|scaling=fixed,hike,hold,"[0.10404456419631557, 0.8085234100981851, 0.08743202570549942]",650,4.637489168514517
6,decision_close_2023_6,2023-06-22,history_qwen_missing_only,50,history_qwen_missing_only|lambda=0.001|scaling=fixed,history_qwen_missing_only|lambda=1|scaling=fixed,history_qwen_missing_only|lambda=0.1|scaling=fixed,hike,hold,"[0.0013204880379348778, 0.7801999138455983, 0.2184795981164666]",250,121.80771747814325
7,decision_close_2023_7,2023-07-20,history_qwen_missing_only,51,history_qwen_missing_only|lambda=0.001|scaling=fixed,history_qwen_missing_only|lambda=1|scaling=fixed,history_qwen_missing_only|lambda=0.1|scaling=fixed,hike,hold,"[0.0010419123311811822, 0.7586614782556053, 0.24029660941321362]",750,147.80369817690718
8,decision_close_2023_8,2023-08-24,history_qwen_missing_only,52,history_qwen_missing_only|lambda=0.001|scaling=fixed,history_qwen_missing_only|lambda=1|scaling=fixed,history_qwen_missing_only|lambda=0.01|scaling=fixed,hike,hike,"[2.285472193652407e-09, 0.08680271527817432, 0.9131972824363538]",500,256.8808970925126
9,decision_close_2023_9,2023-09-21,history_qwen_missing_only,53,history_qwen_missing_only|lambda=0.001|scaling=fixed,history_qwen_missing_only|lambda=1|scaling=fixed,history_qwen_missing_only|lambda=0.01|scaling=fixed,hike,hike,"[2.49545571564082e-07, 0.064734224116814, 0.9352655263376143]",500,332.6657558588732
10,decision_close_2023_10,2023-10-26,history_qwen_missing_only,54,history_qwen_missing_only|lambda=0.001|scaling=fixed,history_qwen_missing_only|lambda=1|scaling=fixed,history_qwen_missing_only|lambda=0.01|scaling=fixed,hike,hike,"[7.444558080260083e-07, 0.12056890603455013, 0.8794303495096417]",500,304.754608180141
11,decision_close_2023_11,2023-11-23,history_qwen_missing_only,55,history_qwen_missing_only|lambda=0.001|scaling=fixed,history_qwen_missing_only|lambda=1|scaling=fixed,history_qwen_missing_only|lambda=0.01|scaling=fixed,hike,hike,"[5.601491123201755e-06, 0.10243416240861404, 0.8975602361002627]",250,295.37569526319174
12,decision_close_2023_12,2023-12-21,history_qwen_missing_only,56,history_qwen_missing_only|lambda=0.001|scaling=fixed,history_qwen_missing_only|lambda=1|scaling=fixed,history_qwen_missing_only|lambda=0.01|scaling=fixed,hike,hike,"[0.0007424667972895051, 0.21234735720573736, 0.7869101759969731]",250,224.15717622028754
13,decision_close_2024_1,2024-01-25,history_qwen_missing_only,57,history_qwen_missing_only|lambda=0.001|scaling=fixed,history_qwen_missing_only|lambda=1|scaling=fixed,history_qwen_missing_only|lambda=0.01|scaling=fixed,hold,hike,"[0.007918490720878415, 0.3994782161060503, 0.592603293173071]",0,153.32132173718108
14,decision_close_2024_2,2024-02-22,history_qwen_missing_only,58,history_qwen_missing_only|lambda=0.001|scaling=fixed,history_qwen_missing_only|lambda=1|scaling=fixed,history_qwen_missing_only|lambda=0.01|scaling=fixed,hike,cut,"[0.5436688028127402, 0.38085551030022113, 0.07547568688703862]",500,72.57580744482925
15,decision_close_2024_3,2024-03-21,history_qwen_missing_only,59,history_qwen_missing_only|lambda=0.001|scaling=fixed,history_qwen_missing_only|lambda=1|scaling=fixed,history_qwen_missing_only|lambda=0.01|scaling=fixed,hold,hike,"[0.001412435326042773, 0.2620581619775824, 0.736529402696375]",0,161.027405110682
16,decision_close_2024_4,2024-04-25,history_qwen_missing_only,60,history_qwen_missing_only|lambda=0.001|scaling=fixed,history_qwen_missing_only|lambda=1|scaling=fixed,history_qwen_missing_only|lambda=0.1|scaling=fixed,hold,hold,"[0.08556240973415262, 0.4710318409021694, 0.44340574936367805]",0,142.39793731438385
17,decision_close_2024_5,2024-05-23,history_qwen_missing_only,61,history_qwen_missing_only|lambda=0.001|scaling=fixed,history_qwen_missing_only|lambda=1|scaling=fixed,history_qwen_missing_only|lambda=0.01|scaling=fixed,hold,cut,"[0.5705752191050965, 0.3620298697043289, 0.06739491119057461]",0,62.68852646689109
18,decision_close_2024_6,2024-06-27,history_qwen_missing_only,62,history_qwen_missing_only|lambda=0.001|scaling=fixed,history_qwen_missing_only|lambda=1|scaling=fixed,history_qwen_missing_only|lambda=0.1|scaling=fixed,hold,hold,"[0.4083895724674384, 0.48870372422621783, 0.10290670330634359]",0,14.791065070730156
19,decision_close_2024_7,2024-07-23,history_qwen_missing_only,63,history_qwen_missing_only|lambda=0.001|scaling=fixed,history_qwen_missing_only|lambda=1|scaling=fixed,history_qwen_missing_only|lambda=0.1|scaling=fixed,hold,hold,"[0.3215706271186856, 0.5412644411221104, 0.13716493175920405]",0,26.164084962583722
20,decision_close_2024_8,2024-08-20,history_qwen_missing_only,64,history_qwen_missing_only|lambda=0.001|scaling=fixed,history_qwen_missing_only|lambda=1|scaling=fixed,history_qwen_missing_only|lambda=0.1|scaling=fixed,hold,hold,"[0.17700219400435396, 0.7208493466156629, 0.10214845937998297]",0,7.00582183639808
21,decision_close_2024_9,2024-09-19,history_qwen_missing_only,65,history_qwen_missing_only|lambda=0.001|scaling=fixed,history_qwen_missing_only|lambda=1|scaling=fixed,history_qwen_missing_only|lambda=0.1|scaling=fixed,hold,hold,"[0.1522178118133946, 0.7591236761361064, 0.08865851205049884]",0,4.500000922140545
22,decision_close_2024_10,2024-10-17,history_qwen_missing_only,66,history_qwen_missing_only|lambda=0.001|scaling=fixed,history_qwen_missing_only|lambda=1|scaling=fixed,history_qwen_missing_only|lambda=0.1|scaling=fixed,hold,hold,"[0.13751299834832564, 0.7719046965668643, 0.09058230508481002]",0,7.375226425011025
23,decision_close_2024_11,2024-11-21,history_qwen_missing_only,67,history_qwen_missing_only|lambda=0.001|scaling=fixed,history_qwen_missing_only|lambda=1|scaling=fixed,history_qwen_missing_only|lambda=0.1|scaling=fixed,cut,hold,"[0.12140712442889462, 0.8129317227244474, 0.06566115284665808]",-250,-1.738762327501836
24,decision_close_2024_12,2024-12-26,history_qwen_missing_only,68,history_qwen_missing_only|lambda=0.001|scaling=fixed,history_qwen_missing_only|lambda=1|scaling=fixed,history_qwen_missing_only|lambda=0.1|scaling=fixed,cut,hold,"[0.43284329367972263, 0.5409025743396442, 0.026254131980633377]",-250,-65.22480187854019
25,decision_close_2025_1,2025-01-23,history_qwen_missing_only,69,history_qwen_missing_only|lambda=0.001|scaling=fixed,history_qwen_missing_only|lambda=1|scaling=fixed,history_qwen_missing_only|lambda=0.01|scaling=fixed,cut,cut,"[0.9813828982602286, 0.018513618685262183, 0.00010348305450885245]",-250,-126.28816748690699
26,decision_close_2025_2,2025-03-06,history_qwen_missing_only,70,history_qwen_missing_only|lambda=0.001|scaling=fixed,history_qwen_missing_only|lambda=1|scaling=fixed,history_qwen_missing_only|lambda=0.01|scaling=fixed,hold,cut,"[0.9901256792885823, 0.009863459321110766, 1.0861390307013705e-05]",0,-165.5470156537099
27,decision_close_2025_3,2025-03-20,history_qwen_missing_only,71,history_qwen_missing_only|lambda=0.001|scaling=fixed,history_qwen_missing_only|lambda=1|scaling=fixed,history_qwen_missing_only|lambda=0.1|scaling=fixed,hike,hold,"[0.45276837695030475, 0.5002163584808272, 0.04701526456886817]",350,-66.03733470272547
28,decision_close_2025_4,2025-04-17,history_qwen_missing_only,72,history_qwen_missing_only|lambda=0.001|scaling=fixed,history_qwen_missing_only|lambda=1|scaling=fixed,history_qwen_missing_only|lambda=0.1|scaling=fixed,hold,hold,"[0.047592908356229265, 0.6929012004170083, 0.2595058912267624]",0,71.0173831720788
29,decision_close_2025_5,2025-06-19,history_qwen_missing_only,73,history_qwen_missing_only|lambda=0.001|scaling=fixed,history_qwen_missing_only|lambda=1|scaling=fixed,history_qwen_missing_only|lambda=0.1|scaling=fixed,cut,hold,"[0.0639763743664898, 0.8837696417190705, 0.05225398391443975]",-300,28.701486569689383
30,decision_close_2025_6,2025-07-24,history_qwen_missing_only,74,history_qwen_missing_only|lambda=0.001|scaling=fixed,history_qwen_missing_only|lambda=1|scaling=fixed,history_qwen_missing_only|lambda=0.1|scaling=fixed,cut,hold,"[0.46175846881315674, 0.4947643141226692, 0.04347721706417396]",-250,-54.9254583119755
31,decision_close_2025_7,2025-09-11,history_qwen_missing_only,75,history_qwen_missing_only|lambda=0.001|scaling=fixed,history_qwen_missing_only|lambda=1|scaling=fixed,history_qwen_missing_only|lambda=0.1|scaling=fixed,cut,cut,"[0.6923744494024902, 0.3019645483285312, 0.005661002268978484]",-100,-163.97857944687098
32,decision_close_2025_8,2025-10-23,history_qwen_missing_only,76,history_qwen_missing_only|lambda=0.001|scaling=fixed,history_qwen_missing_only|lambda=1|scaling=fixed,history_qwen_missing_only|lambda=0.1|scaling=fixed,cut,cut,"[0.572721006381049, 0.41327646233668264, 0.01400253128226844]",-150,-118.29612293332067
33,decision_close_2025_9,2025-12-11,history_qwen_missing_only,77,history_qwen_missing_only|lambda=0.001|scaling=fixed,history_qwen_missing_only|lambda=1|scaling=fixed,history_qwen_missing_only|lambda=0.01|scaling=fixed,cut,cut,"[0.8443815227880316, 0.15509562025336124, 0.0005228569586072098]",-100,-109.40595807146687
34,decision_close_2026_1,2026-01-22,history_qwen_missing_only,78,history_qwen_missing_only|lambda=0.001|scaling=fixed,history_qwen_missing_only|lambda=1|scaling=fixed,history_qwen_missing_only|lambda=0.01|scaling=fixed,hold,cut,"[0.6467338639937977, 0.35002115170789005, 0.0032449842983123508]",0,-83.54862570787776
35,decision_close_2026_2,2026-03-12,history_qwen_missing_only,79,history_qwen_missing_only|lambda=0.001|scaling=fixed,history_qwen_missing_only|lambda=1|scaling=fixed,history_qwen_missing_only|lambda=0.01|scaling=fixed,hold,hold,"[0.31277663412399154, 0.6827918479230528, 0.004431517952955747]",0,-66.06463044438419
36,decision_close_2026_3,2026-04-22,history_qwen_missing_only,80,history_qwen_missing_only|lambda=0.001|scaling=fixed,history_qwen_missing_only|lambda=1|scaling=fixed,history_qwen_missing_only|lambda=0.01|scaling=fixed,hold,hold,"[0.22001275333329187, 0.7611735643170049, 0.018813682349703226]",0,-24.770673466639494
37,decision_close_2026_4,2026-06-11,history_qwen_missing_only,81,history_qwen_missing_only|lambda=0.001|scaling=fixed,history_qwen_missing_only|lambda=1|scaling=fixed,history_qwen_missing_only|lambda=0.01|scaling=fixed,hold,hold,"[0.19585964798108668, 0.796375419023241, 0.007764932995672294]",0,-35.75760420696055
1,decision_close_2023_1,2023-01-19,proxy_market,45,proxy_market|lambda=0.01|scaling=fixed,proxy_market|lambda=10|scaling=fixed,proxy_market|lambda=0.1|scaling=fixed,cut,hold,"[0.20472248439566465, 0.7627331515733516, 0.03254436403098376]",-50,-23.32976583575669
2,decision_close_2023_2,2023-02-23,proxy_market,46,proxy_market|lambda=0.01|scaling=fixed,proxy_market|lambda=10|scaling=fixed,proxy_market|lambda=0.1|scaling=fixed,hold,hold,"[0.3035129648093793, 0.643479439373075, 0.05300759581754585]",0,-21.211421559704867
3,decision_close_2023_3,2023-03-23,proxy_market,47,proxy_market|lambda=0.01|scaling=fixed,proxy_market|lambda=10|scaling=fixed,proxy_market|lambda=0.1|scaling=fixed,hold,hold,"[0.21886862647974162, 0.7272243222264276, 0.05390705129383088]",0,-19.41623364026292
4,decision_close_2023_4,2023-04-27,proxy_market,48,proxy_market|lambda=0.01|scaling=fixed,proxy_market|lambda=10|scaling=fixed,proxy_market|lambda=0.1|scaling=fixed,hold,hold,"[0.16714400633232207, 0.7929609380041669, 0.03989505566351109]",0,-18.430115401642283
5,decision_close_2023_5,2023-05-25,proxy_market,49,proxy_market|lambda=0.01|scaling=fixed,proxy_market|lambda=10|scaling=fixed,proxy_market|lambda=0.1|scaling=fixed,hike,hold,"[0.20386107249739724, 0.7428810438464442, 0.053257883656158606]",650,-16.780509174301667
6,decision_close_2023_6,2023-06-22,proxy_market,50,proxy_market|lambda=0.01|scaling=fixed,proxy_market|lambda=10|scaling=fixed,proxy_market|lambda=0.1|scaling=fixed,hike,hold,"[0.002202588885977581, 0.7769409720561663, 0.22085643905785604]",250,29.132279120087663
7,decision_close_2023_7,2023-07-20,proxy_market,51,proxy_market|lambda=0.01|scaling=fixed,proxy_market|lambda=10|scaling=fixed,proxy_market|lambda=0.1|scaling=fixed,hike,hold,"[0.001442455446928719, 0.6001789368010833, 0.39837860775198797]",750,45.112335241416915
8,decision_close_2023_8,2023-08-24,proxy_market,52,proxy_market|lambda=0.01|scaling=fixed,proxy_market|lambda=1|scaling=fixed,proxy_market|lambda=0.1|scaling=fixed,hike,hike,"[9.497226204317938e-05, 0.2598288914004107, 0.7400761363375462]",500,329.10095986418156
9,decision_close_2023_9,2023-09-21,proxy_market,53,proxy_market|lambda=0.01|scaling=fixed,proxy_market|lambda=1|scaling=fixed,proxy_market|lambda=0.1|scaling=fixed,hike,hike,"[0.00018406561616807454, 0.22519376108852254, 0.7746221732953094]",500,392.22320531167935
10,decision_close_2023_10,2023-10-26,proxy_market,54,proxy_market|lambda=0.1|scaling=fixed,proxy_market|lambda=1|scaling=fixed,proxy_market|lambda=0.1|scaling=fixed,hike,hike,"[0.0006406380826859916, 0.19959322139330474, 0.7997661405240093]",500,358.53918130718364
11,decision_close_2023_11,2023-11-23,proxy_market,55,proxy_market|lambda=0.1|scaling=fixed,proxy_market|lambda=1|scaling=fixed,proxy_market|lambda=0.1|scaling=fixed,hike,hike,"[0.0014450661842957482, 0.11035223253591192, 0.8882027012797925]",250,367.1507504827126
12,decision_close_2023_12,2023-12-21,proxy_market,56,proxy_market|lambda=0.1|scaling=fixed,proxy_market|lambda=1|scaling=fixed,proxy_market|lambda=0.1|scaling=fixed,hike,hike,"[0.007041397648458225, 0.13202980928736577, 0.860928793064176]",250,296.0278135159881
13,decision_close_2024_1,2024-01-25,proxy_market,57,proxy_market|lambda=0.1|scaling=fixed,proxy_market|lambda=1|scaling=fixed,proxy_market|lambda=0.1|scaling=fixed,hold,hike,"[0.028302865010009937, 0.15351414174952843, 0.8181829932404616]",0,224.3533930951802
14,decision_close_2024_2,2024-02-22,proxy_market,58,proxy_market|lambda=0.1|scaling=fixed,proxy_market|lambda=1|scaling=fixed,proxy_market|lambda=0.1|scaling=fixed,hike,hike,"[0.09623936285077031, 0.4426691181784949, 0.46109151897073497]",500,148.70014059836217
15,decision_close_2024_3,2024-03-21,proxy_market,59,proxy_market|lambda=0.1|scaling=fixed,proxy_market|lambda=1|scaling=fixed,proxy_market|lambda=0.1|scaling=fixed,hold,hike,"[0.017686392264797523, 0.19315184438258629, 0.7891617633526161]",0,232.2330275343439
16,decision_close_2024_4,2024-04-25,proxy_market,60,proxy_market|lambda=0.1|scaling=fixed,proxy_market|lambda=1|scaling=fixed,proxy_market|lambda=0.1|scaling=fixed,hold,hike,"[0.05335502441236426, 0.3747533595539284, 0.5718916160337072]",0,205.04564836889986
17,decision_close_2024_5,2024-05-23,proxy_market,61,proxy_market|lambda=0.1|scaling=fixed,proxy_market|lambda=1|scaling=fixed,proxy_market|lambda=0.1|scaling=fixed,hold,hold,"[0.14175671436088336, 0.5758236955474021, 0.28241959009171447]",0,103.73979984238812
18,decision_close_2024_6,2024-06-27,proxy_market,62,proxy_market|lambda=0.1|scaling=fixed,proxy_market|lambda=1|scaling=fixed,proxy_market|lambda=0.1|scaling=fixed,hold,hold,"[0.19123884499936997, 0.6853192180834502, 0.12344193691717989]",0,53.632935651775284
19,decision_close_2024_7,2024-07-23,proxy_market,63,proxy_market|lambda=0.1|scaling=fixed,proxy_market|lambda=1|scaling=fixed,proxy_market|lambda=0.1|scaling=fixed,hold,hold,"[0.14211060210404883, 0.7089431662766895, 0.1489462316192618]",0,54.88412601466148
20,decision_close_2024_8,2024-08-20,proxy_market,64,proxy_market|lambda=0.1|scaling=fixed,proxy_market|lambda=1|scaling=fixed,proxy_market|lambda=0.1|scaling=fixed,hold,hold,"[0.10485057521617679, 0.7720607801591364, 0.12308864462468681]",0,49.76546866418327
21,decision_close_2024_9,2024-09-19,proxy_market,65,proxy_market|lambda=0.1|scaling=fixed,proxy_market|lambda=1|scaling=fixed,proxy_market|lambda=0.1|scaling=fixed,hold,hold,"[0.0914020396097801, 0.8041738457740075, 0.10442411461621244]",0,42.63213369416062
22,decision_close_2024_10,2024-10-17,proxy_market,66,proxy_market|lambda=0.1|scaling=fixed,proxy_market|lambda=1|scaling=fixed,proxy_market|lambda=0.1|scaling=fixed,hold,hold,"[0.08274915585178343, 0.8168827346547077, 0.10036810949350888]",0,39.606376525434584
23,decision_close_2024_11,2024-11-21,proxy_market,67,proxy_market|lambda=0.1|scaling=fixed,proxy_market|lambda=1|scaling=fixed,proxy_market|lambda=0.1|scaling=fixed,cut,hold,"[0.07258359225506095, 0.8541253759550794, 0.07329103178985959]",-250,30.077299490536873
24,decision_close_2024_12,2024-12-26,proxy_market,68,proxy_market|lambda=0.1|scaling=fixed,proxy_market|lambda=1|scaling=fixed,proxy_market|lambda=0.1|scaling=fixed,cut,hold,"[0.3966055300616667, 0.5724903798881927, 0.030904090050140446]",-250,-41.20387623472278
25,decision_close_2025_1,2025-01-23,proxy_market,69,proxy_market|lambda=0.1|scaling=fixed,proxy_market|lambda=1|scaling=fixed,proxy_market|lambda=0.1|scaling=fixed,cut,cut,"[0.6993743674672916, 0.28891148464969857, 0.011714147883010034]",-250,-108.86373684012136
26,decision_close_2025_2,2025-03-06,proxy_market,70,proxy_market|lambda=0.1|scaling=fixed,proxy_market|lambda=1|scaling=fixed,proxy_market|lambda=0.1|scaling=fixed,hold,cut,"[0.7217246614920957, 0.27199137675902807, 0.006283961748876468]",0,-133.9306399564339
27,decision_close_2025_3,2025-03-20,proxy_market,71,proxy_market|lambda=0.1|scaling=fixed,proxy_market|lambda=1|scaling=fixed,proxy_market|lambda=0.1|scaling=fixed,hike,hold,"[0.30136422831671106, 0.6370118489955209, 0.06162392268776796]",350,-36.921558173356765
28,decision_close_2025_4,2025-04-17,proxy_market,72,proxy_market|lambda=0.1|scaling=fixed,proxy_market|lambda=1|scaling=fixed,proxy_market|lambda=0.1|scaling=fixed,hold,hold,"[0.04734212191049867, 0.6124049127492509, 0.3402529653402505]",0,94.1480551222368
29,decision_close_2025_5,2025-06-19,proxy_market,73,proxy_market|lambda=0.1|scaling=fixed,proxy_market|lambda=1|scaling=fixed,proxy_market|lambda=0.1|scaling=fixed,cut,hold,"[0.08003584286291511, 0.8348273872281993, 0.08513676990888566]",-300,56.23421122767005
30,decision_close_2025_6,2025-07-24,proxy_market,74,proxy_market|lambda=0.1|scaling=fixed,proxy_market|lambda=1|scaling=fixed,proxy_market|lambda=0.1|scaling=fixed,cut,cut,"[0.5242599231666979, 0.41802435769175345, 0.057715719141548855]",-250,-45.306540559969946
31,decision_close_2025_7,2025-09-11,proxy_market,75,proxy_market|lambda=0.1|scaling=fixed,proxy_market|lambda=1|scaling=fixed,proxy_market|lambda=0.1|scaling=fixed,cut,cut,"[0.7860902760367887, 0.20677082370558422, 0.007138900257627237]",-100,-153.7209661469686
32,decision_close_2025_8,2025-10-23,proxy_market,76,proxy_market|lambda=0.1|scaling=fixed,proxy_market|lambda=1|scaling=fixed,proxy_market|lambda=0.1|scaling=fixed,cut,cut,"[0.6618080048143634, 0.31906419141004805, 0.01912780377558855]",-150,-104.26095191449734
33,decision_close_2025_9,2025-12-11,proxy_market,77,proxy_market|lambda=0.1|scaling=fixed,proxy_market|lambda=1|scaling=fixed,proxy_market|lambda=0.1|scaling=fixed,cut,cut,"[0.7147781995998157, 0.2686664131576856, 0.01655538724249868]",-100,-102.15877370802728
34,decision_close_2026_1,2026-01-22,proxy_market,78,proxy_market|lambda=0.1|scaling=fixed,proxy_market|lambda=1|scaling=fixed,proxy_market|lambda=0.1|scaling=fixed,hold,cut,"[0.6554791474795406, 0.316129986395514, 0.028390866124945457]",0,-81.89780860832437
35,decision_close_2026_2,2026-03-12,proxy_market,79,proxy_market|lambda=0.1|scaling=fixed,proxy_market|lambda=1|scaling=fixed,proxy_market|lambda=0.1|scaling=fixed,hold,hold,"[0.4222842739398868, 0.5312061302967659, 0.04650959576334729]",0,-45.93172922532291
36,decision_close_2026_3,2026-04-22,proxy_market,80,proxy_market|lambda=0.1|scaling=fixed,proxy_market|lambda=1|scaling=fixed,proxy_market|lambda=0.1|scaling=fixed,hold,hold,"[0.3162479998307773, 0.5948497890832709, 0.08890221108595162]",0,-11.471187938815799
37,decision_close_2026_4,2026-06-11,proxy_market,81,proxy_market|lambda=0.1|scaling=fixed,proxy_market|lambda=1|scaling=fixed,proxy_market|lambda=0.1|scaling=fixed,hold,hold,"[0.30933752522188274, 0.6340544332047299, 0.056608041573387426]",0,-23.39496026872297
1,decision_close_2023_1,2023-01-19,proxy_market_lsa,45,proxy_market_lsa|lambda=0.01|scaling=column_standardized,proxy_market_lsa|lambda=10|scaling=column_standardized,proxy_market_lsa|lambda=0.1|scaling=column_standardized,cut,hold,"[0.24073759827113314, 0.7319124955521027, 0.027349906176764267]",-50,-23.29866096716011
2,decision_close_2023_2,2023-02-23,proxy_market_lsa,46,proxy_market_lsa|lambda=0.01|scaling=column_standardized,proxy_market_lsa|lambda=10|scaling=column_standardized,proxy_market_lsa|lambda=0.1|scaling=column_standardized,hold,hold,"[0.2447051535961433, 0.7212664051088611, 0.03402844129499562]",0,-21.418847130718056
3,decision_close_2023_3,2023-03-23,proxy_market_lsa,47,proxy_market_lsa|lambda=0.01|scaling=column_standardized,proxy_market_lsa|lambda=10|scaling=column_standardized,proxy_market_lsa|lambda=0.1|scaling=column_standardized,hold,hold,"[0.18467153061141275, 0.7755503522802378, 0.03977811710834947]",0,-18.810997526010418
4,decision_close_2023_4,2023-04-27,proxy_market_lsa,48,proxy_market_lsa|lambda=0.01|scaling=column_standardized,proxy_market_lsa|lambda=10|scaling=column_standardized,proxy_market_lsa|lambda=0.1|scaling=column_standardized,hold,hold,"[0.1390620683193994, 0.8297031706393844, 0.031234761041216134]",0,-17.099236885525897
5,decision_close_2023_5,2023-05-25,proxy_market_lsa,49,proxy_market_lsa|lambda=0.01|scaling=column_standardized,proxy_market_lsa|lambda=10|scaling=column_standardized,proxy_market_lsa|lambda=0.1|scaling=column_standardized,hike,hold,"[0.1472695332661003, 0.8088271189890522, 0.04390334774484751]",650,-14.110766090862931
6,decision_close_2023_6,2023-06-22,proxy_market_lsa,50,proxy_market_lsa|lambda=0.01|scaling=column_standardized,proxy_market_lsa|lambda=10|scaling=column_standardized,proxy_market_lsa|lambda=0.1|scaling=column_standardized,hike,hold,"[0.00596473931185373, 0.7030988114887552, 0.290936449199391]",250,29.515211668826325
7,decision_close_2023_7,2023-07-20,proxy_market_lsa,51,proxy_market_lsa|lambda=0.01|scaling=column_standardized,proxy_market_lsa|lambda=10|scaling=column_standardized,proxy_market_lsa|lambda=0.1|scaling=column_standardized,hike,hike,"[0.006420270993856081, 0.4345181113428186, 0.5590616176633254]",750,46.13475968981273
8,decision_close_2023_8,2023-08-24,proxy_market_lsa,52,proxy_market_lsa|lambda=0.01|scaling=column_standardized,proxy_market_lsa|lambda=1|scaling=row_only,proxy_market_lsa|lambda=0.1|scaling=column_standardized,hike,hike,"[0.0007946057050719776, 0.1974858149236759, 0.801719579371252]",500,328.62789396004314
9,decision_close_2023_9,2023-09-21,proxy_market_lsa,53,proxy_market_lsa|lambda=0.01|scaling=column_standardized,proxy_market_lsa|lambda=1|scaling=row_only,proxy_market_lsa|lambda=0.1|scaling=column_standardized,hike,hike,"[0.001460569259190875, 0.08778234057076363, 0.9107570901700457]",500,393.5599090865587
10,decision_close_2023_10,2023-10-26,proxy_market_lsa,54,proxy_market_lsa|lambda=0.01|scaling=column_standardized,proxy_market_lsa|lambda=1|scaling=row_only,proxy_market_lsa|lambda=0.1|scaling=column_standardized,hike,hike,"[0.0033272179900116676, 0.0777661212971608, 0.9189066607128277]",500,361.96951971127794
11,decision_close_2023_11,2023-11-23,proxy_market_lsa,55,proxy_market_lsa|lambda=0.01|scaling=column_standardized,proxy_market_lsa|lambda=1|scaling=column_standardized,proxy_market_lsa|lambda=0.1|scaling=column_standardized,hike,hike,"[0.008456441579647906, 0.06554085029299427, 0.926002708127358]",250,376.38613553178385
12,decision_close_2023_12,2023-12-21,proxy_market_lsa,56,proxy_market_lsa|lambda=0.01|scaling=column_standardized,proxy_market_lsa|lambda=1|scaling=column_standardized,proxy_market_lsa|lambda=0.1|scaling=column_standardized,hike,hike,"[0.026602361881581292, 0.06126881683294615, 0.9121288212854726]",250,313.65515120380803
13,decision_close_2024_1,2024-01-25,proxy_market_lsa,57,proxy_market_lsa|lambda=0.01|scaling=column_standardized,proxy_market_lsa|lambda=1|scaling=row_only,proxy_market_lsa|lambda=0.1|scaling=column_standardized,hold,hike,"[0.07187856750818743, 0.07621582642021114, 0.8519056060716014]",0,226.33511656957842
14,decision_close_2024_2,2024-02-22,proxy_market_lsa,58,proxy_market_lsa|lambda=0.01|scaling=column_standardized,proxy_market_lsa|lambda=1|scaling=row_only,proxy_market_lsa|lambda=0.1|scaling=column_standardized,hike,hike,"[0.1307829336755756, 0.3567280311265678, 0.5124890351978566]",500,150.68352387431156
15,decision_close_2024_3,2024-03-21,proxy_market_lsa,59,proxy_market_lsa|lambda=0.01|scaling=column_standardized,proxy_market_lsa|lambda=1|scaling=row_only,proxy_market_lsa|lambda=0.1|scaling=column_standardized,hold,hike,"[0.02602512727228409, 0.21685611466088725, 0.7571187580668287]",0,232.94819745509034
16,decision_close_2024_4,2024-04-25,proxy_market_lsa,60,proxy_market_lsa|lambda=0.01|scaling=column_standardized,proxy_market_lsa|lambda=1|scaling=row_only,proxy_market_lsa|lambda=0.1|scaling=column_standardized,hold,hike,"[0.07056339134574452, 0.41512261936171335, 0.5143139892925421]",0,205.6407221295509
17,decision_close_2024_5,2024-05-23,proxy_market_lsa,61,proxy_market_lsa|lambda=0.01|scaling=column_standardized,proxy_market_lsa|lambda=1|scaling=row_only,proxy_market_lsa|lambda=0.1|scaling=column_standardized,hold,hold,"[0.13033976449867726, 0.5561881856310091, 0.3134720498703135]",0,105.78215758625137
18,decision_close_2024_6,2024-06-27,proxy_market_lsa,62,proxy_market_lsa|lambda=0.01|scaling=column_standardized,proxy_market_lsa|lambda=1|scaling=row_only,proxy_market_lsa|lambda=0.1|scaling=column_standardized,hold,hold,"[0.14519121809434177, 0.7022030480225419, 0.15260573388311624]",0,55.787437888161136
19,decision_close_2024_7,2024-07-23,proxy_market_lsa,63,proxy_market_lsa|lambda=0.01|scaling=column_standardized,proxy_market_lsa|lambda=1|scaling=row_only,proxy_market_lsa|lambda=0.1|scaling=column_standardized,hold,hold,"[0.10403282018880523, 0.7371186905672145, 0.1588484892439804]",0,55.74923026297341
20,decision_close_2024_8,2024-08-20,proxy_market_lsa,64,proxy_market_lsa|lambda=0.01|scaling=column_standardized,proxy_market_lsa|lambda=1|scaling=row_only,proxy_market_lsa|lambda=0.1|scaling=column_standardized,hold,hold,"[0.06377904240669657, 0.835393304387069, 0.10082765320623438]",0,49.4908271598965
21,decision_close_2024_9,2024-09-19,proxy_market_lsa,65,proxy_market_lsa|lambda=0.01|scaling=column_standardized,proxy_market_lsa|lambda=1|scaling=row_only,proxy_market_lsa|lambda=0.1|scaling=column_standardized,hold,hold,"[0.060132480592463754, 0.8522671840117237, 0.08760033539581258]",0,42.20114964869975
22,decision_close_2024_10,2024-10-17,proxy_market_lsa,66,proxy_market_lsa|lambda=0.01|scaling=column_standardized,proxy_market_lsa|lambda=1|scaling=row_only,proxy_market_lsa|lambda=0.1|scaling=column_standardized,hold,hold,"[0.05611411168675476, 0.8682855573793452, 0.07560033093389996]",0,38.93212687456065
23,decision_close_2024_11,2024-11-21,proxy_market_lsa,67,proxy_market_lsa|lambda=0.01|scaling=column_standardized,proxy_market_lsa|lambda=0.1|scaling=column_standardized,proxy_market_lsa|lambda=0.1|scaling=column_standardized,cut,hold,"[0.049422670849692506, 0.8972416832640515, 0.0533356458862561]",-250,-30.63850560634745
24,decision_close_2024_12,2024-12-26,proxy_market_lsa,68,proxy_market_lsa|lambda=0.01|scaling=column_standardized,proxy_market_lsa|lambda=0.1|scaling=column_standardized,proxy_market_lsa|lambda=0.1|scaling=column_standardized,cut,hold,"[0.3232437862587171, 0.6378628779338406, 0.03889333580744249]",-250,-98.0533545341948
25,decision_close_2025_1,2025-01-23,proxy_market_lsa,69,proxy_market_lsa|lambda=0.01|scaling=column_standardized,proxy_market_lsa|lambda=0.1|scaling=column_standardized,proxy_market_lsa|lambda=0.1|scaling=column_standardized,cut,cut,"[0.6643686481007804, 0.3148603777083291, 0.020770974190890377]",-250,-162.25269564426387
26,decision_close_2025_2,2025-03-06,proxy_market_lsa,70,proxy_market_lsa|lambda=0.01|scaling=column_standardized,proxy_market_lsa|lambda=0.1|scaling=column_standardized,proxy_market_lsa|lambda=0.1|scaling=column_standardized,hold,cut,"[0.6598690998237811, 0.3281669335391864, 0.011963966637032428]",0,-164.63439543241608
27,decision_close_2025_3,2025-03-20,proxy_market_lsa,71,proxy_market_lsa|lambda=0.01|scaling=column_standardized,proxy_market_lsa|lambda=0.1|scaling=column_standardized,proxy_market_lsa|lambda=0.1|scaling=column_standardized,hike,hold,"[0.17501615540354698, 0.724208653339983, 0.10077519125647001]",350,-85.65066095402662
28,decision_close_2025_4,2025-04-17,proxy_market_lsa,72,proxy_market_lsa|lambda=0.01|scaling=column_standardized,proxy_market_lsa|lambda=0.1|scaling=column_standardized,proxy_market_lsa|lambda=0.1|scaling=column_standardized,hold,hold,"[0.05177127221840773, 0.7496510278929254, 0.1985776998886669]",0,91.99245767149449
29,decision_close_2025_5,2025-06-19,proxy_market_lsa,73,proxy_market_lsa|lambda=0.01|scaling=column_standardized,proxy_market_lsa|lambda=0.1|scaling=column_standardized,proxy_market_lsa|lambda=0.1|scaling=column_standardized,cut,hold,"[0.05867590252754267, 0.9087359700019022, 0.03258812747055501]",-300,-18.60715352799912
30,decision_close_2025_6,2025-07-24,proxy_market_lsa,74,proxy_market_lsa|lambda=0.01|scaling=column_standardized,proxy_market_lsa|lambda=0.1|scaling=column_standardized,proxy_market_lsa|lambda=0.1|scaling=column_standardized,cut,hold,"[0.44752954199999234, 0.4930406426836382, 0.05942981531636963]",-250,-48.18047238107703
31,decision_close_2025_7,2025-09-11,proxy_market_lsa,75,proxy_market_lsa|lambda=0.01|scaling=column_standardized,proxy_market_lsa|lambda=0.1|scaling=column_standardized,proxy_market_lsa|lambda=0.1|scaling=column_standardized,cut,cut,"[0.7013597516384433, 0.2813569318075477, 0.017283316554008863]",-100,-190.4316898981332
32,decision_close_2025_8,2025-10-23,proxy_market_lsa,76,proxy_market_lsa|lambda=0.01|scaling=column_standardized,proxy_market_lsa|lambda=0.1|scaling=column_standardized,proxy_market_lsa|lambda=0.1|scaling=column_standardized,cut,cut,"[0.5770048215838036, 0.38805505941378055, 0.03494011900241585]",-150,-98.75055791069093
33,decision_close_2025_9,2025-12-11,proxy_market_lsa,77,proxy_market_lsa|lambda=0.01|scaling=column_standardized,proxy_market_lsa|lambda=0.1|scaling=column_standardized,proxy_market_lsa|lambda=0.1|scaling=column_standardized,cut,cut,"[0.6710137609881553, 0.3077868464800413, 0.021199392531803387]",-100,-141.43843450859632
34,decision_close_2026_1,2026-01-22,proxy_market_lsa,78,proxy_market_lsa|lambda=0.01|scaling=column_standardized,proxy_market_lsa|lambda=0.1|scaling=column_standardized,proxy_market_lsa|lambda=0.1|scaling=column_standardized,hold,cut,"[0.6279728819400462, 0.34499098908241854, 0.02703612897753524]",0,-106.76735074910073
35,decision_close_2026_2,2026-03-12,proxy_market_lsa,79,proxy_market_lsa|lambda=0.01|scaling=column_standardized,proxy_market_lsa|lambda=0.1|scaling=column_standardized,proxy_market_lsa|lambda=0.1|scaling=column_standardized,hold,hold,"[0.38417759397309487, 0.566548198427472, 0.04927420759943324]",0,-55.533508056794886
36,decision_close_2026_3,2026-04-22,proxy_market_lsa,80,proxy_market_lsa|lambda=0.01|scaling=column_standardized,proxy_market_lsa|lambda=0.1|scaling=column_standardized,proxy_market_lsa|lambda=0.1|scaling=column_standardized,hold,hold,"[0.28724304804253065, 0.6071057847011391, 0.10565116725633011]",0,-6.541500536604874
37,decision_close_2026_4,2026-06-11,proxy_market_lsa,81,proxy_market_lsa|lambda=0.01|scaling=column_standardized,proxy_market_lsa|lambda=0.1|scaling=column_standardized,proxy_market_lsa|lambda=0.1|scaling=column_standardized,hold,hold,"[0.3157269739890435, 0.608835060707951, 0.0754379653030055]",0,-48.72087903034594
1,decision_close_2023_1,2023-01-19,history_transformer,45,history_transformer|lambda=0.001|scaling=fixed,history_transformer|lambda=0.1|scaling=fixed,history_transformer|lambda=1|scaling=fixed,cut,hold,"[0.30744709489011357, 0.6771957927299268, 0.015357112379959766]",-50,-11.57131064015842
2,decision_close_2023_2,2023-02-23,history_transformer,46,history_transformer|lambda=0.001|scaling=fixed,history_transformer|lambda=0.1|scaling=fixed,history_transformer|lambda=1|scaling=fixed,hold,cut,"[0.6034472645355787, 0.3620469165662658, 0.034505818898155384]",0,-8.07136714970871
3,decision_close_2023_3,2023-03-23,history_transformer,47,history_transformer|lambda=0.001|scaling=fixed,history_transformer|lambda=0.1|scaling=fixed,history_transformer|lambda=1|scaling=fixed,hold,hold,"[0.35211329143842096, 0.6183044079883264, 0.02958230057325257]",0,10.585384042503138
4,decision_close_2023_4,2023-04-27,history_transformer,48,history_transformer|lambda=0.001|scaling=fixed,history_transformer|lambda=0.1|scaling=fixed,history_transformer|lambda=1|scaling=fixed,hold,hold,"[0.2421482976733308, 0.7258604087353293, 0.03199129359133985]",0,3.383598023600513
5,decision_close_2023_5,2023-05-25,history_transformer,49,history_transformer|lambda=0.001|scaling=fixed,history_transformer|lambda=0.1|scaling=fixed,history_transformer|lambda=1|scaling=fixed,hike,hold,"[0.27726223333743394, 0.6979474690733052, 0.024790297589260747]",650,-20.907414185193403
6,decision_close_2023_6,2023-06-22,history_transformer,50,history_transformer|lambda=0.001|scaling=fixed,history_transformer|lambda=0.1|scaling=fixed,history_transformer|lambda=1|scaling=fixed,hike,hold,"[0.23125468777795755, 0.5668833101721835, 0.20186200204985905]",250,-256.3929561162351
7,decision_close_2023_7,2023-07-20,history_transformer,51,history_transformer|lambda=0.001|scaling=fixed,history_transformer|lambda=0.1|scaling=fixed,history_transformer|lambda=1|scaling=fixed,hike,hike,"[0.212643210211742, 0.20839491306691235, 0.5789618767213457]",750,334.89015689536734
8,decision_close_2023_8,2023-08-24,history_transformer,52,history_transformer|lambda=0.001|scaling=fixed,history_transformer|lambda=0.001|scaling=fixed,history_transformer|lambda=1|scaling=fixed,hike,hike,"[0.08019887183794529, 0.0893618554677169, 0.8304392726943378]",500,578.8828163615236
9,decision_close_2023_9,2023-09-21,history_transformer,53,history_transformer|lambda=0.001|scaling=fixed,history_transformer|lambda=0.001|scaling=fixed,history_transformer|lambda=1|scaling=fixed,hike,hike,"[0.10091494745864435, 0.05392966000720975, 0.8451553925341458]",500,505.34981993166747
10,decision_close_2023_10,2023-10-26,history_transformer,54,history_transformer|lambda=0.001|scaling=fixed,history_transformer|lambda=0.001|scaling=fixed,history_transformer|lambda=1|scaling=fixed,hike,hike,"[0.06586852143826576, 0.0699186640216329, 0.8642128145401013]",500,340.75714692020733
11,decision_close_2023_11,2023-11-23,history_transformer,55,history_transformer|lambda=0.001|scaling=fixed,history_transformer|lambda=0.1|scaling=fixed,history_transformer|lambda=1|scaling=fixed,hike,hike,"[0.038538300968208705, 0.014861916502668333, 0.946599782529123]",250,435.8609715220319
12,decision_close_2023_12,2023-12-21,history_transformer,56,history_transformer|lambda=0.001|scaling=fixed,history_transformer|lambda=0.01|scaling=fixed,history_transformer|lambda=1|scaling=fixed,hike,hike,"[0.04736814334381464, 0.01094137533317994, 0.9416904813230055]",250,266.1300507932979
13,decision_close_2024_1,2024-01-25,history_transformer,57,history_transformer|lambda=0.001|scaling=fixed,history_transformer|lambda=0.1|scaling=fixed,history_transformer|lambda=1|scaling=fixed,hold,hike,"[0.04302753363517209, 0.013912304327824278, 0.9430601620370036]",0,136.7189313830988
14,decision_close_2024_2,2024-02-22,history_transformer,58,history_transformer|lambda=0.001|scaling=fixed,history_transformer|lambda=0.001|scaling=fixed,history_transformer|lambda=1|scaling=fixed,hike,hike,"[0.11747962762814383, 0.3823644298674981, 0.5001559425043581]",500,431.55145852327337
15,decision_close_2024_3,2024-03-21,history_transformer,59,history_transformer|lambda=0.001|scaling=fixed,history_transformer|lambda=0.001|scaling=fixed,history_transformer|lambda=1|scaling=fixed,hold,hike,"[0.02092653083800892, 0.26070919580409524, 0.7183642733578959]",0,428.4260733978188
16,decision_close_2024_4,2024-04-25,history_transformer,60,history_transformer|lambda=0.001|scaling=fixed,history_transformer|lambda=0.001|scaling=fixed,history_transformer|lambda=1|scaling=fixed,hold,hold,"[0.022446706996172357, 0.7091776859248711, 0.26837560707895647]",0,239.17006187979334
17,decision_close_2024_5,2024-05-23,history_transformer,61,history_transformer|lambda=0.001|scaling=fixed,history_transformer|lambda=0.01|scaling=fixed,history_transformer|lambda=1|scaling=fixed,hold,hold,"[0.0367702214744744, 0.6217696777452749, 0.3414601007802508]",0,-249.65489155031895
18,decision_close_2024_6,2024-06-27,history_transformer,62,history_transformer|lambda=0.001|scaling=fixed,history_transformer|lambda=0.1|scaling=fixed,history_transformer|lambda=1|scaling=fixed,hold,hold,"[0.021682778496584735, 0.7520260146916666, 0.2262912068117486]",0,87.81094581131994
19,decision_close_2024_7,2024-07-23,history_transformer,63,history_transformer|lambda=0.001|scaling=fixed,history_transformer|lambda=0.1|scaling=fixed,history_transformer|lambda=1|scaling=fixed,hold,hold,"[0.02040015441496876, 0.9245514037348216, 0.055048441850209545]",0,-2.4912781175541134
20,decision_close_2024_8,2024-08-20,history_transformer,64,history_transformer|lambda=0.001|scaling=fixed,history_transformer|lambda=0.1|scaling=fixed,history_transformer|lambda=1|scaling=fixed,hold,hold,"[0.03468759349183488, 0.749634830088736, 0.21567757641942903]",0,146.6096896748975
21,decision_close_2024_9,2024-09-19,history_transformer,65,history_transformer|lambda=0.001|scaling=fixed,history_transformer|lambda=0.1|scaling=fixed,history_transformer|lambda=1|scaling=fixed,hold,hold,"[0.03831979170431032, 0.7703188382634321, 0.19136137003225753]",0,43.806715088842964
22,decision_close_2024_10,2024-10-17,history_transformer,66,history_transformer|lambda=0.001|scaling=fixed,history_transformer|lambda=0.1|scaling=fixed,history_transformer|lambda=1|scaling=fixed,hold,hold,"[0.040078439708814785, 0.8002947399150623, 0.159626820376123]",0,90.14450529777487
23,decision_close_2024_11,2024-11-21,history_transformer,67,history_transformer|lambda=0.001|scaling=fixed,history_transformer|lambda=0.1|scaling=fixed,history_transformer|lambda=1|scaling=fixed,cut,hold,"[0.015873487766079938, 0.914753624432806, 0.06937288780111431]",-250,65.76896879924412
24,decision_close_2024_12,2024-12-26,history_transformer,68,history_transformer|lambda=0.001|scaling=fixed,history_transformer|lambda=0.1|scaling=fixed,history_transformer|lambda=1|scaling=fixed,cut,hold,"[0.01960700590110151, 0.9581967223496028, 0.022196271749295535]",-250,-301.55458377433376
25,decision_close_2025_1,2025-01-23,history_transformer,69,history_transformer|lambda=0.001|scaling=fixed,history_transformer|lambda=0.1|scaling=fixed,history_transformer|lambda=1|scaling=fixed,cut,hold,"[0.23998724351796027, 0.5381746272602067, 0.2218381292218331]",-250,-124.58672765065157
26,decision_close_2025_2,2025-03-06,history_transformer,70,history_transformer|lambda=0.001|scaling=fixed,history_transformer|lambda=0.1|scaling=fixed,history_transformer|lambda=1|scaling=fixed,hold,cut,"[0.5558684681241801, 0.33032705616410474, 0.11380447571171506]",0,-297.13087282813956
27,decision_close_2025_3,2025-03-20,history_transformer,71,history_transformer|lambda=0.001|scaling=fixed,history_transformer|lambda=0.1|scaling=fixed,history_transformer|lambda=1|scaling=fixed,hike,hold,"[0.012522434853708487, 0.8504505677046349, 0.13702699744165647]",350,-379.6780139435623
28,decision_close_2025_4,2025-04-17,history_transformer,72,history_transformer|lambda=0.001|scaling=fixed,history_transformer|lambda=0.1|scaling=fixed,history_transformer|lambda=1|scaling=fixed,hold,hold,"[0.25148671868347944, 0.5668555432294967, 0.1816577380870239]",0,-225.29961085722869
29,decision_close_2025_5,2025-06-19,history_transformer,73,history_transformer|lambda=0.001|scaling=fixed,history_transformer|lambda=0.1|scaling=fixed,history_transformer|lambda=1|scaling=fixed,cut,hold,"[0.1714768283463648, 0.7522986310216837, 0.0762245406319514]",-300,-82.86564559608574
30,decision_close_2025_6,2025-07-24,history_transformer,74,history_transformer|lambda=0.001|scaling=fixed,history_transformer|lambda=0.1|scaling=fixed,history_transformer|lambda=1|scaling=fixed,cut,cut,"[0.4241069190636666, 0.4036887168936932, 0.17220436404264008]",-250,-217.99145051213426
31,decision_close_2025_7,2025-09-11,history_transformer,75,history_transformer|lambda=0.01|scaling=fixed,history_transformer|lambda=0.1|scaling=fixed,history_transformer|lambda=1|scaling=fixed,cut,cut,"[0.46520215499974366, 0.39150450658938235, 0.14329333841087413]",-100,-37.71073510257153
32,decision_close_2025_8,2025-10-23,history_transformer,76,history_transformer|lambda=0.01|scaling=fixed,history_transformer|lambda=0.1|scaling=fixed,history_transformer|lambda=1|scaling=fixed,cut,cut,"[0.4699658164516555, 0.32824966009857465, 0.20178452344976988]",-150,-49.042212795597784
33,decision_close_2025_9,2025-12-11,history_transformer,77,history_transformer|lambda=1|scaling=fixed,history_transformer|lambda=0.1|scaling=fixed,history_transformer|lambda=1|scaling=fixed,cut,cut,"[0.726596157760697, 0.1886450144675557, 0.08475882777174747]",-100,-63.79540123201182
34,decision_close_2026_1,2026-01-22,history_transformer,78,history_transformer|lambda=1|scaling=fixed,history_transformer|lambda=0.1|scaling=fixed,history_transformer|lambda=1|scaling=fixed,hold,cut,"[0.8576189137329607, 0.08719404292454296, 0.05518704334249626]",0,-132.4355898342873
35,decision_close_2026_2,2026-03-12,history_transformer,79,history_transformer|lambda=1|scaling=fixed,history_transformer|lambda=0.1|scaling=fixed,history_transformer|lambda=1|scaling=fixed,hold,hold,"[0.33611522839252234, 0.5884316920105451, 0.07545307959693265]",0,-6.010963362625538
36,decision_close_2026_3,2026-04-22,history_transformer,80,history_transformer|lambda=1|scaling=fixed,history_transformer|lambda=0.1|scaling=fixed,history_transformer|lambda=1|scaling=fixed,hold,hold,"[0.20579820849858793, 0.7167989220811674, 0.07740286942024485]",0,141.58797367220743
37,decision_close_2026_4,2026-06-11,history_transformer,81,history_transformer|lambda=1|scaling=fixed,history_transformer|lambda=0.1|scaling=fixed,history_transformer|lambda=1|scaling=fixed,hold,hold,"[0.22059794210043013, 0.727740036637089, 0.051662021262480935]",0,-20.424700953303827