fold,origin_id,origin_date,arm,inner_n,direction_candidate,magnitude_candidate,true_class,predicted_class,probabilities,true_action_bp,predicted_action_bp
1,decision_close_2023_1,2023-01-19,history,45,history|lambda=0.01|scaling=fixed,history|lambda=1|scaling=fixed,cut,hold,"[0.08380305857811488, 0.8351377491702261, 0.0810591922516591]",-50,-1.7720644339865768
2,decision_close_2023_2,2023-02-23,history,46,history|lambda=0.01|scaling=fixed,history|lambda=1|scaling=fixed,hold,hold,"[0.11840668361890386, 0.8184702538610413, 0.0631230625200549]",0,-6.280189577764948
3,decision_close_2023_3,2023-03-23,history,47,history|lambda=0.01|scaling=fixed,history|lambda=1|scaling=fixed,hold,hold,"[0.07764098815679142, 0.8227888012875328, 0.0995702105556757]",0,-1.2920201977627734
4,decision_close_2023_4,2023-04-27,history,48,history|lambda=0.01|scaling=fixed,history|lambda=1|scaling=fixed,hold,hold,"[0.056318538885655155, 0.8763580343178047, 0.06732342679654012]",0,0.1238721642495097
5,decision_close_2023_5,2023-05-25,history,49,history|lambda=0.01|scaling=fixed,history|lambda=1|scaling=fixed,hike,hold,"[0.056574567756662406, 0.8342878826394173, 0.10913754960392039]",650,6.75776310759477
6,decision_close_2023_6,2023-06-22,history,50,history|lambda=0.01|scaling=fixed,history|lambda=1|scaling=fixed,hike,hold,"[3.500679933664282e-07, 0.5557360657266994, 0.4442635842053072]",250,118.45866637845286
7,decision_close_2023_7,2023-07-20,history,51,history|lambda=0.01|scaling=fixed,history|lambda=1|scaling=fixed,hike,hike,"[2.8127847405631346e-05, 0.3921620023544449, 0.6078098697981493]",750,149.54346942582927
8,decision_close_2023_8,2023-08-24,history,52,history|lambda=0.01|scaling=fixed,history|lambda=1|scaling=fixed,hike,hike,"[1.742835623808752e-09, 0.08705506241110468, 0.9129449358460596]",500,254.7639615255424
9,decision_close_2023_9,2023-09-21,history,53,history|lambda=0.01|scaling=fixed,history|lambda=1|scaling=fixed,hike,hike,"[1.703362008350036e-07, 0.06524010159141358, 0.9347597280723852]",500,326.84757625005506
10,decision_close_2023_10,2023-10-26,history,54,history|lambda=0.01|scaling=fixed,history|lambda=1|scaling=fixed,hike,hike,"[5.06571078827133e-07, 0.12078101014140102, 0.8792184832875198]",500,299.1413911433279
11,decision_close_2023_11,2023-11-23,history,55,history|lambda=0.01|scaling=fixed,history|lambda=1|scaling=fixed,hike,hike,"[4.685423299159738e-06, 0.09879288953476131, 0.9012024250419393]",250,306.5176956319558
12,decision_close_2023_12,2023-12-21,history,56,history|lambda=0.01|scaling=fixed,history|lambda=1|scaling=fixed,hike,hike,"[0.0006689542958158174, 0.22063095537612396, 0.7787000903280601]",250,233.52955691324252
13,decision_close_2024_1,2024-01-25,history,57,history|lambda=0.01|scaling=fixed,history|lambda=1|scaling=fixed,hold,hike,"[0.007793093566436165, 0.4251755191113029, 0.5670313873222609]",0,161.42391273039644
14,decision_close_2024_2,2024-02-22,history,58,history|lambda=0.01|scaling=fixed,history|lambda=1|scaling=fixed,hike,cut,"[0.5361765887919959, 0.38686590289770234, 0.07695750831030188]",500,79.81073726725812
15,decision_close_2024_3,2024-03-21,history,59,history|lambda=0.01|scaling=fixed,history|lambda=1|scaling=fixed,hold,hike,"[0.0014930126540792334, 0.26897740980071577, 0.7295295775452051]",0,167.44057947719645
16,decision_close_2024_4,2024-04-25,history,60,history|lambda=0.01|scaling=fixed,history|lambda=1|scaling=fixed,hold,hold,"[0.13248753925701215, 0.6007581735175044, 0.26675428722548356]",0,147.19358914735943
17,decision_close_2024_5,2024-05-23,history,61,history|lambda=0.01|scaling=fixed,history|lambda=1|scaling=fixed,hold,cut,"[0.5211716821303712, 0.40995345359416235, 0.06887486427546638]",0,49.739596145599975
18,decision_close_2024_6,2024-06-27,history,62,history|lambda=0.01|scaling=fixed,history|lambda=1|scaling=fixed,hold,cut,"[0.6445631561127828, 0.34543742430335167, 0.009999419583865547]",0,3.8406045056314344
19,decision_close_2024_7,2024-07-23,history,63,history|lambda=0.01|scaling=fixed,history|lambda=1|scaling=fixed,hold,hold,"[0.4095535473565581, 0.5586498768074795, 0.03179657583596256]",0,16.32356700953315
20,decision_close_2024_8,2024-08-20,history,64,history|lambda=0.01|scaling=fixed,history|lambda=1|scaling=fixed,hold,hold,"[0.2652808814583289, 0.7048861008540194, 0.02983301768765182]",0,13.043630795754563
21,decision_close_2024_9,2024-09-19,history,65,history|lambda=0.01|scaling=fixed,history|lambda=1|scaling=fixed,hold,hold,"[0.1976748010163223, 0.7768679588262207, 0.025457240157456863]",0,10.080217000185451
22,decision_close_2024_10,2024-10-17,history,66,history|lambda=0.01|scaling=fixed,history|lambda=1|scaling=fixed,hold,hold,"[0.162877026704494, 0.8071969675116566, 0.029926005783849303]",0,12.61913244806082
23,decision_close_2024_11,2024-11-21,history,67,history|lambda=0.01|scaling=fixed,history|lambda=1|scaling=fixed,cut,hold,"[0.1306328419614198, 0.8533464480975094, 0.016020709941070983]",-250,3.146032981287444
24,decision_close_2024_12,2024-12-26,history,68,history|lambda=0.01|scaling=fixed,history|lambda=1|scaling=fixed,cut,cut,"[0.9173542749243297, 0.08196522723083932, 0.0006804978448308924]",-250,-60.70341606306939
25,decision_close_2025_1,2025-01-23,history,69,history|lambda=0.01|scaling=fixed,history|lambda=1|scaling=fixed,cut,cut,"[0.9811177862450984, 0.018777061115958144, 0.00010515263894383108]",-250,-121.36416755899042
26,decision_close_2025_2,2025-03-06,history,70,history|lambda=0.01|scaling=fixed,history|lambda=1|scaling=fixed,hold,cut,"[0.9899625865281856, 0.010026322588674393, 1.1090883140031581e-05]",0,-161.0030215797085
27,decision_close_2025_3,2025-03-20,history,71,history|lambda=0.01|scaling=fixed,history|lambda=1|scaling=fixed,hike,cut,"[0.5728174872856546, 0.41394507869049507, 0.013237434023850433]",350,-60.53942992337981
28,decision_close_2025_4,2025-04-17,history,72,history|lambda=0.01|scaling=fixed,history|lambda=1|scaling=fixed,hold,hold,"[0.0026902720634347597, 0.7423860314055357, 0.25492369653102964]",0,76.21486811739153
29,decision_close_2025_5,2025-06-19,history,73,history|lambda=0.01|scaling=fixed,history|lambda=1|scaling=fixed,cut,hold,"[0.04007183340937702, 0.9548766286781667, 0.005051537912456458]",-300,32.74418271632869
30,decision_close_2025_6,2025-07-24,history,74,history|lambda=0.01|scaling=fixed,history|lambda=1|scaling=fixed,cut,cut,"[0.8538917839159292, 0.14227547663948717, 0.003832739444583603]",-250,-51.243346327621765
31,decision_close_2025_7,2025-09-11,history,75,history|lambda=0.01|scaling=fixed,history|lambda=1|scaling=fixed,cut,cut,"[0.9277080687549714, 0.07219032709613989, 0.00010160414888859768]",-100,-160.29694848534092
32,decision_close_2025_8,2025-10-23,history,76,history|lambda=0.01|scaling=fixed,history|lambda=1|scaling=fixed,cut,cut,"[0.7483093231258281, 0.2505544549100403, 0.0011362219641314233]",-150,-114.2815791322692
33,decision_close_2025_9,2025-12-11,history,77,history|lambda=0.01|scaling=fixed,history|lambda=1|scaling=fixed,cut,cut,"[0.8556303727539153, 0.14388121827894615, 0.000488408967138713]",-100,-105.8039683005429
34,decision_close_2026_1,2026-01-22,history,78,history|lambda=0.01|scaling=fixed,history|lambda=1|scaling=fixed,hold,cut,"[0.6649265672289242, 0.33199423154600166, 0.003079201225074128]",0,-79.60478422329935
35,decision_close_2026_2,2026-03-12,history,79,history|lambda=0.01|scaling=fixed,history|lambda=1|scaling=fixed,hold,hold,"[0.3278988972780162, 0.6677766900452793, 0.004324412676704728]",0,-62.04379400592922
36,decision_close_2026_3,2026-04-22,history,80,history|lambda=0.01|scaling=fixed,history|lambda=1|scaling=fixed,hold,hold,"[0.2315490301950174, 0.7499964352273457, 0.018454534577636784]",0,-20.69820946209826
37,decision_close_2026_4,2026-06-11,history,81,history|lambda=0.01|scaling=fixed,history|lambda=1|scaling=fixed,hold,hold,"[0.20237503976250928, 0.7899802283145594, 0.00764473192293134]",0,-31.94261103307824
1,decision_close_2023_1,2023-01-19,history_tfidf,45,history_tfidf|lambda=1|scaling=column_standardized,history_tfidf|lambda=1|scaling=column_standardized,cut,hold,"[0.13690185154184395, 0.8508094761988129, 0.012288672259343342]",-50,-38.59033485215784
2,decision_close_2023_2,2023-02-23,history_tfidf,46,history_tfidf|lambda=1|scaling=column_standardized,history_tfidf|lambda=1|scaling=column_standardized,hold,cut,"[0.8297551806370248, 0.16160573976127443, 0.00863907960170085]",0,-40.72270400601262
3,decision_close_2023_3,2023-03-23,history_tfidf,47,history_tfidf|lambda=1|scaling=column_standardized,history_tfidf|lambda=1|scaling=column_standardized,hold,hold,"[0.11840920956808014, 0.8748399459754685, 0.006750844456451484]",0,3.1325513366697546
4,decision_close_2023_4,2023-04-27,history_tfidf,48,history_tfidf|lambda=1|scaling=column_standardized,history_tfidf|lambda=1|scaling=column_standardized,hold,hold,"[0.028129097573543264, 0.9682098091153769, 0.003661093311079874]",0,-2.8471729571888424
5,decision_close_2023_5,2023-05-25,history_tfidf,49,history_tfidf|lambda=1|scaling=column_standardized,history_tfidf|lambda=1|scaling=column_standardized,hike,hold,"[0.029697480503188045, 0.965987485665743, 0.004315033831069115]",650,-6.013550613166998
6,decision_close_2023_6,2023-06-22,history_tfidf,50,history_tfidf|lambda=1|scaling=column_standardized,history_tfidf|lambda=1|scaling=column_standardized,hike,hold,"[0.13144252014766325, 0.7023293718023232, 0.16622810805001353]",250,52.83005419594692
7,decision_close_2023_7,2023-07-20,history_tfidf,51,history_tfidf|lambda=1|scaling=column_standardized,history_tfidf|lambda=1|scaling=column_standardized,hike,hike,"[0.07189182071828873, 0.3262184230249017, 0.6018897562568096]",750,133.4819977505007
8,decision_close_2023_8,2023-08-24,history_tfidf,52,history_tfidf|lambda=1|scaling=column_standardized,history_tfidf|lambda=0.01|scaling=column_standardized,hike,hike,"[0.03701745565574898, 0.12506397266321884, 0.8379185716810323]",500,561.5244112534211
9,decision_close_2023_9,2023-09-21,history_tfidf,53,history_tfidf|lambda=1|scaling=column_standardized,history_tfidf|lambda=1|scaling=column_standardized,hike,hike,"[0.034404501769495624, 0.06853162264882438, 0.8970638755816799]",500,463.3213505940151
10,decision_close_2023_10,2023-10-26,history_tfidf,54,history_tfidf|lambda=1|scaling=column_standardized,history_tfidf|lambda=1|scaling=column_standardized,hike,hike,"[0.02503016292140318, 0.06940058710874478, 0.9055692499698519]",500,462.0536734041207
11,decision_close_2023_11,2023-11-23,history_tfidf,55,history_tfidf|lambda=1|scaling=column_standardized,history_tfidf|lambda=1|scaling=column_standardized,hike,hike,"[0.0881838682997356, 0.20502849212404542, 0.7067876395762189]",250,239.54747485224962
12,decision_close_2023_12,2023-12-21,history_tfidf,56,history_tfidf|lambda=1|scaling=column_standardized,history_tfidf|lambda=1|scaling=column_standardized,hike,hike,"[0.03446227119953807, 0.06537289782267944, 0.9001648309777825]",250,237.28163083092534
13,decision_close_2024_1,2024-01-25,history_tfidf,57,history_tfidf|lambda=1|scaling=column_standardized,history_tfidf|lambda=1|scaling=column_standardized,hold,hike,"[0.05960618501223754, 0.13145896094546067, 0.8089348540423018]",0,219.5300807191285
14,decision_close_2024_2,2024-02-22,history_tfidf,58,history_tfidf|lambda=1|scaling=column_standardized,history_tfidf|lambda=1|scaling=column_standardized,hike,hold,"[0.04604238914664322, 0.6690906406013645, 0.28486697025199237]",500,134.14201307778316
15,decision_close_2024_3,2024-03-21,history_tfidf,59,history_tfidf|lambda=1|scaling=column_standardized,history_tfidf|lambda=1|scaling=column_standardized,hold,hike,"[0.04307878388259748, 0.26424596790756893, 0.6926752482098335]",0,328.08615169630366
16,decision_close_2024_4,2024-04-25,history_tfidf,60,history_tfidf|lambda=1|scaling=column_standardized,history_tfidf|lambda=1|scaling=column_standardized,hold,hold,"[0.018507655791151673, 0.9049986161078044, 0.07649372810104373]",0,22.609704415250313
17,decision_close_2024_5,2024-05-23,history_tfidf,61,history_tfidf|lambda=1|scaling=column_standardized,history_tfidf|lambda=1|scaling=column_standardized,hold,hold,"[0.01753326658851228, 0.8768819238898211, 0.10558480952166671]",0,64.56090748961122
18,decision_close_2024_6,2024-06-27,history_tfidf,62,history_tfidf|lambda=1|scaling=column_standardized,history_tfidf|lambda=1|scaling=column_standardized,hold,hold,"[0.012058207056548363, 0.9440373640998749, 0.04390442884357652]",0,32.86302219909632
19,decision_close_2024_7,2024-07-23,history_tfidf,63,history_tfidf|lambda=1|scaling=column_standardized,history_tfidf|lambda=1|scaling=column_standardized,hold,hold,"[0.02310210249226367, 0.9201454204326077, 0.05675247707512858]",0,21.670722035880942
20,decision_close_2024_8,2024-08-20,history_tfidf,64,history_tfidf|lambda=1|scaling=column_standardized,history_tfidf|lambda=0.01|scaling=column_standardized,hold,hold,"[0.01914262272594285, 0.9316139637590353, 0.049243413515022]",0,3.5442381164975947
21,decision_close_2024_9,2024-09-19,history_tfidf,65,history_tfidf|lambda=1|scaling=column_standardized,history_tfidf|lambda=0.01|scaling=column_standardized,hold,hold,"[0.017665042231205852, 0.9364770930345677, 0.04585786473422642]",0,36.5444699106153
22,decision_close_2024_10,2024-10-17,history_tfidf,66,history_tfidf|lambda=1|scaling=column_standardized,history_tfidf|lambda=0.01|scaling=column_standardized,hold,hold,"[0.019473767386180625, 0.9452776671867559, 0.0352485654270635]",0,-23.1825645210506
23,decision_close_2024_11,2024-11-21,history_tfidf,67,history_tfidf|lambda=1|scaling=column_standardized,history_tfidf|lambda=0.01|scaling=column_standardized,cut,hold,"[0.014477593787598579, 0.9554320079665223, 0.0300903982458791]",-250,18.734020220193553
24,decision_close_2024_12,2024-12-26,history_tfidf,68,history_tfidf|lambda=1|scaling=column_standardized,history_tfidf|lambda=0.01|scaling=column_standardized,cut,hold,"[0.21666440191484804, 0.7311222864005388, 0.05221331168461319]",-250,-161.24351454940594
25,decision_close_2025_1,2025-01-23,history_tfidf,69,history_tfidf|lambda=1|scaling=column_standardized,history_tfidf|lambda=0.01|scaling=column_standardized,cut,cut,"[0.7596745166114526, 0.1792407827439175, 0.06108470064462992]",-250,-228.1687032801117
26,decision_close_2025_2,2025-03-06,history_tfidf,70,history_tfidf|lambda=1|scaling=column_standardized,history_tfidf|lambda=0.01|scaling=column_standardized,hold,cut,"[0.8190049281364714, 0.09999634743865117, 0.08099872442487738]",0,-173.34207639313587
27,decision_close_2025_3,2025-03-20,history_tfidf,71,history_tfidf|lambda=1|scaling=column_standardized,history_tfidf|lambda=0.01|scaling=column_standardized,hike,hold,"[0.07940271197431854, 0.850250801547956, 0.07034648647772558]",350,-21.26439429226517
28,decision_close_2025_4,2025-04-17,history_tfidf,72,history_tfidf|lambda=1|scaling=column_standardized,history_tfidf|lambda=0.01|scaling=column_standardized,hold,hold,"[0.26400571597572803, 0.6394748647685962, 0.09651941925567584]",0,-35.95091422996387
29,decision_close_2025_5,2025-06-19,history_tfidf,73,history_tfidf|lambda=1|scaling=column_standardized,history_tfidf|lambda=0.01|scaling=column_standardized,cut,hold,"[0.14231582405792242, 0.8116953885811375, 0.04598878736094001]",-300,-44.32850565283806
30,decision_close_2025_6,2025-07-24,history_tfidf,74,history_tfidf|lambda=1|scaling=column_standardized,history_tfidf|lambda=0.01|scaling=column_standardized,cut,cut,"[0.563376256458676, 0.35303522176804264, 0.08358852177328129]",-250,-74.43005674617858
31,decision_close_2025_7,2025-09-11,history_tfidf,75,history_tfidf|lambda=1|scaling=column_standardized,history_tfidf|lambda=0.01|scaling=column_standardized,cut,hold,"[0.4130553839352211, 0.5452432133446, 0.04170140272017903]",-100,-111.82243302956539
32,decision_close_2025_8,2025-10-23,history_tfidf,76,history_tfidf|lambda=1|scaling=column_standardized,history_tfidf|lambda=0.01|scaling=column_standardized,cut,cut,"[0.7367590948360824, 0.17701394875102094, 0.08622695641289671]",-150,3.073998389591781
33,decision_close_2025_9,2025-12-11,history_tfidf,77,history_tfidf|lambda=1|scaling=column_standardized,history_tfidf|lambda=0.01|scaling=column_standardized,cut,cut,"[0.8543101053889768, 0.1120023320081443, 0.033687562602879036]",-100,-153.47860286533998
34,decision_close_2026_1,2026-01-22,history_tfidf,78,history_tfidf|lambda=1|scaling=column_standardized,history_tfidf|lambda=0.01|scaling=column_standardized,hold,cut,"[0.872398306317343, 0.1028839212456872, 0.024717772436969564]",0,-120.64224423556169
35,decision_close_2026_2,2026-03-12,history_tfidf,79,history_tfidf|lambda=1|scaling=column_standardized,history_tfidf|lambda=0.01|scaling=column_standardized,hold,cut,"[0.5619022238875823, 0.2960170438825963, 0.1420807322298214]",0,-21.996080203681235
36,decision_close_2026_3,2026-04-22,history_tfidf,80,history_tfidf|lambda=0.01|scaling=row_only,history_tfidf|lambda=0.01|scaling=column_standardized,hold,hold,"[0.22654253343525863, 0.7475280043191235, 0.025929462245618057]",0,30.333647939051055
37,decision_close_2026_4,2026-06-11,history_tfidf,81,history_tfidf|lambda=0.01|scaling=row_only,history_tfidf|lambda=0.01|scaling=column_standardized,hold,hold,"[0.21602525440873588, 0.7737372439684632, 0.010237501622801]",0,-43.90025628531822
1,decision_close_2023_1,2023-01-19,history_lsa,45,history_lsa|lambda=0.01|scaling=column_standardized,history_lsa|lambda=1|scaling=row_only,cut,hold,"[0.06887031463468153, 0.9212122864496773, 0.009917398915641293]",-50,-3.707494908257546
2,decision_close_2023_2,2023-02-23,history_lsa,46,history_lsa|lambda=0.01|scaling=column_standardized,history_lsa|lambda=1|scaling=row_only,hold,hold,"[0.22355928920361065, 0.7633260567508942, 0.013114654045495258]",0,-8.726321012378433
3,decision_close_2023_3,2023-03-23,history_lsa,47,history_lsa|lambda=0.01|scaling=column_standardized,history_lsa|lambda=1|scaling=row_only,hold,hold,"[0.11408377042031227, 0.8654090608152615, 0.020507168764426223]",0,-3.2649965022526137
4,decision_close_2023_4,2023-04-27,history_lsa,48,history_lsa|lambda=0.01|scaling=column_standardized,history_lsa|lambda=1|scaling=row_only,hold,hold,"[0.08299268390929067, 0.9051649226833474, 0.011842393407362185]",0,-1.9530809335047943
5,decision_close_2023_5,2023-05-25,history_lsa,49,history_lsa|lambda=0.01|scaling=column_standardized,history_lsa|lambda=1|scaling=row_only,hike,hold,"[0.07540664976551724, 0.9038051817562667, 0.020788168478216264]",650,5.227357898934787
6,decision_close_2023_6,2023-06-22,history_lsa,50,history_lsa|lambda=0.01|scaling=column_standardized,history_lsa|lambda=1|scaling=row_only,hike,hold,"[3.7067104691917444e-05, 0.6479198261780412, 0.3520431067172667]",250,118.37788909679688
7,decision_close_2023_7,2023-07-20,history_lsa,51,history_lsa|lambda=0.01|scaling=column_standardized,history_lsa|lambda=1|scaling=row_only,hike,hike,"[0.0011740607971830388, 0.29556327001516036, 0.7032626691876565]",750,149.42395054868462
8,decision_close_2023_8,2023-08-24,history_lsa,52,history_lsa|lambda=0.01|scaling=row_only,history_lsa|lambda=1|scaling=row_only,hike,hike,"[6.378083405040219e-08, 0.12493662503121115, 0.8750633111879548]",500,254.6042480634679
9,decision_close_2023_9,2023-09-21,history_lsa,53,history_lsa|lambda=0.01|scaling=row_only,history_lsa|lambda=1|scaling=row_only,hike,hike,"[4.693263071810661e-06, 0.09878914015486338, 0.9012061665820651]",500,327.18477013420016
10,decision_close_2023_10,2023-10-26,history_lsa,54,history_lsa|lambda=0.01|scaling=row_only,history_lsa|lambda=1|scaling=row_only,hike,hike,"[1.175218864490279e-05, 0.11351122947815709, 0.886477018333198]",500,303.54071365585276
11,decision_close_2023_11,2023-11-23,history_lsa,55,history_lsa|lambda=0.01|scaling=row_only,history_lsa|lambda=1|scaling=row_only,hike,hike,"[9.581522935951265e-05, 0.10094465071944561, 0.898959534051195]",250,309.73227008470974
12,decision_close_2023_12,2023-12-21,history_lsa,56,history_lsa|lambda=0.01|scaling=row_only,history_lsa|lambda=1|scaling=row_only,hike,hike,"[0.005966155918301962, 0.158015820102255, 0.8360180239794431]",250,237.59203148783615
13,decision_close_2024_1,2024-01-25,history_lsa,57,history_lsa|lambda=0.01|scaling=row_only,history_lsa|lambda=1|scaling=row_only,hold,hike,"[0.04510086708694753, 0.2795695251397141, 0.6753296077733384]",0,165.36543282549266
14,decision_close_2024_2,2024-02-22,history_lsa,58,history_lsa|lambda=0.01|scaling=row_only,history_lsa|lambda=1|scaling=row_only,hike,cut,"[0.6891407636275375, 0.24962785572677149, 0.061231380645691016]",500,83.16670879457672
15,decision_close_2024_3,2024-03-21,history_lsa,59,history_lsa|lambda=0.01|scaling=row_only,history_lsa|lambda=1|scaling=row_only,hold,hike,"[0.0031319646596963675, 0.318109041941224, 0.6787589933990796]",0,169.39092881450696
16,decision_close_2024_4,2024-04-25,history_lsa,60,history_lsa|lambda=0.01|scaling=row_only,history_lsa|lambda=1|scaling=row_only,hold,hold,"[0.18136137993243895, 0.5683680093303989, 0.2502706107371624]",0,149.7564180410562
17,decision_close_2024_5,2024-05-23,history_lsa,61,history_lsa|lambda=0.01|scaling=row_only,history_lsa|lambda=1|scaling=row_only,hold,hold,"[0.4086866263160085, 0.4807602642834926, 0.11055310940049887]",0,54.146556750386196
18,decision_close_2024_6,2024-06-27,history_lsa,62,history_lsa|lambda=0.01|scaling=row_only,history_lsa|lambda=1|scaling=row_only,hold,hold,"[0.4390304224241652, 0.5421196570648975, 0.018849920510937403]",0,8.563182090216854
19,decision_close_2024_7,2024-07-23,history_lsa,63,history_lsa|lambda=0.01|scaling=row_only,history_lsa|lambda=1|scaling=row_only,hold,hold,"[0.23789932660517532, 0.7156630837644332, 0.046437589630391456]",0,19.038280329489602
20,decision_close_2024_8,2024-08-20,history_lsa,64,history_lsa|lambda=0.01|scaling=row_only,history_lsa|lambda=1|scaling=row_only,hold,hold,"[0.15146450477854265, 0.8103065200987017, 0.03822897512275558]",0,14.47499544149346
21,decision_close_2024_9,2024-09-19,history_lsa,65,history_lsa|lambda=0.01|scaling=row_only,history_lsa|lambda=1|scaling=row_only,hold,hold,"[0.12311324923765939, 0.8443976600619326, 0.032489090700408]",0,11.209613461399396
22,decision_close_2024_10,2024-10-17,history_lsa,66,history_lsa|lambda=0.01|scaling=row_only,history_lsa|lambda=1|scaling=row_only,hold,hold,"[0.10052662895149389, 0.8638362837488862, 0.03563708729961993]",0,13.358208506668861
23,decision_close_2024_11,2024-11-21,history_lsa,67,history_lsa|lambda=0.01|scaling=row_only,history_lsa|lambda=1|scaling=row_only,cut,hold,"[0.08697877376111945, 0.8947384967956814, 0.018282729443199374]",-250,3.6590573830925734
24,decision_close_2024_12,2024-12-26,history_lsa,68,history_lsa|lambda=0.01|scaling=row_only,history_lsa|lambda=1|scaling=row_only,cut,cut,"[0.8316745330117592, 0.16622969802920726, 0.0020957689590336876]",-250,-59.78215704345299
25,decision_close_2025_1,2025-01-23,history_lsa,69,history_lsa|lambda=0.01|scaling=row_only,history_lsa|lambda=1|scaling=row_only,cut,cut,"[0.9489392390781847, 0.05049943172101997, 0.0005613292007953833]",-250,-119.91408218520169
26,decision_close_2025_2,2025-03-06,history_lsa,70,history_lsa|lambda=0.01|scaling=row_only,history_lsa|lambda=1|scaling=row_only,hold,cut,"[0.9712244055441328, 0.028715434090536028, 6.0160365331452434e-05]",0,-160.28578932045335
27,decision_close_2025_3,2025-03-20,history_lsa,71,history_lsa|lambda=0.01|scaling=row_only,history_lsa|lambda=1|scaling=row_only,hike,hold,"[0.2924984127922432, 0.683452969370326, 0.024048617837430685]",350,-60.55229026795649
28,decision_close_2025_4,2025-04-17,history_lsa,72,history_lsa|lambda=0.01|scaling=row_only,history_lsa|lambda=1|scaling=row_only,hold,hold,"[0.004694128069156553, 0.8034441741281951, 0.19186169780264808]",0,74.347082377102
29,decision_close_2025_5,2025-06-19,history_lsa,73,history_lsa|lambda=0.01|scaling=row_only,history_lsa|lambda=1|scaling=row_only,cut,hold,"[0.04970771512305577, 0.9467859078756171, 0.003506377001327086]",-300,29.986193785646485
30,decision_close_2025_6,2025-07-24,history_lsa,74,history_lsa|lambda=0.01|scaling=row_only,history_lsa|lambda=1|scaling=row_only,cut,cut,"[0.7622192699755511, 0.22931670192618683, 0.00846402809826207]",-250,-52.06542365507419
31,decision_close_2025_7,2025-09-11,history_lsa,75,history_lsa|lambda=0.01|scaling=row_only,history_lsa|lambda=1|scaling=row_only,cut,cut,"[0.8735324179053905, 0.1261520519782862, 0.00031553011632346465]",-100,-159.8456501030421
32,decision_close_2025_8,2025-10-23,history_lsa,76,history_lsa|lambda=0.01|scaling=row_only,history_lsa|lambda=1|scaling=row_only,cut,cut,"[0.6110057406314433, 0.3863931899010853, 0.002601069467471199]",-150,-114.18048186318966
33,decision_close_2025_9,2025-12-11,history_lsa,77,history_lsa|lambda=0.01|scaling=row_only,history_lsa|lambda=1|scaling=row_only,cut,cut,"[0.7945345061150182, 0.20451870212596648, 0.0009467917590152863]",-100,-106.71753933025494
34,decision_close_2026_1,2026-01-22,history_lsa,78,history_lsa|lambda=0.01|scaling=row_only,history_lsa|lambda=1|scaling=row_only,hold,cut,"[0.589782224721155, 0.40531048962215227, 0.004907285656692749]",0,-80.98185208228696
35,decision_close_2026_2,2026-03-12,history_lsa,79,history_lsa|lambda=0.01|scaling=row_only,history_lsa|lambda=1|scaling=row_only,hold,hold,"[0.33332587513577067, 0.6613138472712393, 0.005360277592990097]",0,-63.561912876640704
36,decision_close_2026_3,2026-04-22,history_lsa,80,history_lsa|lambda=0.01|scaling=row_only,history_lsa|lambda=1|scaling=row_only,hold,hold,"[0.22833883472263647, 0.7425066354487061, 0.02915452982865746]",0,-21.356508027026422
37,decision_close_2026_4,2026-06-11,history_lsa,81,history_lsa|lambda=0.01|scaling=row_only,history_lsa|lambda=1|scaling=row_only,hold,hold,"[0.24938330995815053, 0.7360776097060601, 0.014539080335789422]",0,-32.02784593664868
1,decision_close_2023_1,2023-01-19,history_qwen_all,45,history_qwen_all|lambda=0.01|scaling=fixed,history_qwen_all|lambda=1|scaling=fixed,cut,hold,"[0.05918035255380731, 0.8045296931414165, 0.1362899543047761]",-50,9.923370262639065
2,decision_close_2023_2,2023-02-23,history_qwen_all,46,history_qwen_all|lambda=0.01|scaling=fixed,history_qwen_all|lambda=1|scaling=fixed,hold,hold,"[0.13519662261126128, 0.8635938813946527, 0.001209495994086337]",0,-29.848534800033775
3,decision_close_2023_3,2023-03-23,history_qwen_all,47,history_qwen_all|lambda=0.01|scaling=fixed,history_qwen_all|lambda=1|scaling=fixed,hold,hold,"[0.05765048339571241, 0.8643996182782118, 0.07794989832607582]",0,0.22394393636938487
4,decision_close_2023_4,2023-04-27,history_qwen_all,48,history_qwen_all|lambda=0.01|scaling=fixed,history_qwen_all|lambda=1|scaling=fixed,hold,hold,"[0.04342269371090593, 0.8898374355055082, 0.06673987078358588]",0,0.9160350243936091
5,decision_close_2023_5,2023-05-25,history_qwen_all,49,history_qwen_all|lambda=0.01|scaling=fixed,history_qwen_all|lambda=1|scaling=fixed,hike,hold,"[0.04226282081507921, 0.8718291038044881, 0.08590807538043264]",650,8.162559085627162
6,decision_close_2023_6,2023-06-22,history_qwen_all,50,history_qwen_all|lambda=0.01|scaling=fixed,history_qwen_all|lambda=1|scaling=fixed,hike,hold,"[2.3287107476583584e-06, 0.9609383834096823, 0.03905928787956984]",250,113.03875045373539
7,decision_close_2023_7,2023-07-20,history_qwen_all,51,history_qwen_all|lambda=0.01|scaling=fixed,history_qwen_all|lambda=1|scaling=fixed,hike,hike,"[8.631032656852133e-06, 0.32481497967516715, 0.6751763892921758]",750,175.3233447825538
8,decision_close_2023_8,2023-08-24,history_qwen_all,52,history_qwen_all|lambda=0.01|scaling=fixed,history_qwen_all|lambda=1|scaling=fixed,hike,hike,"[5.191106223644704e-08, 0.26953423128361215, 0.7304657168053256]",500,240.9948724512347
9,decision_close_2023_9,2023-09-21,history_qwen_all,53,history_qwen_all|lambda=0.01|scaling=fixed,history_qwen_all|lambda=1|scaling=fixed,hike,hike,"[1.5224351541290428e-06, 0.10309309468511188, 0.896905382879734]",500,322.2220694516526
10,decision_close_2023_10,2023-10-26,history_qwen_all,54,history_qwen_all|lambda=0.01|scaling=fixed,history_qwen_all|lambda=1|scaling=fixed,hike,hike,"[4.664316977283936e-06, 0.16742173484639708, 0.8325736008366253]",500,297.3854627279687
11,decision_close_2023_11,2023-11-23,history_qwen_all,55,history_qwen_all|lambda=0.01|scaling=fixed,history_qwen_all|lambda=1|scaling=fixed,hike,hike,"[3.8339944597889755e-05, 0.3394401086907013, 0.6605215513647008]",250,272.898693467504
12,decision_close_2023_12,2023-12-21,history_qwen_all,56,history_qwen_all|lambda=0.01|scaling=fixed,history_qwen_all|lambda=1|scaling=fixed,hike,hike,"[0.0012565278876954522, 0.20443465591240345, 0.7943088161999012]",250,228.56497898816204
13,decision_close_2024_1,2024-01-25,history_qwen_all,57,history_qwen_all|lambda=0.01|scaling=fixed,history_qwen_all|lambda=1|scaling=fixed,hold,hike,"[0.01332185464128894, 0.359224886624975, 0.627453258733736]",0,157.40530819029422
14,decision_close_2024_2,2024-02-22,history_qwen_all,58,history_qwen_all|lambda=0.01|scaling=fixed,history_qwen_all|lambda=1|scaling=fixed,hike,cut,"[0.5262170440097406, 0.3697692414754414, 0.10401371451481792]",500,79.3970090961446
15,decision_close_2024_3,2024-03-21,history_qwen_all,59,history_qwen_all|lambda=0.01|scaling=fixed,history_qwen_all|lambda=1|scaling=fixed,hold,hike,"[0.004757945183328286, 0.45505172957835127, 0.5401903252383204]",0,142.97242176960023
16,decision_close_2024_4,2024-04-25,history_qwen_all,60,history_qwen_all|lambda=0.01|scaling=fixed,history_qwen_all|lambda=1|scaling=fixed,hold,hold,"[0.3008562215388971, 0.5340114208744742, 0.16513235758662884]",0,99.86340943527237
17,decision_close_2024_5,2024-05-23,history_qwen_all,61,history_qwen_all|lambda=0.01|scaling=fixed,history_qwen_all|lambda=1|scaling=fixed,hold,cut,"[0.6061394887800625, 0.271696896003188, 0.1221636152167496]",0,71.85167331729482
18,decision_close_2024_6,2024-06-27,history_qwen_all,62,history_qwen_all|lambda=0.01|scaling=fixed,history_qwen_all|lambda=1|scaling=fixed,hold,cut,"[0.694542610307287, 0.28353923533463155, 0.021918154358081487]",0,22.094357484843126
19,decision_close_2024_7,2024-07-23,history_qwen_all,63,history_qwen_all|lambda=0.1|scaling=fixed,history_qwen_all|lambda=1|scaling=fixed,hold,hold,"[0.31291796215087825, 0.5275637053225833, 0.15951833252653833]",0,34.18833559800625
20,decision_close_2024_8,2024-08-20,history_qwen_all,64,history_qwen_all|lambda=0.1|scaling=fixed,history_qwen_all|lambda=1|scaling=fixed,hold,hold,"[0.21424606486030026, 0.7186265974694408, 0.0671273376702588]",0,-31.26082718547903
21,decision_close_2024_9,2024-09-19,history_qwen_all,65,history_qwen_all|lambda=0.1|scaling=fixed,history_qwen_all|lambda=1|scaling=fixed,hold,hold,"[0.13305725077682598, 0.7563584281582663, 0.11058432106490781]",0,16.929993664932972
22,decision_close_2024_10,2024-10-17,history_qwen_all,66,history_qwen_all|lambda=0.1|scaling=fixed,history_qwen_all|lambda=1|scaling=fixed,hold,hold,"[0.118926628068361, 0.7715273315982055, 0.10954604033343354]",0,19.185412403815906
23,decision_close_2024_11,2024-11-21,history_qwen_all,67,history_qwen_all|lambda=0.1|scaling=fixed,history_qwen_all|lambda=1|scaling=fixed,cut,hold,"[0.11105601979798105, 0.8087019349947887, 0.0802420452072303]",-250,7.939915132810027
24,decision_close_2024_12,2024-12-26,history_qwen_all,68,history_qwen_all|lambda=0.1|scaling=fixed,history_qwen_all|lambda=1|scaling=fixed,cut,hold,"[0.3995876773099051, 0.5652752586674276, 0.035137064022667495]",-250,-55.295918126723066
25,decision_close_2025_1,2025-01-23,history_qwen_all,69,history_qwen_all|lambda=0.01|scaling=fixed,history_qwen_all|lambda=1|scaling=fixed,cut,cut,"[0.9697732078654798, 0.029951435316474297, 0.0002753568180457998]",-250,-115.5707438258555
26,decision_close_2025_2,2025-03-06,history_qwen_all,70,history_qwen_all|lambda=0.01|scaling=fixed,history_qwen_all|lambda=1|scaling=fixed,hold,cut,"[0.9876717250762731, 0.012300136405735533, 2.813851799131013e-05]",0,-158.30148926915385
27,decision_close_2025_3,2025-03-20,history_qwen_all,71,history_qwen_all|lambda=0.01|scaling=fixed,history_qwen_all|lambda=1|scaling=fixed,hike,hold,"[0.34139454265920693, 0.656992056115695, 0.001613401225098095]",350,-54.12494620401015
28,decision_close_2025_4,2025-04-17,history_qwen_all,72,history_qwen_all|lambda=0.01|scaling=fixed,history_qwen_all|lambda=1|scaling=fixed,hold,hold,"[0.007012683982853326, 0.904517405807981, 0.08846991020916582]",0,28.136317549613878
29,decision_close_2025_5,2025-06-19,history_qwen_all,73,history_qwen_all|lambda=0.01|scaling=fixed,history_qwen_all|lambda=1|scaling=fixed,cut,hold,"[0.07537648276956845, 0.9232668553701185, 0.0013566618603129109]",-300,-19.080685690493524
30,decision_close_2025_6,2025-07-24,history_qwen_all,74,history_qwen_all|lambda=0.01|scaling=fixed,history_qwen_all|lambda=1|scaling=fixed,cut,cut,"[0.653507537142749, 0.3258952262931688, 0.020597236564082137]",-250,-2.6433337228912306
31,decision_close_2025_7,2025-09-11,history_qwen_all,75,history_qwen_all|lambda=0.01|scaling=fixed,history_qwen_all|lambda=1|scaling=fixed,cut,cut,"[0.919685212857731, 0.08014877345377308, 0.00016601368849581422]",-100,-160.56948248040086
32,decision_close_2025_8,2025-10-23,history_qwen_all,76,history_qwen_all|lambda=0.01|scaling=fixed,history_qwen_all|lambda=1|scaling=fixed,cut,cut,"[0.6348004957497757, 0.3642110422278574, 0.0009884620223670805]",-150,-125.87381703789522
33,decision_close_2025_9,2025-12-11,history_qwen_all,77,history_qwen_all|lambda=0.01|scaling=fixed,history_qwen_all|lambda=1|scaling=fixed,cut,cut,"[0.8378297445044083, 0.1613382610525909, 0.0008319944430009086]",-100,-105.98054251534421
34,decision_close_2026_1,2026-01-22,history_qwen_all,78,history_qwen_all|lambda=0.01|scaling=fixed,history_qwen_all|lambda=1|scaling=fixed,hold,cut,"[0.5179473761237446, 0.4623340338244206, 0.019718590051834704]",0,-64.9520551432067
35,decision_close_2026_2,2026-03-12,history_qwen_all,79,history_qwen_all|lambda=0.01|scaling=fixed,history_qwen_all|lambda=1|scaling=fixed,hold,hold,"[0.3760027683646093, 0.6181666820803288, 0.005830549555062007]",0,-63.49100951907253
36,decision_close_2026_3,2026-04-22,history_qwen_all,80,history_qwen_all|lambda=0.01|scaling=fixed,history_qwen_all|lambda=1|scaling=fixed,hold,hold,"[0.21300804482159078, 0.7606792330310727, 0.026312722147336657]",0,-21.228142058672177
37,decision_close_2026_4,2026-06-11,history_qwen_all,81,history_qwen_all|lambda=0.01|scaling=fixed,history_qwen_all|lambda=1|scaling=fixed,hold,hold,"[0.37283209992825617, 0.625572289168922, 0.0015956109028218632]",0,-75.52304160603997
1,decision_close_2023_1,2023-01-19,history_qwen_inflation,45,history_qwen_inflation|lambda=0.01|scaling=fixed,history_qwen_inflation|lambda=1|scaling=fixed,cut,hold,"[0.06048598507861388, 0.849585741590987, 0.08992827333039928]",-50,4.3518465300328435
2,decision_close_2023_2,2023-02-23,history_qwen_inflation,46,history_qwen_inflation|lambda=0.01|scaling=fixed,history_qwen_inflation|lambda=1|scaling=fixed,hold,hold,"[0.10965706411822655, 0.8333097008803779, 0.05703323500139551]",0,-10.555075652644248
3,decision_close_2023_3,2023-03-23,history_qwen_inflation,47,history_qwen_inflation|lambda=0.01|scaling=fixed,history_qwen_inflation|lambda=1|scaling=fixed,hold,hold,"[0.07335819987892228, 0.8322345657031633, 0.09440723441791446]",0,-4.606411732896744
4,decision_close_2023_4,2023-04-27,history_qwen_inflation,48,history_qwen_inflation|lambda=0.01|scaling=fixed,history_qwen_inflation|lambda=1|scaling=fixed,hold,hold,"[0.05344545693398453, 0.8858407822766486, 0.06071376078936688]",0,-3.944996334509701
5,decision_close_2023_5,2023-05-25,history_qwen_inflation,49,history_qwen_inflation|lambda=0.01|scaling=fixed,history_qwen_inflation|lambda=1|scaling=fixed,hike,hold,"[0.054194361345396076, 0.8432231459689649, 0.10258249268563921]",650,3.5934003433131982
6,decision_close_2023_6,2023-06-22,history_qwen_inflation,50,history_qwen_inflation|lambda=0.01|scaling=fixed,history_qwen_inflation|lambda=1|scaling=fixed,hike,hike,"[7.3129453928742e-07, 0.499414816383581, 0.5005844523218799]",250,121.87069403252148
7,decision_close_2023_7,2023-07-20,history_qwen_inflation,51,history_qwen_inflation|lambda=0.01|scaling=fixed,history_qwen_inflation|lambda=1|scaling=fixed,hike,hike,"[1.4508286894176925e-05, 0.33047942509364037, 0.6695060666194651]",750,161.65361590337844
8,decision_close_2023_8,2023-08-24,history_qwen_inflation,52,history_qwen_inflation|lambda=0.01|scaling=fixed,history_qwen_inflation|lambda=1|scaling=fixed,hike,hike,"[4.038875908753414e-09, 0.07264979938281338, 0.9273501965783111]",500,256.15850015445835
9,decision_close_2023_9,2023-09-21,history_qwen_inflation,53,history_qwen_inflation|lambda=0.01|scaling=fixed,history_qwen_inflation|lambda=1|scaling=fixed,hike,hike,"[4.213431019979892e-07, 0.06733292601257698, 0.9326666526443214]",500,330.18975762810567
10,decision_close_2023_10,2023-10-26,history_qwen_inflation,54,history_qwen_inflation|lambda=0.01|scaling=fixed,history_qwen_inflation|lambda=1|scaling=fixed,hike,hike,"[1.1242323983492693e-06, 0.1137069960419725, 0.8862918797256287]",500,303.2292919160315
11,decision_close_2023_11,2023-11-23,history_qwen_inflation,55,history_qwen_inflation|lambda=0.01|scaling=fixed,history_qwen_inflation|lambda=1|scaling=fixed,hike,hike,"[1.913678302986971e-06, 0.062028032143327354, 0.9379700541783696]",250,324.0456556958572
12,decision_close_2023_12,2023-12-21,history_qwen_inflation,56,history_qwen_inflation|lambda=0.01|scaling=fixed,history_qwen_inflation|lambda=1|scaling=fixed,hike,hike,"[0.0009230340583298993, 0.23017251749590206, 0.7689044484457679]",250,224.80354246746418
13,decision_close_2024_1,2024-01-25,history_qwen_inflation,57,history_qwen_inflation|lambda=0.01|scaling=fixed,history_qwen_inflation|lambda=1|scaling=fixed,hold,hike,"[0.00894375911212117, 0.40392361728307585, 0.5871326236048028]",0,153.81812337377468
14,decision_close_2024_2,2024-02-22,history_qwen_inflation,58,history_qwen_inflation|lambda=0.01|scaling=fixed,history_qwen_inflation|lambda=1|scaling=fixed,hike,cut,"[0.5243515516732776, 0.4007536698057089, 0.0748947785210135]",500,74.06400229391402
15,decision_close_2024_3,2024-03-21,history_qwen_inflation,59,history_qwen_inflation|lambda=0.01|scaling=fixed,history_qwen_inflation|lambda=1|scaling=fixed,hold,hike,"[0.0004237568064034307, 0.16222207852179332, 0.8373541646718033]",0,186.20115703218474
16,decision_close_2024_4,2024-04-25,history_qwen_inflation,60,history_qwen_inflation|lambda=0.01|scaling=fixed,history_qwen_inflation|lambda=1|scaling=fixed,hold,hold,"[0.13957155907938354, 0.6155039386687827, 0.24492450225183376]",0,140.29513691705026
17,decision_close_2024_5,2024-05-23,history_qwen_inflation,61,history_qwen_inflation|lambda=0.01|scaling=fixed,history_qwen_inflation|lambda=1|scaling=fixed,hold,cut,"[0.551092330956225, 0.3803496255771157, 0.06855804346665913]",0,58.47457002778547
18,decision_close_2024_6,2024-06-27,history_qwen_inflation,62,history_qwen_inflation|lambda=0.01|scaling=fixed,history_qwen_inflation|lambda=1|scaling=fixed,hold,cut,"[0.6346938794415624, 0.35548781323962764, 0.009818307318809956]",0,10.433381383910644
19,decision_close_2024_7,2024-07-23,history_qwen_inflation,63,history_qwen_inflation|lambda=0.01|scaling=fixed,history_qwen_inflation|lambda=1|scaling=fixed,hold,hold,"[0.37458049902472873, 0.5936781890038749, 0.031741311971396305]",0,23.33985318345292
20,decision_close_2024_8,2024-08-20,history_qwen_inflation,64,history_qwen_inflation|lambda=0.01|scaling=fixed,history_qwen_inflation|lambda=1|scaling=fixed,hold,hold,"[0.2348846090752062, 0.7362143917552482, 0.028900999169545725]",0,7.5037364488633935
21,decision_close_2024_9,2024-09-19,history_qwen_inflation,65,history_qwen_inflation|lambda=0.01|scaling=fixed,history_qwen_inflation|lambda=1|scaling=fixed,hold,hold,"[0.17140203189445238, 0.8042235781500734, 0.024374389955474154]",0,4.642812044730365
22,decision_close_2024_10,2024-10-17,history_qwen_inflation,66,history_qwen_inflation|lambda=0.01|scaling=fixed,history_qwen_inflation|lambda=1|scaling=fixed,hold,hold,"[0.13649521450492053, 0.8347673841933219, 0.028737401301757667]",0,7.728675920882456
23,decision_close_2024_11,2024-11-21,history_qwen_inflation,67,history_qwen_inflation|lambda=0.01|scaling=fixed,history_qwen_inflation|lambda=1|scaling=fixed,cut,hold,"[0.11931966055954848, 0.8656917677748682, 0.014988571665583263]",-250,-2.3765661822943986
24,decision_close_2024_12,2024-12-26,history_qwen_inflation,68,history_qwen_inflation|lambda=0.01|scaling=fixed,history_qwen_inflation|lambda=1|scaling=fixed,cut,cut,"[0.9022819698292442, 0.09697669018114452, 0.0007413399896115093]",-250,-65.64513214160367
25,decision_close_2025_1,2025-01-23,history_qwen_inflation,69,history_qwen_inflation|lambda=0.01|scaling=fixed,history_qwen_inflation|lambda=1|scaling=fixed,cut,cut,"[0.9752709400632309, 0.02459940505655035, 0.00012965488021877893]",-250,-125.06887228494116
26,decision_close_2025_2,2025-03-06,history_qwen_inflation,70,history_qwen_inflation|lambda=0.01|scaling=fixed,history_qwen_inflation|lambda=1|scaling=fixed,hold,cut,"[0.9887101575898926, 0.011278399755103918, 1.1442655003203497e-05]",0,-166.32076217552853
27,decision_close_2025_3,2025-03-20,history_qwen_inflation,71,history_qwen_inflation|lambda=0.01|scaling=fixed,history_qwen_inflation|lambda=1|scaling=fixed,hike,hold,"[0.2440569486875807, 0.7277916430769432, 0.028151408235475982]",350,-42.44745773425602
28,decision_close_2025_4,2025-04-17,history_qwen_inflation,72,history_qwen_inflation|lambda=0.01|scaling=fixed,history_qwen_inflation|lambda=1|scaling=fixed,hold,hold,"[0.0035670205326842506, 0.7765799168802843, 0.2198530625870316]",0,69.19776927736525
29,decision_close_2025_5,2025-06-19,history_qwen_inflation,73,history_qwen_inflation|lambda=0.01|scaling=fixed,history_qwen_inflation|lambda=1|scaling=fixed,cut,hold,"[0.04541002212209636, 0.9505560465011824, 0.004033931376721243]",-300,21.957653549354752
30,decision_close_2025_6,2025-07-24,history_qwen_inflation,74,history_qwen_inflation|lambda=0.01|scaling=fixed,history_qwen_inflation|lambda=1|scaling=fixed,cut,cut,"[0.8255379819139276, 0.1704072841574682, 0.004054733928604166]",-250,-56.84962530841111
31,decision_close_2025_7,2025-09-11,history_qwen_inflation,75,history_qwen_inflation|lambda=0.01|scaling=fixed,history_qwen_inflation|lambda=1|scaling=fixed,cut,cut,"[0.929636421615756, 0.07027929044517656, 8.428793906734117e-05]",-100,-167.19470625802202
32,decision_close_2025_8,2025-10-23,history_qwen_inflation,76,history_qwen_inflation|lambda=0.01|scaling=fixed,history_qwen_inflation|lambda=1|scaling=fixed,cut,cut,"[0.5154359300749578, 0.48135297749381856, 0.003211092431223578]",-150,-91.90077675877689
33,decision_close_2025_9,2025-12-11,history_qwen_inflation,77,history_qwen_inflation|lambda=0.01|scaling=fixed,history_qwen_inflation|lambda=1|scaling=fixed,cut,cut,"[0.8722106344548746, 0.12742967514821874, 0.0003596903969068907]",-100,-113.57787451506111
34,decision_close_2026_1,2026-01-22,history_qwen_inflation,78,history_qwen_inflation|lambda=0.01|scaling=fixed,history_qwen_inflation|lambda=1|scaling=fixed,hold,cut,"[0.6903263628375748, 0.30722589380530285, 0.002447743357122472]",0,-86.6706624107641
35,decision_close_2026_2,2026-03-12,history_qwen_inflation,79,history_qwen_inflation|lambda=0.01|scaling=fixed,history_qwen_inflation|lambda=1|scaling=fixed,hold,hold,"[0.37555719393179093, 0.62103189228669, 0.0034109137815191873]",0,-70.04334287907322
36,decision_close_2026_3,2026-04-22,history_qwen_inflation,80,history_qwen_inflation|lambda=0.01|scaling=fixed,history_qwen_inflation|lambda=1|scaling=fixed,hold,hold,"[0.2426409764677151, 0.7418051865266283, 0.015553837005656749]",0,-27.753348463318815
37,decision_close_2026_4,2026-06-11,history_qwen_inflation,81,history_qwen_inflation|lambda=0.01|scaling=fixed,history_qwen_inflation|lambda=1|scaling=fixed,hold,hold,"[0.22700170426838537, 0.7666533646917131, 0.006344931039901731]",0,-39.665345208205125
1,decision_close_2023_1,2023-01-19,history_qwen_demand,45,history_qwen_demand|lambda=0.01|scaling=fixed,history_qwen_demand|lambda=1|scaling=fixed,cut,hold,"[0.055247283854681806, 0.8519113924469387, 0.09284132369837951]",-50,5.911639446366156
2,decision_close_2023_2,2023-02-23,history_qwen_demand,46,history_qwen_demand|lambda=0.01|scaling=fixed,history_qwen_demand|lambda=1|scaling=fixed,hold,hold,"[0.10897763934592314, 0.8262372786142436, 0.06478508203983314]",0,-6.433797340631214
3,decision_close_2023_3,2023-03-23,history_qwen_demand,47,history_qwen_demand|lambda=0.01|scaling=fixed,history_qwen_demand|lambda=1|scaling=fixed,hold,hold,"[0.07067406111544383, 0.8313021482367724, 0.09802379064778385]",0,-1.6675723345181026
4,decision_close_2023_4,2023-04-27,history_qwen_demand,48,history_qwen_demand|lambda=0.01|scaling=fixed,history_qwen_demand|lambda=1|scaling=fixed,hold,hold,"[0.052085360646291747, 0.8797022093229584, 0.06821243003074992]",0,-0.1128888227845265
5,decision_close_2023_5,2023-05-25,history_qwen_demand,49,history_qwen_demand|lambda=0.01|scaling=fixed,history_qwen_demand|lambda=1|scaling=fixed,hike,hold,"[0.051405352693302805, 0.8402075981222925, 0.10838704918440474]",650,6.586300712640729
6,decision_close_2023_6,2023-06-22,history_qwen_demand,50,history_qwen_demand|lambda=0.01|scaling=fixed,history_qwen_demand|lambda=1|scaling=fixed,hike,hold,"[5.975604955476076e-07, 0.5767089225688085, 0.42329047987069557]",250,119.8186765149227
7,decision_close_2023_7,2023-07-20,history_qwen_demand,51,history_qwen_demand|lambda=0.01|scaling=fixed,history_qwen_demand|lambda=1|scaling=fixed,hike,hike,"[1.0784066215348062e-05, 0.2023419331630678, 0.797647282770717]",750,168.5035829434337
8,decision_close_2023_8,2023-08-24,history_qwen_demand,52,history_qwen_demand|lambda=0.01|scaling=fixed,history_qwen_demand|lambda=1|scaling=fixed,hike,hike,"[4.265543333864881e-09, 0.1038846653650092, 0.8961153303694477]",500,249.48321739768556
9,decision_close_2023_9,2023-09-21,history_qwen_demand,53,history_qwen_demand|lambda=0.01|scaling=fixed,history_qwen_demand|lambda=1|scaling=fixed,hike,hike,"[3.75207149716754e-07, 0.07521216021477041, 0.9247874645780795]",500,326.80091801186524
10,decision_close_2023_10,2023-10-26,history_qwen_demand,54,history_qwen_demand|lambda=0.01|scaling=fixed,history_qwen_demand|lambda=1|scaling=fixed,hike,hike,"[1.072985875963694e-06, 0.12051716582004832, 0.8794817611940758]",500,299.51368356631735
11,decision_close_2023_11,2023-11-23,history_qwen_demand,55,history_qwen_demand|lambda=0.01|scaling=fixed,history_qwen_demand|lambda=1|scaling=fixed,hike,hike,"[3.3383325574179204e-05, 0.2687980884464277, 0.7311685282279979]",250,252.25840375812675
12,decision_close_2023_12,2023-12-21,history_qwen_demand,56,history_qwen_demand|lambda=0.01|scaling=fixed,history_qwen_demand|lambda=1|scaling=fixed,hike,hike,"[0.0006671282371375385, 0.15472502637755345, 0.8446078453853092]",250,234.23177482180643
13,decision_close_2024_1,2024-01-25,history_qwen_demand,57,history_qwen_demand|lambda=0.01|scaling=fixed,history_qwen_demand|lambda=1|scaling=fixed,hold,hike,"[0.008167922141481572, 0.3285417407875544, 0.6632903370709643]",0,161.6970263303469
14,decision_close_2024_2,2024-02-22,history_qwen_demand,58,history_qwen_demand|lambda=0.01|scaling=fixed,history_qwen_demand|lambda=1|scaling=fixed,hike,cut,"[0.5493665082338622, 0.36397591300510673, 0.08665757876103099]",500,80.72075851079721
15,decision_close_2024_3,2024-03-21,history_qwen_demand,59,history_qwen_demand|lambda=0.01|scaling=fixed,history_qwen_demand|lambda=1|scaling=fixed,hold,hike,"[0.005662825205539967, 0.486484177738369, 0.507852997056091]",0,121.32977615928291
16,decision_close_2024_4,2024-04-25,history_qwen_demand,60,history_qwen_demand|lambda=0.01|scaling=fixed,history_qwen_demand|lambda=1|scaling=fixed,hold,hold,"[0.28292328657927196, 0.5980856710946234, 0.11899104232610475]",0,103.4276083276693
17,decision_close_2024_5,2024-05-23,history_qwen_demand,61,history_qwen_demand|lambda=0.01|scaling=fixed,history_qwen_demand|lambda=1|scaling=fixed,hold,cut,"[0.5609361839072732, 0.33279209025914375, 0.10627172583358305]",0,67.8222370531075
18,decision_close_2024_6,2024-06-27,history_qwen_demand,62,history_qwen_demand|lambda=0.01|scaling=fixed,history_qwen_demand|lambda=0.1|scaling=fixed,hold,cut,"[0.6715742436101942, 0.3123548277743972, 0.016070928615408635]",0,-51.90029432295478
19,decision_close_2024_7,2024-07-23,history_qwen_demand,63,history_qwen_demand|lambda=0.01|scaling=fixed,history_qwen_demand|lambda=1|scaling=fixed,hold,hold,"[0.4146573102807079, 0.5366576679469272, 0.048685021772364764]",0,30.32512343666381
20,decision_close_2024_8,2024-08-20,history_qwen_demand,64,history_qwen_demand|lambda=0.01|scaling=fixed,history_qwen_demand|lambda=1|scaling=fixed,hold,hold,"[0.3393840308027347, 0.6489609775432832, 0.011654991653982]",0,-30.827275346658606
21,decision_close_2024_9,2024-09-19,history_qwen_demand,65,history_qwen_demand|lambda=0.01|scaling=fixed,history_qwen_demand|lambda=1|scaling=fixed,hold,hold,"[0.18871939154762724, 0.765510658618462, 0.045769949833910764]",0,17.6119501114175
22,decision_close_2024_10,2024-10-17,history_qwen_demand,66,history_qwen_demand|lambda=0.01|scaling=fixed,history_qwen_demand|lambda=1|scaling=fixed,hold,hold,"[0.1501726847417073, 0.7988197396916651, 0.051007575566627654]",0,19.607835531641584
23,decision_close_2024_11,2024-11-21,history_qwen_demand,67,history_qwen_demand|lambda=0.01|scaling=fixed,history_qwen_demand|lambda=1|scaling=fixed,cut,hold,"[0.12191004267136243, 0.8516243185510534, 0.02646563877758434]",-250,9.17435236933079
24,decision_close_2024_12,2024-12-26,history_qwen_demand,68,history_qwen_demand|lambda=0.01|scaling=fixed,history_qwen_demand|lambda=1|scaling=fixed,cut,cut,"[0.9172602887323701, 0.08168261728647569, 0.0010570939811544269]",-250,-55.586611224586036
25,decision_close_2025_1,2025-01-23,history_qwen_demand,69,history_qwen_demand|lambda=0.01|scaling=fixed,history_qwen_demand|lambda=1|scaling=fixed,cut,cut,"[0.9810464518909953, 0.01880634354833208, 0.00014720456067279666]",-250,-117.43162101493563
26,decision_close_2025_2,2025-03-06,history_qwen_demand,70,history_qwen_demand|lambda=0.01|scaling=fixed,history_qwen_demand|lambda=0.1|scaling=fixed,hold,cut,"[0.9903113117723483, 0.009673085689759274, 1.5602537892658465e-05]",0,-260.3254162456679
27,decision_close_2025_3,2025-03-20,history_qwen_demand,71,history_qwen_demand|lambda=0.01|scaling=fixed,history_qwen_demand|lambda=1|scaling=fixed,hike,cut,"[0.5154560932578257, 0.4635698816749643, 0.020974025067210113]",350,-57.09585751391616
28,decision_close_2025_4,2025-04-17,history_qwen_demand,72,history_qwen_demand|lambda=0.01|scaling=fixed,history_qwen_demand|lambda=1|scaling=fixed,hold,hold,"[0.004220685955214772, 0.8873031398734825, 0.10847617417130263]",0,34.147121348117274
29,decision_close_2025_5,2025-06-19,history_qwen_demand,73,history_qwen_demand|lambda=0.01|scaling=fixed,history_qwen_demand|lambda=1|scaling=fixed,cut,hold,"[0.05108897563502001, 0.9472916879626897, 0.0016193364022902654]",-300,-8.887405245857959
30,decision_close_2025_6,2025-07-24,history_qwen_demand,74,history_qwen_demand|lambda=0.01|scaling=fixed,history_qwen_demand|lambda=0.1|scaling=fixed,cut,cut,"[0.656227083132289, 0.2894044581799641, 0.0543684586877471]",-250,6.621363866794599
31,decision_close_2025_7,2025-09-11,history_qwen_demand,75,history_qwen_demand|lambda=0.01|scaling=fixed,history_qwen_demand|lambda=0.1|scaling=fixed,cut,cut,"[0.922246731889478, 0.07760564564700036, 0.00014762246352170494]",-100,-260.4887606005957
32,decision_close_2025_8,2025-10-23,history_qwen_demand,76,history_qwen_demand|lambda=0.01|scaling=fixed,history_qwen_demand|lambda=1|scaling=fixed,cut,cut,"[0.8031593075896047, 0.19657062476098633, 0.00027006764940908974]",-150,-152.88308829887993
33,decision_close_2025_9,2025-12-11,history_qwen_demand,77,history_qwen_demand|lambda=0.01|scaling=fixed,history_qwen_demand|lambda=1|scaling=fixed,cut,cut,"[0.8295517978153875, 0.16960340646258826, 0.0008447957220243283]",-100,-102.05757018435075
34,decision_close_2026_1,2026-01-22,history_qwen_demand,78,history_qwen_demand|lambda=0.01|scaling=fixed,history_qwen_demand|lambda=1|scaling=fixed,hold,cut,"[0.637921655862764, 0.35734898837426493, 0.00472935576297096]",0,-76.49852257603233
35,decision_close_2026_2,2026-03-12,history_qwen_demand,79,history_qwen_demand|lambda=0.01|scaling=fixed,history_qwen_demand|lambda=1|scaling=fixed,hold,hold,"[0.2993405632185408, 0.6938943406681908, 0.0067650961132686175]",0,-58.560013818335364
36,decision_close_2026_3,2026-04-22,history_qwen_demand,80,history_qwen_demand|lambda=0.01|scaling=fixed,history_qwen_demand|lambda=1|scaling=fixed,hold,hold,"[0.20163178514166913, 0.7702723090774901, 0.02809590578084072]",0,-17.312471923162857
37,decision_close_2026_4,2026-06-11,history_qwen_demand,81,history_qwen_demand|lambda=0.01|scaling=fixed,history_qwen_demand|lambda=1|scaling=fixed,hold,hold,"[0.2879655586219266, 0.7099411563797763, 0.0020932849982972777]",0,-68.99105840997028
1,decision_close_2023_1,2023-01-19,history_qwen_forward,45,history_qwen_forward|lambda=0.01|scaling=fixed,history_qwen_forward|lambda=1|scaling=fixed,cut,hold,"[0.055759580878541555, 0.8081090770709435, 0.13613134205051505]",-50,7.538202657583614
2,decision_close_2023_2,2023-02-23,history_qwen_forward,46,history_qwen_forward|lambda=0.01|scaling=fixed,history_qwen_forward|lambda=1|scaling=fixed,hold,hold,"[0.17838012171351772, 0.8203852756470902, 0.001234602639391915]",0,-29.947053679854953
3,decision_close_2023_3,2023-03-23,history_qwen_forward,47,history_qwen_forward|lambda=0.01|scaling=fixed,history_qwen_forward|lambda=1|scaling=fixed,hold,hold,"[0.05959164129632339, 0.8600600181704382, 0.0803483405332384]",0,1.9183858609735123
4,decision_close_2023_4,2023-04-27,history_qwen_forward,48,history_qwen_forward|lambda=0.01|scaling=fixed,history_qwen_forward|lambda=1|scaling=fixed,hold,hold,"[0.04411105598561712, 0.889697371736111, 0.06619157227827195]",0,3.3765151752910367
5,decision_close_2023_5,2023-05-25,history_qwen_forward,49,history_qwen_forward|lambda=0.01|scaling=fixed,history_qwen_forward|lambda=1|scaling=fixed,hike,hold,"[0.043265425906653276, 0.8698049843838643, 0.08692958970948245]",650,9.671958879298705
6,decision_close_2023_6,2023-06-22,history_qwen_forward,50,history_qwen_forward|lambda=0.01|scaling=fixed,history_qwen_forward|lambda=1|scaling=fixed,hike,hold,"[1.5329766359167692e-06, 0.9491409558968217, 0.05085751112654273]",250,111.79478589292715
7,decision_close_2023_7,2023-07-20,history_qwen_forward,51,history_qwen_forward|lambda=0.01|scaling=fixed,history_qwen_forward|lambda=1|scaling=fixed,hike,hold,"[4.8795012412122236e-05, 0.5693876236011866, 0.430563581386401]",750,145.30572306197647
8,decision_close_2023_8,2023-08-24,history_qwen_forward,52,history_qwen_forward|lambda=0.01|scaling=fixed,history_qwen_forward|lambda=1|scaling=fixed,hike,hike,"[2.630658518274563e-08, 0.23226135137542842, 0.7677386223179861]",500,245.56935566178137
9,decision_close_2023_9,2023-09-21,history_qwen_forward,53,history_qwen_forward|lambda=0.01|scaling=fixed,history_qwen_forward|lambda=1|scaling=fixed,hike,hike,"[8.787651927710454e-07, 0.0877792390117664, 0.9122198822230408]",500,323.60416014102
10,decision_close_2023_10,2023-10-26,history_qwen_forward,54,history_qwen_forward|lambda=0.01|scaling=fixed,history_qwen_forward|lambda=1|scaling=fixed,hike,hike,"[3.2388711745311543e-06, 0.1728495380212064, 0.8271472231076187]",500,297.4771758279273
11,decision_close_2023_11,2023-11-23,history_qwen_forward,55,history_qwen_forward|lambda=0.01|scaling=fixed,history_qwen_forward|lambda=1|scaling=fixed,hike,hike,"[2.1139259630772128e-05, 0.170830396946688, 0.8291484637936808]",250,296.8414938138067
12,decision_close_2023_12,2023-12-21,history_qwen_forward,56,history_qwen_forward|lambda=0.01|scaling=fixed,history_qwen_forward|lambda=1|scaling=fixed,hike,hike,"[0.0013582032920145246, 0.24743083777189842, 0.7512109589360871]",250,227.06561913059207
13,decision_close_2024_1,2024-01-25,history_qwen_forward,57,history_qwen_forward|lambda=0.01|scaling=fixed,history_qwen_forward|lambda=1|scaling=fixed,hold,hike,"[0.014520502144940018, 0.42032474775771267, 0.5651547500973472]",0,156.6163262655582
14,decision_close_2024_2,2024-02-22,history_qwen_forward,58,history_qwen_forward|lambda=0.01|scaling=fixed,history_qwen_forward|lambda=1|scaling=fixed,hike,cut,"[0.5601286416320095, 0.35356437405564484, 0.0863069843123455]",500,77.43732013734761
15,decision_close_2024_3,2024-03-21,history_qwen_forward,59,history_qwen_forward|lambda=0.01|scaling=fixed,history_qwen_forward|lambda=1|scaling=fixed,hold,hike,"[0.004443385033602893, 0.33384052412293097, 0.6617160908434663]",0,162.550018586896
16,decision_close_2024_4,2024-04-25,history_qwen_forward,60,history_qwen_forward|lambda=0.01|scaling=fixed,history_qwen_forward|lambda=1|scaling=fixed,hold,hold,"[0.13851177051588087, 0.5055905021508675, 0.3558977273332516]",0,146.0023433619448
17,decision_close_2024_5,2024-05-23,history_qwen_forward,61,history_qwen_forward|lambda=0.01|scaling=fixed,history_qwen_forward|lambda=1|scaling=fixed,hold,cut,"[0.6588013630550902, 0.269801899916214, 0.07139673702869584]",0,58.98164171620006
18,decision_close_2024_6,2024-06-27,history_qwen_forward,62,history_qwen_forward|lambda=0.01|scaling=fixed,history_qwen_forward|lambda=1|scaling=fixed,hold,cut,"[0.7060845546726849, 0.2807604648612078, 0.013154980466107224]",0,12.469964063137972
19,decision_close_2024_7,2024-07-23,history_qwen_forward,63,history_qwen_forward|lambda=0.01|scaling=fixed,history_qwen_forward|lambda=1|scaling=fixed,hold,hold,"[0.4273374080328284, 0.5314554313007146, 0.041207160666456966]",0,24.00673888305351
20,decision_close_2024_8,2024-08-20,history_qwen_forward,64,history_qwen_forward|lambda=0.01|scaling=fixed,history_qwen_forward|lambda=1|scaling=fixed,hold,hold,"[0.24118869321495276, 0.7236260521708248, 0.03518525461422259]",0,12.241688842617696
21,decision_close_2024_9,2024-09-19,history_qwen_forward,65,history_qwen_forward|lambda=0.01|scaling=fixed,history_qwen_forward|lambda=1|scaling=fixed,hold,hold,"[0.17349230907631383, 0.7962017981227687, 0.03030589280091739]",0,9.459427197421222
22,decision_close_2024_10,2024-10-17,history_qwen_forward,66,history_qwen_forward|lambda=0.01|scaling=fixed,history_qwen_forward|lambda=1|scaling=fixed,hold,hold,"[0.14016830449515347, 0.8252686135188033, 0.03456308198604324]",0,12.045527748998255
23,decision_close_2024_11,2024-11-21,history_qwen_forward,67,history_qwen_forward|lambda=0.01|scaling=fixed,history_qwen_forward|lambda=1|scaling=fixed,cut,hold,"[0.1158337209419498, 0.8645339763761213, 0.019632302681929198]",-250,2.849026473972188
24,decision_close_2024_12,2024-12-26,history_qwen_forward,68,history_qwen_forward|lambda=0.01|scaling=fixed,history_qwen_forward|lambda=1|scaling=fixed,cut,cut,"[0.8919617162085349, 0.10675960930164335, 0.00127867448982154]",-250,-59.24713637491358
25,decision_close_2025_1,2025-01-23,history_qwen_forward,69,history_qwen_forward|lambda=0.01|scaling=fixed,history_qwen_forward|lambda=1|scaling=fixed,cut,cut,"[0.9758082562078446, 0.024017211152734422, 0.00017453263942127133]",-250,-119.93583393844402
26,decision_close_2025_2,2025-03-06,history_qwen_forward,70,history_qwen_forward|lambda=0.01|scaling=fixed,history_qwen_forward|lambda=1|scaling=fixed,hold,cut,"[0.9879801548764129, 0.01199933230368694, 2.0512819899894888e-05]",0,-159.07455532171747
27,decision_close_2025_3,2025-03-20,history_qwen_forward,71,history_qwen_forward|lambda=0.01|scaling=fixed,history_qwen_forward|lambda=1|scaling=fixed,hike,cut,"[0.6827470382265305, 0.316766486128648, 0.0004864756448216047]",350,-87.31200843814881
28,decision_close_2025_4,2025-04-17,history_qwen_forward,72,history_qwen_forward|lambda=0.01|scaling=fixed,history_qwen_forward|lambda=1|scaling=fixed,hold,hold,"[0.0026150527203742716, 0.7386034650372661, 0.2587814822423596]",0,73.55821082509132
29,decision_close_2025_5,2025-06-19,history_qwen_forward,73,history_qwen_forward|lambda=0.01|scaling=fixed,history_qwen_forward|lambda=1|scaling=fixed,cut,hold,"[0.04797511534474728, 0.9458816488990077, 0.006143235756244826]",-300,30.91656518056999
30,decision_close_2025_6,2025-07-24,history_qwen_forward,74,history_qwen_forward|lambda=0.01|scaling=fixed,history_qwen_forward|lambda=1|scaling=fixed,cut,cut,"[0.889613654406771, 0.10929576602329387, 0.0010905795699349948]",-250,-64.78462292725631
31,decision_close_2025_7,2025-09-11,history_qwen_forward,75,history_qwen_forward|lambda=0.01|scaling=fixed,history_qwen_forward|lambda=1|scaling=fixed,cut,cut,"[0.8924157284928986, 0.10738718407116825, 0.00019708743593285343]",-100,-158.56899960765415
32,decision_close_2025_8,2025-10-23,history_qwen_forward,76,history_qwen_forward|lambda=0.01|scaling=fixed,history_qwen_forward|lambda=1|scaling=fixed,cut,cut,"[0.6820307968560034, 0.31618366286615235, 0.001785540277844096]",-150,-113.35407804583957
33,decision_close_2025_9,2025-12-11,history_qwen_forward,77,history_qwen_forward|lambda=0.01|scaling=fixed,history_qwen_forward|lambda=1|scaling=fixed,cut,cut,"[0.8253604100897293, 0.17388480603047626, 0.0007547838797944229]",-100,-104.94936854994434
34,decision_close_2026_1,2026-01-22,history_qwen_forward,78,history_qwen_forward|lambda=0.01|scaling=fixed,history_qwen_forward|lambda=1|scaling=fixed,hold,hold,"[0.4470962354393375, 0.5328744080822545, 0.020029356478408065]",0,-61.16229425107451
35,decision_close_2026_2,2026-03-12,history_qwen_forward,79,history_qwen_forward|lambda=0.01|scaling=fixed,history_qwen_forward|lambda=1|scaling=fixed,hold,hold,"[0.33360483473973834, 0.6613291938427243, 0.005065971417537359]",0,-62.6567641891485
36,decision_close_2026_3,2026-04-22,history_qwen_forward,80,history_qwen_forward|lambda=0.01|scaling=fixed,history_qwen_forward|lambda=1|scaling=fixed,hold,hold,"[0.2166572825401251, 0.7618811589482807, 0.021461558511594158]",0,-21.363120729099606
37,decision_close_2026_4,2026-06-11,history_qwen_forward,81,history_qwen_forward|lambda=0.01|scaling=fixed,history_qwen_forward|lambda=1|scaling=fixed,hold,hold,"[0.20812446981136246, 0.783112466613249, 0.008763063575388317]",0,-32.75200439921705
1,decision_close_2023_1,2023-01-19,history_qwen_scores_only,45,history_qwen_scores_only|lambda=0.01|scaling=fixed,history_qwen_scores_only|lambda=1|scaling=fixed,cut,hold,"[0.06659484334154503, 0.8456007233604493, 0.08780443329800561]",-50,1.9175109940035489
2,decision_close_2023_2,2023-02-23,history_qwen_scores_only,46,history_qwen_scores_only|lambda=0.01|scaling=fixed,history_qwen_scores_only|lambda=1|scaling=fixed,hold,hold,"[0.13824885007104845, 0.8601496676290752, 0.001601482299876291]",0,-28.814263539701834
3,decision_close_2023_3,2023-03-23,history_qwen_scores_only,47,history_qwen_scores_only|lambda=0.01|scaling=fixed,history_qwen_scores_only|lambda=1|scaling=fixed,hold,hold,"[0.06781388788122895, 0.8439566130428825, 0.08822949907588869]",0,2.112009355502646
4,decision_close_2023_4,2023-04-27,history_qwen_scores_only,48,history_qwen_scores_only|lambda=0.01|scaling=fixed,history_qwen_scores_only|lambda=1|scaling=fixed,hold,hold,"[0.049873545887857064, 0.8764947430045469, 0.0736317111075962]",0,2.6801136280057563
5,decision_close_2023_5,2023-05-25,history_qwen_scores_only,49,history_qwen_scores_only|lambda=0.01|scaling=fixed,history_qwen_scores_only|lambda=1|scaling=fixed,hike,hold,"[0.04924105918303504, 0.8516992109318414, 0.09905972988512357]",650,9.915175846628117
6,decision_close_2023_6,2023-06-22,history_qwen_scores_only,50,history_qwen_scores_only|lambda=0.01|scaling=fixed,history_qwen_scores_only|lambda=1|scaling=fixed,hike,hold,"[1.1117505491455255e-06, 0.9687607664802902, 0.031238121769160222]",250,112.43730136028735
7,decision_close_2023_7,2023-07-20,history_qwen_scores_only,51,history_qwen_scores_only|lambda=0.01|scaling=fixed,history_qwen_scores_only|lambda=1|scaling=fixed,hike,hike,"[5.352068893329158e-06, 0.22508347364746029, 0.7749111742836461]",750,176.57542682777384
8,decision_close_2023_8,2023-08-24,history_qwen_scores_only,52,history_qwen_scores_only|lambda=0.01|scaling=fixed,history_qwen_scores_only|lambda=1|scaling=fixed,hike,hike,"[1.6211033169961806e-08, 0.245734708581034, 0.7542652752079325]",500,241.12014948704487
9,decision_close_2023_9,2023-09-21,history_qwen_scores_only,53,history_qwen_scores_only|lambda=0.01|scaling=fixed,history_qwen_scores_only|lambda=1|scaling=fixed,hike,hike,"[4.4777438064955007e-07, 0.09955444890900385, 0.9004451033166155]",500,317.95327722704656
10,decision_close_2023_10,2023-10-26,history_qwen_scores_only,54,history_qwen_scores_only|lambda=0.01|scaling=fixed,history_qwen_scores_only|lambda=1|scaling=fixed,hike,hike,"[1.3075189111746288e-06, 0.15770931984392383, 0.8422893726371653]",500,292.62062824645454
11,decision_close_2023_11,2023-11-23,history_qwen_scores_only,55,history_qwen_scores_only|lambda=0.01|scaling=fixed,history_qwen_scores_only|lambda=1|scaling=fixed,hike,hike,"[1.6516154834697132e-05, 0.2538567926332453, 0.7461266912119195]",250,280.9838447207625
12,decision_close_2023_12,2023-12-21,history_qwen_scores_only,56,history_qwen_scores_only|lambda=0.01|scaling=fixed,history_qwen_scores_only|lambda=1|scaling=fixed,hike,hike,"[0.000727282000349244, 0.174777886561465, 0.8244948314381858]",250,236.60835843290954
13,decision_close_2024_1,2024-01-25,history_qwen_scores_only,57,history_qwen_scores_only|lambda=0.01|scaling=fixed,history_qwen_scores_only|lambda=1|scaling=fixed,hold,hike,"[0.009512159616341765, 0.3423283278090394, 0.648159512574619]",0,164.37746121395256
14,decision_close_2024_2,2024-02-22,history_qwen_scores_only,58,history_qwen_scores_only|lambda=0.01|scaling=fixed,history_qwen_scores_only|lambda=1|scaling=fixed,hike,cut,"[0.5080921400661877, 0.38216537998448125, 0.10974247994933091]",500,85.97324121150496
15,decision_close_2024_3,2024-03-21,history_qwen_scores_only,59,history_qwen_scores_only|lambda=0.01|scaling=fixed,history_qwen_scores_only|lambda=1|scaling=fixed,hold,hike,"[0.0036750672772410463, 0.44225518225796395, 0.5540697504647951]",0,146.81391058916222
16,decision_close_2024_4,2024-04-25,history_qwen_scores_only,60,history_qwen_scores_only|lambda=0.01|scaling=fixed,history_qwen_scores_only|lambda=1|scaling=fixed,hold,hold,"[0.24932990658538393, 0.5807696740818077, 0.16990041933280825]",0,103.03006628333513
17,decision_close_2024_5,2024-05-23,history_qwen_scores_only,61,history_qwen_scores_only|lambda=0.01|scaling=fixed,history_qwen_scores_only|lambda=1|scaling=fixed,hold,cut,"[0.48718192896240453, 0.3827607849805552, 0.13005728605704023]",0,62.1883400696527
18,decision_close_2024_6,2024-06-27,history_qwen_scores_only,62,history_qwen_scores_only|lambda=0.01|scaling=fixed,history_qwen_scores_only|lambda=1|scaling=fixed,hold,cut,"[0.6531735537832323, 0.324544202209044, 0.02228224400772359]",0,14.352905926309143
19,decision_close_2024_7,2024-07-23,history_qwen_scores_only,63,history_qwen_scores_only|lambda=0.1|scaling=fixed,history_qwen_scores_only|lambda=1|scaling=fixed,hold,hold,"[0.25668086198479384, 0.5914876570431273, 0.1518314809720789]",0,27.357192513741058
20,decision_close_2024_8,2024-08-20,history_qwen_scores_only,64,history_qwen_scores_only|lambda=0.1|scaling=fixed,history_qwen_scores_only|lambda=1|scaling=fixed,hold,hold,"[0.27567395233449454, 0.657361579933936, 0.06696446773156951]",0,-27.68780258607813
21,decision_close_2024_9,2024-09-19,history_qwen_scores_only,65,history_qwen_scores_only|lambda=0.1|scaling=fixed,history_qwen_scores_only|lambda=1|scaling=fixed,hold,hold,"[0.1819398733634268, 0.701311924732837, 0.1167482019037362]",0,21.063382595200483
22,decision_close_2024_10,2024-10-17,history_qwen_scores_only,66,history_qwen_scores_only|lambda=0.1|scaling=fixed,history_qwen_scores_only|lambda=1|scaling=fixed,hold,hold,"[0.16082802686512596, 0.7228372781831136, 0.1163346949517604]",0,23.138679276944423
23,decision_close_2024_11,2024-11-21,history_qwen_scores_only,67,history_qwen_scores_only|lambda=0.1|scaling=fixed,history_qwen_scores_only|lambda=1|scaling=fixed,cut,hold,"[0.14787231203412388, 0.7664878683077425, 0.0856398196581337]",-250,11.721561783757794
24,decision_close_2024_12,2024-12-26,history_qwen_scores_only,68,history_qwen_scores_only|lambda=0.1|scaling=fixed,history_qwen_scores_only|lambda=1|scaling=fixed,cut,hold,"[0.47216533010814693, 0.49483315417991725, 0.0330015157119359]",-250,-51.29770329235187
25,decision_close_2025_1,2025-01-23,history_qwen_scores_only,69,history_qwen_scores_only|lambda=0.01|scaling=fixed,history_qwen_scores_only|lambda=1|scaling=fixed,cut,cut,"[0.9738004614886366, 0.025959792685191347, 0.00023974582617209358]",-250,-111.08255634906779
26,decision_close_2025_2,2025-03-06,history_qwen_scores_only,70,history_qwen_scores_only|lambda=0.01|scaling=fixed,history_qwen_scores_only|lambda=1|scaling=fixed,hold,cut,"[0.9890951745116399, 0.010879985801886361, 2.4839686473492045e-05]",0,-153.91965357083407
27,decision_close_2025_3,2025-03-20,history_qwen_scores_only,71,history_qwen_scores_only|lambda=0.01|scaling=fixed,history_qwen_scores_only|lambda=1|scaling=fixed,hike,hold,"[0.3893702263949122, 0.6091287501823027, 0.001501023422784831]",350,-51.67200246427783
28,decision_close_2025_4,2025-04-17,history_qwen_scores_only,72,history_qwen_scores_only|lambda=0.01|scaling=fixed,history_qwen_scores_only|lambda=1|scaling=fixed,hold,hold,"[0.007235956833221092, 0.9063415436725536, 0.0864224994942254]",0,31.991443616550015
29,decision_close_2025_5,2025-06-19,history_qwen_scores_only,73,history_qwen_scores_only|lambda=0.01|scaling=fixed,history_qwen_scores_only|lambda=1|scaling=fixed,cut,hold,"[0.06942752905328108, 0.929198385580566, 0.0013740853661529905]",-300,-16.314402945645266
30,decision_close_2025_6,2025-07-24,history_qwen_scores_only,74,history_qwen_scores_only|lambda=0.01|scaling=fixed,history_qwen_scores_only|lambda=1|scaling=fixed,cut,cut,"[0.6761061443042696, 0.30584115590048877, 0.018052699795241694]",-250,1.1356741862643212
31,decision_close_2025_7,2025-09-11,history_qwen_scores_only,75,history_qwen_scores_only|lambda=0.01|scaling=fixed,history_qwen_scores_only|lambda=1|scaling=fixed,cut,cut,"[0.937731733049306, 0.06214004113980517, 0.000128225810888905]",-100,-156.5434486491161
32,decision_close_2025_8,2025-10-23,history_qwen_scores_only,76,history_qwen_scores_only|lambda=0.01|scaling=fixed,history_qwen_scores_only|lambda=1|scaling=fixed,cut,cut,"[0.6808246959122077, 0.31828329534867167, 0.0008920087391203971]",-150,-124.17721398432005
33,decision_close_2025_9,2025-12-11,history_qwen_scores_only,77,history_qwen_scores_only|lambda=0.01|scaling=fixed,history_qwen_scores_only|lambda=1|scaling=fixed,cut,cut,"[0.8618634645197071, 0.13743081508131505, 0.000705720398978024]",-100,-102.05712668073494
34,decision_close_2026_1,2026-01-22,history_qwen_scores_only,78,history_qwen_scores_only|lambda=0.01|scaling=fixed,history_qwen_scores_only|lambda=1|scaling=fixed,hold,cut,"[0.6008575311055391, 0.3826456794055362, 0.016496789488924832]",0,-59.17233532596868
35,decision_close_2026_2,2026-03-12,history_qwen_scores_only,79,history_qwen_scores_only|lambda=0.01|scaling=fixed,history_qwen_scores_only|lambda=1|scaling=fixed,hold,hold,"[0.4028408436958473, 0.5916940904546207, 0.005465065849532186]",0,-59.397142266552464
36,decision_close_2026_3,2026-04-22,history_qwen_scores_only,80,history_qwen_scores_only|lambda=0.01|scaling=fixed,history_qwen_scores_only|lambda=1|scaling=fixed,hold,hold,"[0.23651012354298356, 0.738498998823824, 0.024990877633192476]",0,-17.17086654390815
37,decision_close_2026_4,2026-06-11,history_qwen_scores_only,81,history_qwen_scores_only|lambda=0.01|scaling=fixed,history_qwen_scores_only|lambda=1|scaling=fixed,hold,hold,"[0.3671075279239274, 0.6313046150889468, 0.0015878569871259271]",0,-72.98538543048932
1,decision_close_2023_1,2023-01-19,history_qwen_missing_only,45,history_qwen_missing_only|lambda=0.01|scaling=fixed,history_qwen_missing_only|lambda=1|scaling=fixed,cut,hold,"[0.05269375734418885, 0.8505540721206332, 0.09675217053517786]",-50,8.800343777582745
2,decision_close_2023_2,2023-02-23,history_qwen_missing_only,46,history_qwen_missing_only|lambda=0.01|scaling=fixed,history_qwen_missing_only|lambda=1|scaling=fixed,hold,hold,"[0.11613119695074713, 0.8214240573542659, 0.06244474569498691]",0,-8.433647630334232
3,decision_close_2023_3,2023-03-23,history_qwen_missing_only,47,history_qwen_missing_only|lambda=0.01|scaling=fixed,history_qwen_missing_only|lambda=1|scaling=fixed,hold,hold,"[0.07488737269900297, 0.8276250173262786, 0.09748760997471845]",0,-3.594770710608449
4,decision_close_2023_4,2023-04-27,history_qwen_missing_only,48,history_qwen_missing_only|lambda=0.01|scaling=fixed,history_qwen_missing_only|lambda=1|scaling=fixed,hold,hold,"[0.05483953075173413, 0.8789092682902281, 0.06625120095803771]",0,-1.9790874542938237
5,decision_close_2023_5,2023-05-25,history_qwen_missing_only,49,history_qwen_missing_only|lambda=0.01|scaling=fixed,history_qwen_missing_only|lambda=1|scaling=fixed,hike,hold,"[0.05488597719033758, 0.8388876387176089, 0.10622638409205357]",650,4.637489168514529
6,decision_close_2023_6,2023-06-22,history_qwen_missing_only,50,history_qwen_missing_only|lambda=0.01|scaling=fixed,history_qwen_missing_only|lambda=1|scaling=fixed,hike,hold,"[4.078914661916422e-07, 0.5503467101009752, 0.4496528820075589]",250,121.80771747814335
7,decision_close_2023_7,2023-07-20,history_qwen_missing_only,51,history_qwen_missing_only|lambda=0.01|scaling=fixed,history_qwen_missing_only|lambda=1|scaling=fixed,hike,hike,"[3.436283518674643e-05, 0.42494892891616454, 0.5750167082486488]",750,147.80369817690715
8,decision_close_2023_8,2023-08-24,history_qwen_missing_only,52,history_qwen_missing_only|lambda=0.01|scaling=fixed,history_qwen_missing_only|lambda=1|scaling=fixed,hike,hike,"[2.2854721937722037e-09, 0.08680271527803485, 0.9131972824364933]",500,256.8808970925126
9,decision_close_2023_9,2023-09-21,history_qwen_missing_only,53,history_qwen_missing_only|lambda=0.01|scaling=fixed,history_qwen_missing_only|lambda=1|scaling=fixed,hike,hike,"[2.4954557156359707e-07, 0.06473422411681297, 0.9352655263376151]",500,332.66575585887307
10,decision_close_2023_10,2023-10-26,history_qwen_missing_only,54,history_qwen_missing_only|lambda=0.01|scaling=fixed,history_qwen_missing_only|lambda=1|scaling=fixed,hike,hike,"[7.444558080259633e-07, 0.12056890603455088, 0.879430349509641]",500,304.754608180141
11,decision_close_2023_11,2023-11-23,history_qwen_missing_only,55,history_qwen_missing_only|lambda=0.01|scaling=fixed,history_qwen_missing_only|lambda=1|scaling=fixed,hike,hike,"[5.601491123196253e-06, 0.10243416240848857, 0.8975602361003878]",250,295.37569526319174
12,decision_close_2023_12,2023-12-21,history_qwen_missing_only,56,history_qwen_missing_only|lambda=0.01|scaling=fixed,history_qwen_missing_only|lambda=1|scaling=fixed,hike,hike,"[0.0007424667972895882, 0.21234735720574668, 0.7869101759969637]",250,224.1571762202876
13,decision_close_2024_1,2024-01-25,history_qwen_missing_only,57,history_qwen_missing_only|lambda=0.01|scaling=fixed,history_qwen_missing_only|lambda=1|scaling=fixed,hold,hike,"[0.007918490720900421, 0.39947821610559847, 0.5926032931735012]",0,153.3213217371811
14,decision_close_2024_2,2024-02-22,history_qwen_missing_only,58,history_qwen_missing_only|lambda=0.01|scaling=fixed,history_qwen_missing_only|lambda=1|scaling=fixed,hike,cut,"[0.5436688028127437, 0.38085551030022113, 0.0754756868870353]",500,72.57580744482925
15,decision_close_2024_3,2024-03-21,history_qwen_missing_only,59,history_qwen_missing_only|lambda=0.01|scaling=fixed,history_qwen_missing_only|lambda=1|scaling=fixed,hold,hike,"[0.0014124353260703932, 0.2620581619773405, 0.7365294026965892]",0,161.027405110682
16,decision_close_2024_4,2024-04-25,history_qwen_missing_only,60,history_qwen_missing_only|lambda=0.01|scaling=fixed,history_qwen_missing_only|lambda=1|scaling=fixed,hold,hold,"[0.14253336592786708, 0.5922580292515497, 0.26520860482058317]",0,142.39793731438385
17,decision_close_2024_5,2024-05-23,history_qwen_missing_only,61,history_qwen_missing_only|lambda=0.01|scaling=fixed,history_qwen_missing_only|lambda=1|scaling=fixed,hold,cut,"[0.5705752191050879, 0.36202986970433393, 0.06739491119057803]",0,62.68852646689108
18,decision_close_2024_6,2024-06-27,history_qwen_missing_only,62,history_qwen_missing_only|lambda=0.01|scaling=fixed,history_qwen_missing_only|lambda=1|scaling=fixed,hold,cut,"[0.6542568682833971, 0.33584243991471585, 0.009900691801887039]",0,14.791065070730133
19,decision_close_2024_7,2024-07-23,history_qwen_missing_only,63,history_qwen_missing_only|lambda=0.01|scaling=fixed,history_qwen_missing_only|lambda=1|scaling=fixed,hold,hold,"[0.4096142180248765, 0.5590050520867001, 0.031380729888423206]",0,26.164084962583733
20,decision_close_2024_8,2024-08-20,history_qwen_missing_only,64,history_qwen_missing_only|lambda=0.01|scaling=fixed,history_qwen_missing_only|lambda=1|scaling=fixed,hold,hold,"[0.2713269533521048, 0.6988961605274963, 0.029776886120398863]",0,7.00582183639809
21,decision_close_2024_9,2024-09-19,history_qwen_missing_only,65,history_qwen_missing_only|lambda=0.01|scaling=fixed,history_qwen_missing_only|lambda=1|scaling=fixed,hold,hold,"[0.18981789809030858, 0.784480698490325, 0.02570140341936655]",0,4.5000009221405515
22,decision_close_2024_10,2024-10-17,history_qwen_missing_only,66,history_qwen_missing_only|lambda=0.01|scaling=fixed,history_qwen_missing_only|lambda=1|scaling=fixed,hold,hold,"[0.15287215034577917, 0.8169057421987662, 0.030222107455454776]",0,7.37522642501103
23,decision_close_2024_11,2024-11-21,history_qwen_missing_only,67,history_qwen_missing_only|lambda=0.01|scaling=fixed,history_qwen_missing_only|lambda=1|scaling=fixed,cut,hold,"[0.12190840150782535, 0.861985399797475, 0.016106198694699692]",-250,-1.7387623275018416
24,decision_close_2024_12,2024-12-26,history_qwen_missing_only,68,history_qwen_missing_only|lambda=0.01|scaling=fixed,history_qwen_missing_only|lambda=1|scaling=fixed,cut,cut,"[0.9173941763209903, 0.08192833438750582, 0.0006774892915037666]",-250,-65.22480187854019
25,decision_close_2025_1,2025-01-23,history_qwen_missing_only,69,history_qwen_missing_only|lambda=0.01|scaling=fixed,history_qwen_missing_only|lambda=1|scaling=fixed,cut,cut,"[0.9813828982599375, 0.018513618685550386, 0.00010348305451178995]",-250,-126.28816748690699
26,decision_close_2025_2,2025-03-06,history_qwen_missing_only,70,history_qwen_missing_only|lambda=0.01|scaling=fixed,history_qwen_missing_only|lambda=1|scaling=fixed,hold,cut,"[0.990125679288548, 0.009863459321145502, 1.0861390306896439e-05]",0,-165.5470156537099
27,decision_close_2025_3,2025-03-20,history_qwen_missing_only,71,history_qwen_missing_only|lambda=0.01|scaling=fixed,history_qwen_missing_only|lambda=1|scaling=fixed,hike,cut,"[0.5222159055656319, 0.4630707515791632, 0.014713342855204854]",350,-66.03733470272547
28,decision_close_2025_4,2025-04-17,history_qwen_missing_only,72,history_qwen_missing_only|lambda=0.01|scaling=fixed,history_qwen_missing_only|lambda=1|scaling=fixed,hold,hold,"[0.0024394660244126546, 0.7380927907235328, 0.2594677432520547]",0,71.01738317207882
29,decision_close_2025_5,2025-06-19,history_qwen_missing_only,73,history_qwen_missing_only|lambda=0.01|scaling=fixed,history_qwen_missing_only|lambda=1|scaling=fixed,cut,hold,"[0.03970549003992909, 0.9552644320988704, 0.005030077861200387]",-300,28.70148656968939
30,decision_close_2025_6,2025-07-24,history_qwen_missing_only,74,history_qwen_missing_only|lambda=0.01|scaling=fixed,history_qwen_missing_only|lambda=1|scaling=fixed,cut,cut,"[0.842301719653911, 0.1535422705967443, 0.004156009749344616]",-250,-54.925458311975504
31,decision_close_2025_7,2025-09-11,history_qwen_missing_only,75,history_qwen_missing_only|lambda=0.01|scaling=fixed,history_qwen_missing_only|lambda=1|scaling=fixed,cut,cut,"[0.9165981908252528, 0.08328554680867048, 0.00011626236607679847]",-100,-163.97857944687095
32,decision_close_2025_8,2025-10-23,history_qwen_missing_only,76,history_qwen_missing_only|lambda=0.01|scaling=fixed,history_qwen_missing_only|lambda=1|scaling=fixed,cut,cut,"[0.7183332670177528, 0.2804084480188862, 0.0012582849633609883]",-150,-118.29612293332067
33,decision_close_2025_9,2025-12-11,history_qwen_missing_only,77,history_qwen_missing_only|lambda=0.01|scaling=fixed,history_qwen_missing_only|lambda=1|scaling=fixed,cut,cut,"[0.8443815227887235, 0.15509562025268675, 0.0005228569585899465]",-100,-109.40595807146683
34,decision_close_2026_1,2026-01-22,history_qwen_missing_only,78,history_qwen_missing_only|lambda=0.01|scaling=fixed,history_qwen_missing_only|lambda=1|scaling=fixed,hold,cut,"[0.6467338639937977, 0.3500211517078899, 0.0032449842983123477]",0,-83.54862570787778
35,decision_close_2026_2,2026-03-12,history_qwen_missing_only,79,history_qwen_missing_only|lambda=0.01|scaling=fixed,history_qwen_missing_only|lambda=1|scaling=fixed,hold,hold,"[0.3127766341239916, 0.6827918479230527, 0.004431517952955747]",0,-66.06463044438419
36,decision_close_2026_3,2026-04-22,history_qwen_missing_only,80,history_qwen_missing_only|lambda=0.01|scaling=fixed,history_qwen_missing_only|lambda=1|scaling=fixed,hold,hold,"[0.22001275333329154, 0.761173564317005, 0.01881368234970331]",0,-24.770673466639494
37,decision_close_2026_4,2026-06-11,history_qwen_missing_only,81,history_qwen_missing_only|lambda=0.01|scaling=fixed,history_qwen_missing_only|lambda=1|scaling=fixed,hold,hold,"[0.1958596479810872, 0.7963754190232407, 0.007764932995672308]",0,-35.75760420696052
1,decision_close_2023_1,2023-01-19,proxy_market,45,proxy_market|lambda=0.01|scaling=fixed,proxy_market|lambda=1|scaling=fixed,cut,hold,"[0.07976843238959198, 0.9164719376166652, 0.0037596299937427296]",-50,-27.48901499129816
2,decision_close_2023_2,2023-02-23,proxy_market,46,proxy_market|lambda=0.01|scaling=fixed,proxy_market|lambda=1|scaling=fixed,hold,hold,"[0.25511268509806895, 0.7127628001883186, 0.03212451471361235]",0,-22.086713295015617
3,decision_close_2023_3,2023-03-23,proxy_market,47,proxy_market|lambda=0.01|scaling=fixed,proxy_market|lambda=1|scaling=fixed,hold,hold,"[0.07420766179248323, 0.8932483792067615, 0.03254395900075524]",0,-15.32301636507368
4,decision_close_2023_4,2023-04-27,proxy_market,48,proxy_market|lambda=0.01|scaling=fixed,proxy_market|lambda=1|scaling=fixed,hold,hold,"[0.0695363849718746, 0.9152652778142697, 0.01519833721385571]",0,-14.83664343856938
5,decision_close_2023_5,2023-05-25,proxy_market,49,proxy_market|lambda=0.01|scaling=fixed,proxy_market|lambda=1|scaling=fixed,hike,hold,"[0.14472214757722326, 0.8268573118351882, 0.02842054058758865]",650,-8.44570134370391
6,decision_close_2023_6,2023-06-22,proxy_market,50,proxy_market|lambda=0.01|scaling=fixed,proxy_market|lambda=1|scaling=fixed,hike,hold,"[4.0099096269524186e-06, 0.5517703429830733, 0.4482256471073003]",250,133.8557347924214
7,decision_close_2023_7,2023-07-20,proxy_market,51,proxy_market|lambda=0.01|scaling=fixed,proxy_market|lambda=1|scaling=fixed,hike,hike,"[2.2709554204791656e-05, 0.23060945383009648, 0.7693678366156985]",750,179.45706033877684
8,decision_close_2023_8,2023-08-24,proxy_market,52,proxy_market|lambda=0.01|scaling=fixed,proxy_market|lambda=1|scaling=fixed,hike,hike,"[5.351301452220739e-09, 0.04737030186808367, 0.9526296927806153]",500,329.10095986418156
9,decision_close_2023_9,2023-09-21,proxy_market,53,proxy_market|lambda=0.01|scaling=fixed,proxy_market|lambda=1|scaling=fixed,hike,hike,"[1.6691285425699732e-07, 0.1529108544737002, 0.8470889786134458]",500,392.22320531167935
10,decision_close_2023_10,2023-10-26,proxy_market,54,proxy_market|lambda=0.1|scaling=fixed,proxy_market|lambda=1|scaling=fixed,hike,hike,"[0.0006406380826859904, 0.19959322139330427, 0.7997661405240096]",500,358.53918130718375
11,decision_close_2023_11,2023-11-23,proxy_market,55,proxy_market|lambda=0.1|scaling=fixed,proxy_market|lambda=1|scaling=fixed,hike,hike,"[0.0014450661842950615, 0.11035223253591031, 0.8882027012797945]",250,367.15075048271257
12,decision_close_2023_12,2023-12-21,proxy_market,56,proxy_market|lambda=0.1|scaling=fixed,proxy_market|lambda=1|scaling=fixed,hike,hike,"[0.007041397648458219, 0.13202980928736577, 0.860928793064176]",250,296.02781351598804
13,decision_close_2024_1,2024-01-25,proxy_market,57,proxy_market|lambda=0.1|scaling=fixed,proxy_market|lambda=1|scaling=fixed,hold,hike,"[0.028302865010102218, 0.15351414174830957, 0.8181829932415882]",0,224.35339309518017
14,decision_close_2024_2,2024-02-22,proxy_market,58,proxy_market|lambda=0.1|scaling=fixed,proxy_market|lambda=1|scaling=fixed,hike,hike,"[0.09623936285077027, 0.44266911817849486, 0.46109151897073486]",500,148.70014059836214
15,decision_close_2024_3,2024-03-21,proxy_market,59,proxy_market|lambda=0.1|scaling=fixed,proxy_market|lambda=1|scaling=fixed,hold,hike,"[0.017686392264470028, 0.19315184438170743, 0.7891617633538225]",0,232.2330275343439
16,decision_close_2024_4,2024-04-25,proxy_market,60,proxy_market|lambda=0.1|scaling=fixed,proxy_market|lambda=1|scaling=fixed,hold,hike,"[0.053355024412364185, 0.3747533595539283, 0.5718916160337073]",0,205.04564836889983
17,decision_close_2024_5,2024-05-23,proxy_market,61,proxy_market|lambda=0.1|scaling=fixed,proxy_market|lambda=1|scaling=fixed,hold,hold,"[0.14175671436089735, 0.5758236955473879, 0.2824195900917147]",0,103.73979984238817
18,decision_close_2024_6,2024-06-27,proxy_market,62,proxy_market|lambda=0.1|scaling=fixed,proxy_market|lambda=1|scaling=fixed,hold,hold,"[0.19123884499937002, 0.68531921808345, 0.12344193691717989]",0,53.63293565177526
19,decision_close_2024_7,2024-07-23,proxy_market,63,proxy_market|lambda=0.1|scaling=fixed,proxy_market|lambda=1|scaling=fixed,hold,hold,"[0.14211060210397206, 0.7089431662768015, 0.14894623161922646]",0,54.8841260146615
20,decision_close_2024_8,2024-08-20,proxy_market,64,proxy_market|lambda=0.1|scaling=fixed,proxy_market|lambda=1|scaling=fixed,hold,hold,"[0.10485057521629058, 0.7720607801591922, 0.12308864462451707]",0,49.76546866418327
21,decision_close_2024_9,2024-09-19,proxy_market,65,proxy_market|lambda=0.1|scaling=fixed,proxy_market|lambda=1|scaling=fixed,hold,hold,"[0.09140203960980929, 0.8041738457737266, 0.10442411461646411]",0,42.632133694160586
22,decision_close_2024_10,2024-10-17,proxy_market,66,proxy_market|lambda=0.1|scaling=fixed,proxy_market|lambda=1|scaling=fixed,hold,hold,"[0.08274915585178434, 0.8168827346547162, 0.10036810949349952]",0,39.60637652543456
23,decision_close_2024_11,2024-11-21,proxy_market,67,proxy_market|lambda=0.1|scaling=fixed,proxy_market|lambda=1|scaling=fixed,cut,hold,"[0.07258359225506102, 0.8541253759550792, 0.07329103178985963]",-250,30.07729949053687
24,decision_close_2024_12,2024-12-26,proxy_market,68,proxy_market|lambda=0.1|scaling=fixed,proxy_market|lambda=1|scaling=fixed,cut,hold,"[0.39660553006166666, 0.5724903798881927, 0.03090409005014046]",-250,-41.20387623472278
25,decision_close_2025_1,2025-01-23,proxy_market,69,proxy_market|lambda=0.1|scaling=fixed,proxy_market|lambda=1|scaling=fixed,cut,cut,"[0.6993743674672924, 0.2889114846496977, 0.011714147883009857]",-250,-108.86373684012136
26,decision_close_2025_2,2025-03-06,proxy_market,70,proxy_market|lambda=0.1|scaling=fixed,proxy_market|lambda=1|scaling=fixed,hold,cut,"[0.7217246614922995, 0.27199137675882773, 0.006283961748872935]",0,-133.93063995643388
27,decision_close_2025_3,2025-03-20,proxy_market,71,proxy_market|lambda=0.1|scaling=fixed,proxy_market|lambda=1|scaling=fixed,hike,hold,"[0.30136422831686377, 0.6370118489953084, 0.061623922687827945]",350,-36.921558173356765
28,decision_close_2025_4,2025-04-17,proxy_market,72,proxy_market|lambda=0.1|scaling=fixed,proxy_market|lambda=1|scaling=fixed,hold,hold,"[0.047342121910940706, 0.6124049127504995, 0.3402529653385599]",0,94.14805512223677
29,decision_close_2025_5,2025-06-19,proxy_market,73,proxy_market|lambda=0.1|scaling=fixed,proxy_market|lambda=1|scaling=fixed,cut,hold,"[0.08003584286291511, 0.8348273872281993, 0.08513676990888563]",-300,56.23421122767005
30,decision_close_2025_6,2025-07-24,proxy_market,74,proxy_market|lambda=0.1|scaling=fixed,proxy_market|lambda=1|scaling=fixed,cut,cut,"[0.5242599231672047, 0.41802435769108387, 0.057715719141711405]",-250,-45.30654055996997
31,decision_close_2025_7,2025-09-11,proxy_market,75,proxy_market|lambda=0.1|scaling=fixed,proxy_market|lambda=1|scaling=fixed,cut,cut,"[0.7860902760367539, 0.20677082370561697, 0.0071389002576293294]",-100,-153.72096614696858
32,decision_close_2025_8,2025-10-23,proxy_market,76,proxy_market|lambda=0.1|scaling=fixed,proxy_market|lambda=1|scaling=fixed,cut,cut,"[0.6618080048143633, 0.31906419141004805, 0.019127803775588544]",-150,-104.26095191449734
33,decision_close_2025_9,2025-12-11,proxy_market,77,proxy_market|lambda=0.1|scaling=fixed,proxy_market|lambda=1|scaling=fixed,cut,cut,"[0.7147781995998163, 0.2686664131576852, 0.016555387242498606]",-100,-102.15877370802724
34,decision_close_2026_1,2026-01-22,proxy_market,78,proxy_market|lambda=0.1|scaling=fixed,proxy_market|lambda=1|scaling=fixed,hold,cut,"[0.6554791474795406, 0.316129986395514, 0.028390866124945447]",0,-81.89780860832437
35,decision_close_2026_2,2026-03-12,proxy_market,79,proxy_market|lambda=0.1|scaling=fixed,proxy_market|lambda=1|scaling=fixed,hold,hold,"[0.4222842739413635, 0.5312061302960064, 0.046509595762630064]",0,-45.93172922532289
36,decision_close_2026_3,2026-04-22,proxy_market,80,proxy_market|lambda=0.1|scaling=fixed,proxy_market|lambda=1|scaling=fixed,hold,hold,"[0.31624799974014045, 0.5948497891360905, 0.08890221112376913]",0,-11.471187938815783
37,decision_close_2026_4,2026-06-11,proxy_market,81,proxy_market|lambda=0.1|scaling=fixed,proxy_market|lambda=1|scaling=fixed,hold,hold,"[0.3093375251122364, 0.6340544333305456, 0.056608041557218186]",0,-23.394960268722976
1,decision_close_2023_1,2023-01-19,proxy_market_lsa,45,proxy_market_lsa|lambda=0.01|scaling=column_standardized,proxy_market_lsa|lambda=1|scaling=row_only,cut,hold,"[0.12589006955022097, 0.8688417152537462, 0.005268215196032976]",-50,-27.5406299102872
2,decision_close_2023_2,2023-02-23,proxy_market_lsa,46,proxy_market_lsa|lambda=0.01|scaling=column_standardized,proxy_market_lsa|lambda=1|scaling=row_only,hold,hold,"[0.09536972840550262, 0.8951320191152625, 0.00949825247923484]",0,-22.305316535826076
3,decision_close_2023_3,2023-03-23,proxy_market_lsa,47,proxy_market_lsa|lambda=0.01|scaling=column_standardized,proxy_market_lsa|lambda=1|scaling=row_only,hold,hold,"[0.03887629409399646, 0.9458031691874972, 0.015320536718506498]",0,-15.14961344693717
4,decision_close_2023_4,2023-04-27,proxy_market_lsa,48,proxy_market_lsa|lambda=0.01|scaling=column_standardized,proxy_market_lsa|lambda=1|scaling=row_only,hold,hold,"[0.027961365222264185, 0.964343739713711, 0.007694895064024705]",0,-14.624322299976116
5,decision_close_2023_5,2023-05-25,proxy_market_lsa,49,proxy_market_lsa|lambda=0.01|scaling=column_standardized,proxy_market_lsa|lambda=1|scaling=column_standardized,hike,hold,"[0.029702531783977422, 0.9542658794462466, 0.01603158876977598]",650,2.7821532818644106
6,decision_close_2023_6,2023-06-22,proxy_market_lsa,50,proxy_market_lsa|lambda=0.01|scaling=column_standardized,proxy_market_lsa|lambda=1|scaling=column_standardized,hike,hike,"[0.00013370557952110734, 0.4569220868095885, 0.5429442076108905]",250,111.63865149061824
7,decision_close_2023_7,2023-07-20,proxy_market_lsa,51,proxy_market_lsa|lambda=0.01|scaling=column_standardized,proxy_market_lsa|lambda=1|scaling=row_only,hike,hike,"[0.001149433687152134, 0.05680819283638065, 0.9420423734764672]",750,178.43597278131753
8,decision_close_2023_8,2023-08-24,proxy_market_lsa,52,proxy_market_lsa|lambda=0.01|scaling=column_standardized,proxy_market_lsa|lambda=1|scaling=row_only,hike,hike,"[2.4080249437523005e-05, 0.10452733702274478, 0.895448582727818]",500,328.6278939600431
9,decision_close_2023_9,2023-09-21,proxy_market_lsa,53,proxy_market_lsa|lambda=0.01|scaling=column_standardized,proxy_market_lsa|lambda=1|scaling=row_only,hike,hike,"[0.00029479287589628063, 0.009368184796580383, 0.9903370223275236]",500,393.5599090865587
10,decision_close_2023_10,2023-10-26,proxy_market_lsa,54,proxy_market_lsa|lambda=0.01|scaling=column_standardized,proxy_market_lsa|lambda=1|scaling=row_only,hike,hike,"[5.748726456904851e-05, 0.015466536520265608, 0.984475976215165]",500,361.969519711278
11,decision_close_2023_11,2023-11-23,proxy_market_lsa,55,proxy_market_lsa|lambda=0.01|scaling=column_standardized,proxy_market_lsa|lambda=1|scaling=column_standardized,hike,hike,"[0.0013677101441133652, 0.017084585241944637, 0.981547704613942]",250,376.38613553178374
12,decision_close_2023_12,2023-12-21,proxy_market_lsa,56,proxy_market_lsa|lambda=0.01|scaling=column_standardized,proxy_market_lsa|lambda=1|scaling=column_standardized,hike,hike,"[0.020783314258974502, 0.0088062646936215, 0.9704104210474042]",250,313.6551512038081
13,decision_close_2024_1,2024-01-25,proxy_market_lsa,57,proxy_market_lsa|lambda=0.01|scaling=column_standardized,proxy_market_lsa|lambda=1|scaling=row_only,hold,hike,"[0.12781542352958153, 0.00852427363486822, 0.8636603028355503]",0,226.33511656957842
14,decision_close_2024_2,2024-02-22,proxy_market_lsa,58,proxy_market_lsa|lambda=0.01|scaling=column_standardized,proxy_market_lsa|lambda=1|scaling=row_only,hike,hike,"[0.12338878132116829, 0.19336377228881194, 0.6832474463900198]",500,150.68352387431167
15,decision_close_2024_3,2024-03-21,proxy_market_lsa,59,proxy_market_lsa|lambda=0.01|scaling=column_standardized,proxy_market_lsa|lambda=1|scaling=row_only,hold,hike,"[0.00645320351938819, 0.2728878096091348, 0.7206589868714771]",0,232.94819745509034
16,decision_close_2024_4,2024-04-25,proxy_market_lsa,60,proxy_market_lsa|lambda=0.01|scaling=column_standardized,proxy_market_lsa|lambda=1|scaling=row_only,hold,hold,"[0.19870233021146647, 0.5144642550154388, 0.2868334147730948]",0,205.64072212955082
17,decision_close_2024_5,2024-05-23,proxy_market_lsa,61,proxy_market_lsa|lambda=0.01|scaling=column_standardized,proxy_market_lsa|lambda=1|scaling=row_only,hold,hold,"[0.11569681765156647, 0.6988086921602974, 0.18549449018813607]",0,105.78215758625137
18,decision_close_2024_6,2024-06-27,proxy_market_lsa,62,proxy_market_lsa|lambda=0.01|scaling=column_standardized,proxy_market_lsa|lambda=1|scaling=row_only,hold,hold,"[0.14767624728095707, 0.8109121820398092, 0.041411570679233824]",0,55.78743788816111
19,decision_close_2024_7,2024-07-23,proxy_market_lsa,63,proxy_market_lsa|lambda=0.01|scaling=column_standardized,proxy_market_lsa|lambda=1|scaling=row_only,hold,hold,"[0.07217506467246498, 0.8566985511583328, 0.07112638416920225]",0,55.749230262973406
20,decision_close_2024_8,2024-08-20,proxy_market_lsa,64,proxy_market_lsa|lambda=0.01|scaling=column_standardized,proxy_market_lsa|lambda=1|scaling=row_only,hold,hold,"[0.021254649316695934, 0.9270224645220825, 0.05172288616122169]",0,49.4908271598965
21,decision_close_2024_9,2024-09-19,proxy_market_lsa,65,proxy_market_lsa|lambda=0.01|scaling=column_standardized,proxy_market_lsa|lambda=1|scaling=row_only,hold,hold,"[0.022703277808793387, 0.9294802644763988, 0.0478164577148078]",0,42.20114964869977
22,decision_close_2024_10,2024-10-17,proxy_market_lsa,66,proxy_market_lsa|lambda=0.01|scaling=column_standardized,proxy_market_lsa|lambda=1|scaling=row_only,hold,hold,"[0.022265251542673017, 0.9404320720159975, 0.03730267644132918]",0,38.932126874560666
23,decision_close_2024_11,2024-11-21,proxy_market_lsa,67,proxy_market_lsa|lambda=0.01|scaling=column_standardized,proxy_market_lsa|lambda=0.1|scaling=column_standardized,cut,hold,"[0.018622285529598777, 0.9641740382957197, 0.01720367617468165]",-250,-30.63850560634773
24,decision_close_2024_12,2024-12-26,proxy_market_lsa,68,proxy_market_lsa|lambda=0.01|scaling=column_standardized,proxy_market_lsa|lambda=0.1|scaling=column_standardized,cut,cut,"[0.871679684586378, 0.12199761971325358, 0.006322695700368399]",-250,-98.05335453419472
25,decision_close_2025_1,2025-01-23,proxy_market_lsa,69,proxy_market_lsa|lambda=0.01|scaling=column_standardized,proxy_market_lsa|lambda=0.1|scaling=column_standardized,cut,cut,"[0.9688237670403906, 0.02913609370032514, 0.0020401392592841548]",-250,-162.25269564426407
26,decision_close_2025_2,2025-03-06,proxy_market_lsa,70,proxy_market_lsa|lambda=0.01|scaling=column_standardized,proxy_market_lsa|lambda=0.1|scaling=column_standardized,hold,cut,"[0.9197110486375706, 0.07780542238167347, 0.0024835289807557935]",0,-164.63439543241586
27,decision_close_2025_3,2025-03-20,proxy_market_lsa,71,proxy_market_lsa|lambda=0.01|scaling=column_standardized,proxy_market_lsa|lambda=0.1|scaling=column_standardized,hike,hike,"[0.08161382133652342, 0.43802800781110196, 0.48035817085237453]",350,-85.6506609540268
28,decision_close_2025_4,2025-04-17,proxy_market_lsa,72,proxy_market_lsa|lambda=0.01|scaling=column_standardized,proxy_market_lsa|lambda=0.1|scaling=column_standardized,hold,hold,"[0.0057686252020186235, 0.8665811453698514, 0.12765022942812987]",0,91.99245767149442
29,decision_close_2025_5,2025-06-19,proxy_market_lsa,73,proxy_market_lsa|lambda=0.01|scaling=column_standardized,proxy_market_lsa|lambda=0.1|scaling=column_standardized,cut,hold,"[0.03141214309855823, 0.9627648660080832, 0.0058229908933584715]",-300,-18.6071535279989
30,decision_close_2025_6,2025-07-24,proxy_market_lsa,74,proxy_market_lsa|lambda=0.01|scaling=column_standardized,proxy_market_lsa|lambda=0.1|scaling=column_standardized,cut,cut,"[0.7745371626486023, 0.18939060701558103, 0.03607223033581669]",-250,-48.180472381076946
31,decision_close_2025_7,2025-09-11,proxy_market_lsa,75,proxy_market_lsa|lambda=0.01|scaling=column_standardized,proxy_market_lsa|lambda=0.1|scaling=column_standardized,cut,cut,"[0.946588620122193, 0.049787517118807634, 0.003623862758999243]",-100,-190.43168989813296
32,decision_close_2025_8,2025-10-23,proxy_market_lsa,76,proxy_market_lsa|lambda=0.01|scaling=column_standardized,proxy_market_lsa|lambda=0.1|scaling=column_standardized,cut,cut,"[0.7168952584355578, 0.25742657681426995, 0.025678164750172195]",-150,-98.75055791069094
33,decision_close_2025_9,2025-12-11,proxy_market_lsa,77,proxy_market_lsa|lambda=0.01|scaling=column_standardized,proxy_market_lsa|lambda=0.1|scaling=column_standardized,cut,cut,"[0.9254387050777417, 0.0716264929630061, 0.00293480195925205]",-100,-141.4384345085961
34,decision_close_2026_1,2026-01-22,proxy_market_lsa,78,proxy_market_lsa|lambda=0.01|scaling=column_standardized,proxy_market_lsa|lambda=0.1|scaling=column_standardized,hold,cut,"[0.8366564032646343, 0.15757242013186729, 0.005771176603498358]",0,-106.76735074910057
35,decision_close_2026_2,2026-03-12,proxy_market_lsa,79,proxy_market_lsa|lambda=0.01|scaling=column_standardized,proxy_market_lsa|lambda=0.1|scaling=column_standardized,hold,hold,"[0.29085787461528767, 0.6759406524720988, 0.033201472912613474]",0,-55.53350805679473
36,decision_close_2026_3,2026-04-22,proxy_market_lsa,80,proxy_market_lsa|lambda=0.01|scaling=column_standardized,proxy_market_lsa|lambda=0.1|scaling=column_standardized,hold,hold,"[0.12641918162891874, 0.7797719546615148, 0.09380886370956645]",0,-6.541500536604886
37,decision_close_2026_4,2026-06-11,proxy_market_lsa,81,proxy_market_lsa|lambda=0.01|scaling=column_standardized,proxy_market_lsa|lambda=0.1|scaling=column_standardized,hold,hold,"[0.23507171059437917, 0.7364082024618342, 0.028520086943786493]",0,-48.72087903034602
1,decision_close_2023_1,2023-01-19,history_transformer,45,history_transformer|lambda=0.01|scaling=fixed,history_transformer|lambda=0.1|scaling=fixed,cut,hold,"[0.029593837789279657, 0.9702823290275376, 0.00012383318318313972]",-50,-11.57131064016026
2,decision_close_2023_2,2023-02-23,history_transformer,46,history_transformer|lambda=0.01|scaling=fixed,history_transformer|lambda=0.1|scaling=fixed,hold,cut,"[0.8837332800892176, 0.11417067951116203, 0.0020960403996206126]",0,-8.071367149709351
3,decision_close_2023_3,2023-03-23,history_transformer,47,history_transformer|lambda=0.01|scaling=fixed,history_transformer|lambda=0.1|scaling=fixed,hold,hold,"[0.04693073340060054, 0.9518156023512028, 0.0012536642481966295]",0,10.585384042502774
4,decision_close_2023_4,2023-04-27,history_transformer,48,history_transformer|lambda=0.01|scaling=fixed,history_transformer|lambda=0.1|scaling=fixed,hold,hold,"[0.02342833194173616, 0.9747189652462694, 0.0018527028119943423]",0,3.3835980235993715
5,decision_close_2023_5,2023-05-25,history_transformer,49,history_transformer|lambda=0.01|scaling=fixed,history_transformer|lambda=0.1|scaling=fixed,hike,hold,"[0.06332874767662537, 0.9354867889449663, 0.00118446337840838]",650,-20.907414185194067
6,decision_close_2023_6,2023-06-22,history_transformer,50,history_transformer|lambda=0.01|scaling=fixed,history_transformer|lambda=0.1|scaling=fixed,hike,hold,"[0.27118911272900315, 0.668009136203357, 0.060801751067639846]",250,-256.3929561162383
7,decision_close_2023_7,2023-07-20,history_transformer,51,history_transformer|lambda=0.01|scaling=fixed,history_transformer|lambda=0.1|scaling=fixed,hike,hike,"[0.014243079930741549, 0.0024068226348060435, 0.9833500974344525]",750,334.89015689536114
8,decision_close_2023_8,2023-08-24,history_transformer,52,history_transformer|lambda=0.01|scaling=fixed,history_transformer|lambda=0.01|scaling=fixed,hike,hike,"[0.0021563886298225175, 0.0024301788070555446, 0.9954134325631215]",500,559.2212598736272
9,decision_close_2023_9,2023-09-21,history_transformer,53,history_transformer|lambda=0.01|scaling=fixed,history_transformer|lambda=0.01|scaling=fixed,hike,hike,"[0.005354321477778357, 0.0005733133208979727, 0.9940723652013236]",500,505.50137081577384
10,decision_close_2023_10,2023-10-26,history_transformer,54,history_transformer|lambda=0.01|scaling=fixed,history_transformer|lambda=0.01|scaling=fixed,hike,hike,"[0.005599215887349641, 0.0031966811817082975, 0.991204102930942]",500,354.0644495500265
11,decision_close_2023_11,2023-11-23,history_transformer,55,history_transformer|lambda=0.01|scaling=fixed,history_transformer|lambda=0.1|scaling=fixed,hike,hike,"[0.0007968788295006031, 5.44626543390962e-06, 0.9991976749050653]",250,435.8609715220393
12,decision_close_2023_12,2023-12-21,history_transformer,56,history_transformer|lambda=0.01|scaling=fixed,history_transformer|lambda=0.01|scaling=fixed,hike,hike,"[0.00391369652001243, 1.470166992635705e-06, 0.9960848333129951]",250,266.1300507932876
13,decision_close_2024_1,2024-01-25,history_transformer,57,history_transformer|lambda=0.01|scaling=fixed,history_transformer|lambda=0.1|scaling=fixed,hold,hike,"[0.008160164478480962, 8.61839041989176e-06, 0.991831217131099]",0,136.71893138310014
14,decision_close_2024_2,2024-02-22,history_transformer,58,history_transformer|lambda=0.01|scaling=fixed,history_transformer|lambda=0.01|scaling=fixed,hike,hike,"[0.0035149721597885508, 0.22189154869032962, 0.7745934791498817]",500,425.10420764143043
15,decision_close_2024_3,2024-03-21,history_transformer,59,history_transformer|lambda=0.01|scaling=fixed,history_transformer|lambda=0.01|scaling=fixed,hold,hike,"[3.4951057250407246e-05, 0.16178992276362275, 0.8381751261791272]",0,418.3804945597447
16,decision_close_2024_4,2024-04-25,history_transformer,60,history_transformer|lambda=0.01|scaling=fixed,history_transformer|lambda=0.01|scaling=fixed,hold,hold,"[2.6226529678219277e-05, 0.9652466152832554, 0.034727158187066086]",0,230.10489620543447
17,decision_close_2024_5,2024-05-23,history_transformer,61,history_transformer|lambda=0.01|scaling=fixed,history_transformer|lambda=0.01|scaling=fixed,hold,hold,"[0.00029185527616975464, 0.8223789616506146, 0.1773291830732157]",0,-249.6548915503134
18,decision_close_2024_6,2024-06-27,history_transformer,62,history_transformer|lambda=0.01|scaling=fixed,history_transformer|lambda=0.1|scaling=fixed,hold,hold,"[4.798053393087017e-05, 0.9625544952728861, 0.03739752419318335]",0,87.81094581132017
19,decision_close_2024_7,2024-07-23,history_transformer,63,history_transformer|lambda=0.01|scaling=fixed,history_transformer|lambda=0.1|scaling=fixed,hold,hold,"[9.218217699091825e-07, 0.9999896662378287, 9.411940401118298e-06]",0,-2.491278117558421
20,decision_close_2024_8,2024-08-20,history_transformer,64,history_transformer|lambda=0.01|scaling=fixed,history_transformer|lambda=0.1|scaling=fixed,hold,hold,"[0.0006832151775346654, 0.8369424144346463, 0.1623743703878187]",0,146.60968967489896
21,decision_close_2024_9,2024-09-19,history_transformer,65,history_transformer|lambda=0.01|scaling=fixed,history_transformer|lambda=0.1|scaling=fixed,hold,hold,"[0.00017063815435992052, 0.9744321367944576, 0.02539722505118245]",0,43.80671508883585
22,decision_close_2024_10,2024-10-17,history_transformer,66,history_transformer|lambda=0.01|scaling=fixed,history_transformer|lambda=0.1|scaling=fixed,hold,hold,"[0.0005687467137107881, 0.9566664857283672, 0.04276476755792217]",0,90.14450529777329
23,decision_close_2024_11,2024-11-21,history_transformer,67,history_transformer|lambda=0.01|scaling=fixed,history_transformer|lambda=0.1|scaling=fixed,cut,hold,"[1.5378835140162338e-05, 0.9989117610450774, 0.0010728601197823938]",-250,65.76896879924463
24,decision_close_2024_12,2024-12-26,history_transformer,68,history_transformer|lambda=0.01|scaling=fixed,history_transformer|lambda=0.1|scaling=fixed,cut,hold,"[5.518248143047469e-05, 0.9999424138561581, 2.40366241145667e-06]",-250,-301.55458377433956
25,decision_close_2025_1,2025-01-23,history_transformer,69,history_transformer|lambda=0.01|scaling=fixed,history_transformer|lambda=0.1|scaling=fixed,cut,cut,"[0.6839056836671049, 0.1772754546488257, 0.1388188616840693]",-250,-124.58672765065539
26,decision_close_2025_2,2025-03-06,history_transformer,70,history_transformer|lambda=0.01|scaling=fixed,history_transformer|lambda=0.1|scaling=fixed,hold,cut,"[0.9874473408382375, 0.010548905946988986, 0.0020037532147737405]",0,-297.1308728281454
27,decision_close_2025_3,2025-03-20,history_transformer,71,history_transformer|lambda=0.01|scaling=fixed,history_transformer|lambda=0.1|scaling=fixed,hike,hold,"[1.7432239458254108e-06, 0.9997492183614175, 0.00024903841463632173]",350,-379.6780139435572
28,decision_close_2025_4,2025-04-17,history_transformer,72,history_transformer|lambda=0.01|scaling=fixed,history_transformer|lambda=0.1|scaling=fixed,hold,cut,"[0.6271606193370018, 0.3493952445941886, 0.02344413606880962]",0,-225.29961085723045
29,decision_close_2025_5,2025-06-19,history_transformer,73,history_transformer|lambda=0.01|scaling=fixed,history_transformer|lambda=0.1|scaling=fixed,cut,hold,"[0.06551983551434123, 0.9313581708679645, 0.00312199361769451]",-300,-82.86564559608487
30,decision_close_2025_6,2025-07-24,history_transformer,74,history_transformer|lambda=0.01|scaling=fixed,history_transformer|lambda=0.1|scaling=fixed,cut,cut,"[0.5594455798493851, 0.4336845049666828, 0.006869915183932209]",-250,-217.99145051213787
31,decision_close_2025_7,2025-09-11,history_transformer,75,history_transformer|lambda=0.01|scaling=fixed,history_transformer|lambda=0.1|scaling=fixed,cut,hold,"[0.04650436920536525, 0.9516274185027898, 0.0018682122918449657]",-100,-37.71073510256975
32,decision_close_2025_8,2025-10-23,history_transformer,76,history_transformer|lambda=0.01|scaling=fixed,history_transformer|lambda=0.1|scaling=fixed,cut,hold,"[0.37904510997348934, 0.6108691773975671, 0.010085712628943689]",-150,-49.042212795597315
33,decision_close_2025_9,2025-12-11,history_transformer,77,history_transformer|lambda=1|scaling=fixed,history_transformer|lambda=0.1|scaling=fixed,cut,cut,"[0.7265961577610345, 0.1886450144674147, 0.08475882777155079]",-100,-63.79540123200896
34,decision_close_2026_1,2026-01-22,history_transformer,78,history_transformer|lambda=1|scaling=fixed,history_transformer|lambda=0.1|scaling=fixed,hold,cut,"[0.8576189137333448, 0.08719404292433576, 0.05518704334231958]",0,-132.43558983428832
35,decision_close_2026_2,2026-03-12,history_transformer,79,history_transformer|lambda=1|scaling=fixed,history_transformer|lambda=0.1|scaling=fixed,hold,hold,"[0.3361152283925401, 0.588431692010544, 0.07545307959691583]",0,-6.010963362627808
36,decision_close_2026_3,2026-04-22,history_transformer,80,history_transformer|lambda=1|scaling=fixed,history_transformer|lambda=0.1|scaling=fixed,hold,hold,"[0.20579820849992447, 0.7167989220794914, 0.07740286942058412]",0,141.58797367220927
37,decision_close_2026_4,2026-06-11,history_transformer,81,history_transformer|lambda=1|scaling=fixed,history_transformer|lambda=0.1|scaling=fixed,hold,hold,"[0.22059794210174977, 0.7277400366466271, 0.0516620212516231]",0,-20.424700953306395