fold,origin_id,candidate_id,arm,lambda,scaling,macro_f1,brier,log_loss,mae_bp,inner_n
1,decision_close_2023_1,history|lambda=0.001|scaling=fixed,history,0.001,fixed,0.4812925170068027,0.5954523486300842,1.5099619135899625,121.12968453177058,45
1,decision_close_2023_1,history|lambda=0.01|scaling=fixed,history,0.01,fixed,0.4567901234567901,0.5456919866468207,1.0439815771886232,106.18536626133957,45
1,decision_close_2023_1,history|lambda=0.1|scaling=fixed,history,0.1,fixed,0.4004371584699453,0.530996032118604,0.9329915462801808,89.97186983629076,45
1,decision_close_2023_1,history|lambda=1|scaling=fixed,history,1.0,fixed,0.2318840579710145,0.6294327879767266,1.0425322000659385,81.22120944622455,45
1,decision_close_2023_1,history|lambda=10|scaling=fixed,history,10.0,fixed,0.2318840579710145,0.6887369582027918,1.1518954446374445,82.86098507070528,45
1,decision_close_2023_1,history_tfidf|lambda=0.001|scaling=row_only,history_tfidf,0.001,row_only,0.4987373737373737,0.5453928201219485,1.4727212767436293,105.79112333398419,45
1,decision_close_2023_1,history_tfidf|lambda=0.01|scaling=row_only,history_tfidf,0.01,row_only,0.4612159329140461,0.5215380383009268,1.0069154347577278,98.39593071305565,45
1,decision_close_2023_1,history_tfidf|lambda=0.1|scaling=row_only,history_tfidf,0.1,row_only,0.4004371584699453,0.5211915943842836,0.9137652133458138,88.93494945551015,45
1,decision_close_2023_1,history_tfidf|lambda=1|scaling=row_only,history_tfidf,1.0,row_only,0.2318840579710145,0.62448835604763,1.0347551611139703,81.38793574786537,45
1,decision_close_2023_1,history_tfidf|lambda=10|scaling=row_only,history_tfidf,10.0,row_only,0.2318840579710145,0.6880360483587217,1.1505035434403763,82.84172780660073,45
1,decision_close_2023_1,history_tfidf|lambda=0.001|scaling=column_standardized,history_tfidf,0.001,column_standardized,0.5026262626262626,0.5674252753284181,1.9410171017764333,78.4528563615823,45
1,decision_close_2023_1,history_tfidf|lambda=0.01|scaling=column_standardized,history_tfidf,0.01,column_standardized,0.5026262626262626,0.5443033235341198,1.561483323532067,78.44516635765129,45
1,decision_close_2023_1,history_tfidf|lambda=0.1|scaling=column_standardized,history_tfidf,0.1,column_standardized,0.5109922756981581,0.5120976168399639,1.2143808223679804,78.40009566807332,45
1,decision_close_2023_1,history_tfidf|lambda=1|scaling=column_standardized,history_tfidf,1.0,column_standardized,0.5109922756981581,0.47807662121100164,0.9421469713287449,77.98905393521012,45
1,decision_close_2023_1,history_tfidf|lambda=10|scaling=column_standardized,history_tfidf,10.0,column_standardized,0.47222222222222215,0.4902159059457531,0.8612959744750692,78.45911169938094,45
1,decision_close_2023_1,history_lsa|lambda=0.001|scaling=row_only,history_lsa,0.001,row_only,0.4800175669740887,0.6278923830249888,1.7324865650618,122.27869122160759,45
1,decision_close_2023_1,history_lsa|lambda=0.01|scaling=row_only,history_lsa,0.01,row_only,0.47185325743200507,0.5577327090128952,1.0205913494500183,111.47647595739963,45
1,decision_close_2023_1,history_lsa|lambda=0.1|scaling=row_only,history_lsa,0.1,row_only,0.4004371584699453,0.5222753147484179,0.9123952053895354,91.84854366560921,45
1,decision_close_2023_1,history_lsa|lambda=1|scaling=row_only,history_lsa,1.0,row_only,0.2318840579710145,0.6232451613748269,1.0327890620702016,81.78528483568941,45
1,decision_close_2023_1,history_lsa|lambda=10|scaling=row_only,history_lsa,10.0,row_only,0.2318840579710145,0.6878319093537681,1.150109639343602,82.88763744765635,45
1,decision_close_2023_1,history_lsa|lambda=0.001|scaling=column_standardized,history_lsa,0.001,column_standardized,0.526029526029526,0.6580998845276881,2.3127764306993566,104.14772907637729,45
1,decision_close_2023_1,history_lsa|lambda=0.01|scaling=column_standardized,history_lsa,0.01,column_standardized,0.47222222222222215,0.6072718436737929,1.1844461647037245,111.00386684356904,45
1,decision_close_2023_1,history_lsa|lambda=0.1|scaling=column_standardized,history_lsa,0.1,column_standardized,0.4646464646464647,0.5143614834666212,0.8896935113315189,104.46246752957697,45
1,decision_close_2023_1,history_lsa|lambda=1|scaling=column_standardized,history_lsa,1.0,column_standardized,0.27233115468409586,0.5726530639344927,0.959914560698313,85.39873108762814,45
1,decision_close_2023_1,history_lsa|lambda=10|scaling=column_standardized,history_lsa,10.0,column_standardized,0.2318840579710145,0.6764043980745954,1.1260905042772171,82.10413789021857,45
1,decision_close_2023_1,history_qwen_all|lambda=0.001|scaling=fixed,history_qwen_all,0.001,fixed,0.4444444444444444,0.6619822150339857,1.9446039364544903,136.35108134648505,45
1,decision_close_2023_1,history_qwen_all|lambda=0.01|scaling=fixed,history_qwen_all,0.01,fixed,0.435626102292769,0.6207737602542119,1.2239051269073533,114.41935979196617,45
1,decision_close_2023_1,history_qwen_all|lambda=0.1|scaling=fixed,history_qwen_all,0.1,fixed,0.4280747501086484,0.558792467769533,0.9815642947561913,93.61473965082396,45
1,decision_close_2023_1,history_qwen_all|lambda=1|scaling=fixed,history_qwen_all,1.0,fixed,0.2318840579710145,0.6276556615442849,1.0487296072884977,81.76147454519598,45
1,decision_close_2023_1,history_qwen_all|lambda=10|scaling=fixed,history_qwen_all,10.0,fixed,0.2318840579710145,0.687921794980334,1.149848475142761,82.99752999520805,45
1,decision_close_2023_1,history_qwen_inflation|lambda=0.001|scaling=fixed,history_qwen_inflation,0.001,fixed,0.4646464646464647,0.6153314189169866,2.0513540242828032,129.59638753790804,45
1,decision_close_2023_1,history_qwen_inflation|lambda=0.01|scaling=fixed,history_qwen_inflation,0.01,fixed,0.47679863771817793,0.5508658890600936,1.2300331595747027,111.41703383985957,45
1,decision_close_2023_1,history_qwen_inflation|lambda=0.1|scaling=fixed,history_qwen_inflation,0.1,fixed,0.4280747501086484,0.5349603213968008,0.9768494247981944,93.90441107595805,45
1,decision_close_2023_1,history_qwen_inflation|lambda=1|scaling=fixed,history_qwen_inflation,1.0,fixed,0.2318840579710145,0.6267503946983214,1.045735120804166,83.00961027821535,45
1,decision_close_2023_1,history_qwen_inflation|lambda=10|scaling=fixed,history_qwen_inflation,10.0,fixed,0.2318840579710145,0.6883310408950953,1.1513898444426875,83.04636537941457,45
1,decision_close_2023_1,history_qwen_demand|lambda=0.001|scaling=fixed,history_qwen_demand,0.001,fixed,0.45583333333333337,0.6778525729937794,1.967741664191156,126.32505792676679,45
1,decision_close_2023_1,history_qwen_demand|lambda=0.01|scaling=fixed,history_qwen_demand,0.01,fixed,0.4612159329140461,0.5980901324010398,1.1930804393039243,109.14994287817383,45
1,decision_close_2023_1,history_qwen_demand|lambda=0.1|scaling=fixed,history_qwen_demand,0.1,fixed,0.4280747501086484,0.5452251093772553,0.9688914397021574,92.02849433405495,45
1,decision_close_2023_1,history_qwen_demand|lambda=1|scaling=fixed,history_qwen_demand,1.0,fixed,0.2318840579710145,0.6279474747000355,1.0453377361504719,82.16342843167585,45
1,decision_close_2023_1,history_qwen_demand|lambda=10|scaling=fixed,history_qwen_demand,10.0,fixed,0.2318840579710145,0.6884940391883537,1.1513547129309516,83.09725992602196,45
1,decision_close_2023_1,history_qwen_forward|lambda=0.001|scaling=fixed,history_qwen_forward,0.001,fixed,0.45583333333333337,0.6225312980906116,1.7236972998931746,118.41888672159592,45
1,decision_close_2023_1,history_qwen_forward|lambda=0.01|scaling=fixed,history_qwen_forward,0.01,fixed,0.4493207941483804,0.5677064453358267,1.1074237474139101,104.48104133951992,45
1,decision_close_2023_1,history_qwen_forward|lambda=0.1|scaling=fixed,history_qwen_forward,0.1,fixed,0.40444444444444444,0.5458175838706368,0.9393274048683031,88.61962485749747,45
1,decision_close_2023_1,history_qwen_forward|lambda=1|scaling=fixed,history_qwen_forward,1.0,fixed,0.2318840579710145,0.62886807695831,1.0391585174200115,79.59873904087587,45
1,decision_close_2023_1,history_qwen_forward|lambda=10|scaling=fixed,history_qwen_forward,10.0,fixed,0.2318840579710145,0.6884808704923251,1.1505561198989005,82.59062578045882,45
1,decision_close_2023_1,history_qwen_scores_only|lambda=0.001|scaling=fixed,history_qwen_scores_only,0.001,fixed,0.46517917511832324,0.6237581988285756,1.6819075177843266,135.38661261133993,45
1,decision_close_2023_1,history_qwen_scores_only|lambda=0.01|scaling=fixed,history_qwen_scores_only,0.01,fixed,0.42783389450056114,0.6042874866775303,1.118700736031111,114.50487377338098,45
1,decision_close_2023_1,history_qwen_scores_only|lambda=0.1|scaling=fixed,history_qwen_scores_only,0.1,fixed,0.4004371584699453,0.5399548057810215,0.9306880998199927,93.3618013500159,45
1,decision_close_2023_1,history_qwen_scores_only|lambda=1|scaling=fixed,history_qwen_scores_only,1.0,fixed,0.2318840579710145,0.6305094029421328,1.0409562736149887,80.00287028600764,45
1,decision_close_2023_1,history_qwen_scores_only|lambda=10|scaling=fixed,history_qwen_scores_only,10.0,fixed,0.2318840579710145,0.6887242652832062,1.1515847743471472,82.27965816386315,45
1,decision_close_2023_1,history_qwen_missing_only|lambda=0.001|scaling=fixed,history_qwen_missing_only,0.001,fixed,0.4646464646464647,0.6383075110387385,1.806859108960848,121.82182794070529,45
1,decision_close_2023_1,history_qwen_missing_only|lambda=0.01|scaling=fixed,history_qwen_missing_only,0.01,fixed,0.4612159329140461,0.5711149155033473,1.1660661716130105,107.4000303756023,45
1,decision_close_2023_1,history_qwen_missing_only|lambda=0.1|scaling=fixed,history_qwen_missing_only,0.1,fixed,0.4280747501086484,0.5473882059975561,0.9830814210484138,91.28968619800655,45
1,decision_close_2023_1,history_qwen_missing_only|lambda=1|scaling=fixed,history_qwen_missing_only,1.0,fixed,0.2318840579710145,0.6267623411046054,1.0500343964174035,82.91735835105165,45
1,decision_close_2023_1,history_qwen_missing_only|lambda=10|scaling=fixed,history_qwen_missing_only,10.0,fixed,0.2318840579710145,0.687929390180269,1.1501537580006653,83.5847894593074,45
1,decision_close_2023_1,proxy_market|lambda=0.001|scaling=fixed,proxy_market,0.001,fixed,0.5134199134199134,0.7260741086158662,3.3060960131959454,159.13619421679192,45
1,decision_close_2023_1,proxy_market|lambda=0.01|scaling=fixed,proxy_market,0.01,fixed,0.526029526029526,0.6410820111235606,1.571628784373629,137.93992782904795,45
1,decision_close_2023_1,proxy_market|lambda=0.1|scaling=fixed,proxy_market,0.1,fixed,0.5041572184429327,0.5296344652421809,1.0190729651780277,108.76205752736715,45
1,decision_close_2023_1,proxy_market|lambda=1|scaling=fixed,proxy_market,1.0,fixed,0.3381460556601799,0.6061045169892588,1.009578254101198,88.86618060152004,45
1,decision_close_2023_1,proxy_market|lambda=10|scaling=fixed,proxy_market,10.0,fixed,0.2318840579710145,0.6748621213278506,1.125858761311613,85.6738108573314,45
1,decision_close_2023_1,proxy_market_lsa|lambda=0.001|scaling=row_only,proxy_market_lsa,0.001,row_only,0.4595959595959596,0.7188665473755773,3.171279441380681,155.85009010179135,45
1,decision_close_2023_1,proxy_market_lsa|lambda=0.01|scaling=row_only,proxy_market_lsa,0.01,row_only,0.526029526029526,0.6324270415965063,1.5368055608966984,136.33026932488858,45
1,decision_close_2023_1,proxy_market_lsa|lambda=0.1|scaling=row_only,proxy_market_lsa,0.1,row_only,0.4876190476190476,0.5283710565160196,1.0118195155324987,108.55170906051082,45
1,decision_close_2023_1,proxy_market_lsa|lambda=1|scaling=row_only,proxy_market_lsa,1.0,row_only,0.3381460556601799,0.6033416990789746,1.005691388171383,88.99583295114009,45
1,decision_close_2023_1,proxy_market_lsa|lambda=10|scaling=row_only,proxy_market_lsa,10.0,row_only,0.2318840579710145,0.6741588398187985,1.1245122587568772,85.69070523286317,45
1,decision_close_2023_1,proxy_market_lsa|lambda=0.001|scaling=column_standardized,proxy_market_lsa,0.001,column_standardized,0.5117956978422095,0.7571151218237606,3.1695898725066494,153.02523161470356,45
1,decision_close_2023_1,proxy_market_lsa|lambda=0.01|scaling=column_standardized,proxy_market_lsa,0.01,column_standardized,0.5404040404040404,0.6339646691569826,1.4739985169061132,135.54496707302476,45
1,decision_close_2023_1,proxy_market_lsa|lambda=0.1|scaling=column_standardized,proxy_market_lsa,0.1,column_standardized,0.47891156462585033,0.5112339280740095,0.961930039016238,104.98592605005463,45
1,decision_close_2023_1,proxy_market_lsa|lambda=1|scaling=column_standardized,proxy_market_lsa,1.0,column_standardized,0.361247947454844,0.5710583946502203,0.9607961386253411,89.13053496847252,45
1,decision_close_2023_1,proxy_market_lsa|lambda=10|scaling=column_standardized,proxy_market_lsa,10.0,column_standardized,0.2318840579710145,0.6644720744675251,1.1047298874942746,84.63775071786587,45
1,decision_close_2023_1,history_transformer|lambda=0.001|scaling=fixed,history_transformer,0.001,fixed,0.4535147392290249,0.6092095980351903,1.774260936125461,88.25904322645941,45
1,decision_close_2023_1,history_transformer|lambda=0.01|scaling=fixed,history_transformer,0.01,fixed,0.43619047619047624,0.596414395793964,1.4316315865599867,87.88927197489782,45
1,decision_close_2023_1,history_transformer|lambda=0.1|scaling=fixed,history_transformer,0.1,fixed,0.41830065359477125,0.5758376242332918,1.1492044387990639,87.54467053529106,45
1,decision_close_2023_1,history_transformer|lambda=1|scaling=fixed,history_transformer,1.0,fixed,0.41830065359477125,0.5596192002364715,0.9949895471888752,93.84271557319484,45
1,decision_close_2023_1,history_transformer|lambda=10|scaling=fixed,history_transformer,10.0,fixed,0.3628415300546448,0.5891568429528427,1.0045649110529398,101.36012261138379,45
2,decision_close_2023_2,history|lambda=0.001|scaling=fixed,history,0.001,fixed,0.46909090909090906,0.6187722575779852,1.5411033806290373,119.79171706605717,46
2,decision_close_2023_2,history|lambda=0.01|scaling=fixed,history,0.01,fixed,0.4453567937438905,0.5673822149417344,1.0751838423283158,105.16425259188776,46
2,decision_close_2023_2,history|lambda=0.1|scaling=fixed,history,0.1,fixed,0.39040529363110005,0.5481023349545252,0.9543514013295807,89.2487132559889,46
2,decision_close_2023_2,history|lambda=1|scaling=fixed,history,1.0,fixed,0.22857142857142856,0.6409064027688448,1.0547922526955673,80.50396436187214,46
2,decision_close_2023_2,history|lambda=10|scaling=fixed,history,10.0,fixed,0.22857142857142856,0.6982324759136163,1.1605775174352373,81.97662991534436,46
2,decision_close_2023_2,history_tfidf|lambda=0.001|scaling=row_only,history_tfidf,0.001,row_only,0.4861944777911164,0.5739587723924693,1.5215376063498722,104.23355071004092,46
2,decision_close_2023_2,history_tfidf|lambda=0.01|scaling=row_only,history_tfidf,0.01,row_only,0.4496216646754281,0.543290379768956,1.0366160698984346,97.3114325089325,46
2,decision_close_2023_2,history_tfidf|lambda=0.1|scaling=row_only,history_tfidf,0.1,row_only,0.39040529363110005,0.5371864917344741,0.9329944066979887,88.15193215485128,46
2,decision_close_2023_2,history_tfidf|lambda=1|scaling=row_only,history_tfidf,1.0,row_only,0.22857142857142856,0.6356882790836618,1.0465853588148222,80.62477156112834,46
2,decision_close_2023_2,history_tfidf|lambda=10|scaling=row_only,history_tfidf,10.0,row_only,0.22857142857142856,0.6974965833780852,1.1591390912700383,81.9495944956525,46
2,decision_close_2023_2,history_tfidf|lambda=0.001|scaling=column_standardized,history_tfidf,0.001,column_standardized,0.4901960784313726,0.5980729831199078,2.0113406778622434,76.99810337684174,46
2,decision_close_2023_2,history_tfidf|lambda=0.01|scaling=column_standardized,history_tfidf,0.01,column_standardized,0.4901960784313726,0.5744699180081438,1.6162809018393105,76.9905413407381,46
2,decision_close_2023_2,history_tfidf|lambda=0.1|scaling=column_standardized,history_tfidf,0.1,column_standardized,0.4984917043740573,0.5401443151906828,1.2533716185708346,76.94632126171429,46
2,decision_close_2023_2,history_tfidf|lambda=1|scaling=column_standardized,history_tfidf,1.0,column_standardized,0.4984917043740573,0.49961769879595624,0.9648935811256728,76.54167591809343,46
2,decision_close_2023_2,history_tfidf|lambda=10|scaling=column_standardized,history_tfidf,10.0,column_standardized,0.4606677985285795,0.49977530220609934,0.8690140943279899,76.88139704584385,46
2,decision_close_2023_2,history_lsa|lambda=0.001|scaling=row_only,history_lsa,0.001,row_only,0.46766791823112225,0.6557042159549082,1.782946778863277,122.66283719475166,46
2,decision_close_2023_2,history_lsa|lambda=0.01|scaling=row_only,history_lsa,0.01,row_only,0.4599358974358974,0.5800367520151546,1.0521508624469487,110.9439645604138,46
2,decision_close_2023_2,history_lsa|lambda=0.1|scaling=row_only,history_lsa,0.1,row_only,0.39040529363110005,0.5383812725285783,0.9317047959936037,91.10905795550428,46
2,decision_close_2023_2,history_lsa|lambda=1|scaling=row_only,history_lsa,1.0,row_only,0.22857142857142856,0.634426104726787,1.044580058581652,81.01370266734273,46
2,decision_close_2023_2,history_lsa|lambda=10|scaling=row_only,history_lsa,10.0,row_only,0.22857142857142856,0.6972890082269607,1.1587407686360414,81.99339995848335,46
2,decision_close_2023_2,history_lsa|lambda=0.001|scaling=column_standardized,history_lsa,0.001,column_standardized,0.5135914194737724,0.6871852202997274,2.412875722610468,105.44968004812695,46
2,decision_close_2023_2,history_lsa|lambda=0.01|scaling=column_standardized,history_lsa,0.01,column_standardized,0.4601113172541744,0.6313688236477436,1.2168610315776898,111.41751373845996,46
2,decision_close_2023_2,history_lsa|lambda=0.1|scaling=column_standardized,history_lsa,0.1,column_standardized,0.45314900153609833,0.5304299756712496,0.9070931517500387,103.62463856540843,46
2,decision_close_2023_2,history_lsa|lambda=1|scaling=column_standardized,history_lsa,1.0,column_standardized,0.2669717772692601,0.5840914152360502,0.9718296053300163,84.43688821983348,46
2,decision_close_2023_2,history_lsa|lambda=10|scaling=column_standardized,history_lsa,10.0,column_standardized,0.22857142857142856,0.6858571431494189,1.134845128999057,81.18584290807387,46
2,decision_close_2023_2,history_qwen_all|lambda=0.001|scaling=fixed,history_qwen_all,0.001,fixed,0.43300248138957814,0.6825836341108297,1.9776045285987647,135.20483338013898,46
2,decision_close_2023_2,history_qwen_all|lambda=0.01|scaling=fixed,history_qwen_all,0.01,fixed,0.4243943191311612,0.6409957347653418,1.25875861706929,113.73975418945787,46
2,decision_close_2023_2,history_qwen_all|lambda=0.1|scaling=fixed,history_qwen_all,0.1,fixed,0.4172839506172839,0.574381492521963,1.0018692809034386,93.29684871933648,46
2,decision_close_2023_2,history_qwen_all|lambda=1|scaling=fixed,history_qwen_all,1.0,fixed,0.22857142857142856,0.6365322975692143,1.057299378503363,81.28673314774909,46
2,decision_close_2023_2,history_qwen_all|lambda=10|scaling=fixed,history_qwen_all,10.0,fixed,0.22857142857142856,0.696795601933226,1.1576745253847633,82.15571032837994,46
2,decision_close_2023_2,history_qwen_inflation|lambda=0.001|scaling=fixed,history_qwen_inflation,0.001,fixed,0.4529811924769908,0.6398755206100367,2.0828128251014077,128.5798490679523,46
2,decision_close_2023_2,history_qwen_inflation|lambda=0.01|scaling=fixed,history_qwen_inflation,0.01,fixed,0.4646464646464647,0.5739464047521065,1.2642790385486011,110.78136022368336,46
2,decision_close_2023_2,history_qwen_inflation|lambda=0.1|scaling=fixed,history_qwen_inflation,0.1,fixed,0.4172839506172839,0.5511795610746506,0.9964872346656138,93.5255922721763,46
2,decision_close_2023_2,history_qwen_inflation|lambda=1|scaling=fixed,history_qwen_inflation,1.0,fixed,0.22857142857142856,0.6367563511165374,1.0557274976620499,82.38661541412442,46
2,decision_close_2023_2,history_qwen_inflation|lambda=10|scaling=fixed,history_qwen_inflation,10.0,fixed,0.22857142857142856,0.697572350008402,1.15970112466869,82.16408399132648,46
2,decision_close_2023_2,history_qwen_demand|lambda=0.001|scaling=fixed,history_qwen_demand,0.001,fixed,0.4444444444444444,0.701257653149757,2.0059589329065446,125.39468783964368,46
2,decision_close_2023_2,history_qwen_demand|lambda=0.01|scaling=fixed,history_qwen_demand,0.01,fixed,0.4496216646754281,0.6204562214053942,1.2300990406379253,108.5787806006618,46
2,decision_close_2023_2,history_qwen_demand|lambda=0.1|scaling=fixed,history_qwen_demand,0.1,fixed,0.4172839506172839,0.5615809204829539,0.9895358547320321,91.70945598525037,46
2,decision_close_2023_2,history_qwen_demand|lambda=1|scaling=fixed,history_qwen_demand,1.0,fixed,0.22857142857142856,0.6382076402121154,1.0557823588230868,81.59273736677783,46
2,decision_close_2023_2,history_qwen_demand|lambda=10|scaling=fixed,history_qwen_demand,10.0,fixed,0.22857142857142856,0.697779252971385,1.1597401582497193,82.22427956660282,46
2,decision_close_2023_2,history_qwen_forward|lambda=0.001|scaling=fixed,history_qwen_forward,0.001,fixed,0.4444444444444444,0.6443313902210638,1.7652215156221105,117.63491277051465,46
2,decision_close_2023_2,history_qwen_forward|lambda=0.01|scaling=fixed,history_qwen_forward,0.01,fixed,0.4380952380952381,0.589346783303213,1.146103797015409,103.99077544214215,46
2,decision_close_2023_2,history_qwen_forward|lambda=0.1|scaling=fixed,history_qwen_forward,0.1,fixed,0.3942833123160992,0.5620205988271708,0.9608347586397331,88.37922646106684,46
2,decision_close_2023_2,history_qwen_forward|lambda=1|scaling=fixed,history_qwen_forward,1.0,fixed,0.22857142857142856,0.6391395914328732,1.0498694835047233,79.11916216297821,46
2,decision_close_2023_2,history_qwen_forward|lambda=10|scaling=fixed,history_qwen_forward,10.0,fixed,0.22857142857142856,0.6977778742789803,1.1589871334073205,81.7435116327777,46
2,decision_close_2023_2,history_qwen_scores_only|lambda=0.001|scaling=fixed,history_qwen_scores_only,0.001,fixed,0.452991452991453,0.6467151680975213,1.7127600398348195,133.89119758512064,46
2,decision_close_2023_2,history_qwen_scores_only|lambda=0.01|scaling=fixed,history_qwen_scores_only,0.01,fixed,0.4166666666666667,0.6258028758439123,1.153275244633426,113.45411041367358,46
2,decision_close_2023_2,history_qwen_scores_only|lambda=0.1|scaling=fixed,history_qwen_scores_only,0.1,fixed,0.39040529363110005,0.5577883004903713,0.9547772629296422,92.70380766944311,46
2,decision_close_2023_2,history_qwen_scores_only|lambda=1|scaling=fixed,history_qwen_scores_only,1.0,fixed,0.22857142857142856,0.642201258466763,1.0537927155694642,79.39231899705102,46
2,decision_close_2023_2,history_qwen_scores_only|lambda=10|scaling=fixed,history_qwen_scores_only,10.0,fixed,0.22857142857142856,0.6982565839824023,1.1603450782919347,81.42574979614481,46
2,decision_close_2023_2,history_qwen_missing_only|lambda=0.001|scaling=fixed,history_qwen_missing_only,0.001,fixed,0.4529811924769908,0.6625263089834067,1.8489355012704316,120.9663330466591,46
2,decision_close_2023_2,history_qwen_missing_only|lambda=0.01|scaling=fixed,history_qwen_missing_only,0.01,fixed,0.4496216646754281,0.5941383375463012,1.2047007828152272,106.8485993284785,46
2,decision_close_2023_2,history_qwen_missing_only|lambda=0.1|scaling=fixed,history_qwen_missing_only,0.1,fixed,0.4172839506172839,0.5633734483586114,1.0030454664015307,91.00043535841587,46
2,decision_close_2023_2,history_qwen_missing_only|lambda=1|scaling=fixed,history_qwen_missing_only,1.0,fixed,0.22857142857142856,0.6354821516481336,1.0582192987777392,82.39307542554145,46
2,decision_close_2023_2,history_qwen_missing_only|lambda=10|scaling=fixed,history_qwen_missing_only,10.0,fixed,0.22857142857142856,0.6967676029073899,1.1579058686455403,82.7165129429875,46
2,decision_close_2023_2,proxy_market|lambda=0.001|scaling=fixed,proxy_market,0.001,fixed,0.5008967928256574,0.7487073646431186,3.295387297420938,156.98128058975053,46
2,decision_close_2023_2,proxy_market|lambda=0.01|scaling=fixed,proxy_market,0.01,fixed,0.5135914194737724,0.6638141649098693,1.5924331029071492,136.13496642020408,46
2,decision_close_2023_2,proxy_market|lambda=0.1|scaling=fixed,proxy_market,0.1,fixed,0.4922522522522523,0.5445399621491989,1.0313996387964526,107.31370551109696,46
2,decision_close_2023_2,proxy_market|lambda=1|scaling=fixed,proxy_market,1.0,fixed,0.33015873015873015,0.6108714484749782,1.01211149761181,87.42367634950226,46
2,decision_close_2023_2,proxy_market|lambda=10|scaling=fixed,proxy_market,10.0,fixed,0.22857142857142856,0.6822110335496134,1.131505378711447,84.39112440748167,46
2,decision_close_2023_2,proxy_market_lsa|lambda=0.001|scaling=row_only,proxy_market_lsa,0.001,row_only,0.4474945533769063,0.7439927339694968,3.1772754317097487,153.57365081345512,46
2,decision_close_2023_2,proxy_market_lsa|lambda=0.01|scaling=row_only,proxy_market_lsa,0.01,row_only,0.5135914194737724,0.6540257000377171,1.5541999207894164,134.38564860344633,46
2,decision_close_2023_2,proxy_market_lsa|lambda=0.1|scaling=row_only,proxy_market_lsa,0.1,row_only,0.4760348583877996,0.5424928657314733,1.0230204741109439,107.11418918455826,46
2,decision_close_2023_2,proxy_market_lsa|lambda=1|scaling=row_only,proxy_market_lsa,1.0,row_only,0.33015873015873015,0.6081752786087165,1.0083047932439977,87.54938810632646,46
2,decision_close_2023_2,proxy_market_lsa|lambda=10|scaling=row_only,proxy_market_lsa,10.0,row_only,0.22857142857142856,0.6814887571950233,1.1301392644852728,84.40479607600994,46
2,decision_close_2023_2,proxy_market_lsa|lambda=0.001|scaling=column_standardized,proxy_market_lsa,0.001,column_standardized,0.49949070537305823,0.7797922400486802,3.165383886744195,150.88101994966178,46
2,decision_close_2023_2,proxy_market_lsa|lambda=0.01|scaling=column_standardized,proxy_market_lsa,0.01,column_standardized,0.5278488206876953,0.6532041731050332,1.4870060755980643,133.44633527469668,46
2,decision_close_2023_2,proxy_market_lsa|lambda=0.1|scaling=column_standardized,proxy_market_lsa,0.1,column_standardized,0.46740740740740744,0.5243141320983196,0.9719760760489986,103.28904538291252,46
2,decision_close_2023_2,proxy_market_lsa|lambda=1|scaling=column_standardized,proxy_market_lsa,1.0,column_standardized,0.3526203000194818,0.5777154865712885,0.9656441940428825,87.68582245750282,46
2,decision_close_2023_2,proxy_market_lsa|lambda=10|scaling=column_standardized,proxy_market_lsa,10.0,column_standardized,0.22857142857142856,0.6719513397934221,1.110684874391646,83.37826350732183,46
2,decision_close_2023_2,history_transformer|lambda=0.001|scaling=fixed,history_transformer,0.001,fixed,0.44288288288288297,0.6389935927986313,1.8500555304488884,87.88749547719753,46
2,decision_close_2023_2,history_transformer|lambda=0.01|scaling=fixed,history_transformer,0.01,fixed,0.4259259259259259,0.6243863135413722,1.4770324863409383,87.4266566183846,46
2,decision_close_2023_2,history_transformer|lambda=0.1|scaling=fixed,history_transformer,0.1,fixed,0.4084249084249085,0.5961467903752464,1.1685264915492133,86.47693181408563,46
2,decision_close_2023_2,history_transformer|lambda=1|scaling=fixed,history_transformer,1.0,fixed,0.4084249084249085,0.5678548591219376,0.9989996060690204,91.91977303014137,46
2,decision_close_2023_2,history_transformer|lambda=10|scaling=fixed,history_transformer,10.0,fixed,0.35401157981803144,0.5933631682733058,1.0058720666004166,99.26382563731677,46
3,decision_close_2023_3,history|lambda=0.001|scaling=fixed,history,0.001,fixed,0.4731934731934732,0.6066106070417484,1.5123925323283907,117.28922416697087,47
3,decision_close_2023_3,history|lambda=0.01|scaling=fixed,history,0.01,fixed,0.44897189209583094,0.5563944595702254,1.056569680259422,102.96938858925355,47
3,decision_close_2023_3,history|lambda=0.1|scaling=fixed,history,0.1,fixed,0.3934294871794872,0.5380658810516722,0.9393739842711192,87.35882791163799,47
3,decision_close_2023_3,history|lambda=1|scaling=fixed,history,1.0,fixed,0.23148148148148148,0.6300606410675922,1.0395382784270037,78.92473511114645,47
3,decision_close_2023_3,history|lambda=10|scaling=fixed,history,10.0,fixed,0.23148148148148148,0.686493128761508,1.1435323838202194,80.42948829519591,47
3,decision_close_2023_3,history_tfidf|lambda=0.001|scaling=row_only,history_tfidf,0.001,row_only,0.4901960784313726,0.5697259362205077,1.501775110858029,102.48894589925538,47
3,decision_close_2023_3,history_tfidf|lambda=0.01|scaling=row_only,history_tfidf,0.01,row_only,0.45314900153609833,0.5345954480115042,1.0217503716579763,95.46840635688001,47
3,decision_close_2023_3,history_tfidf|lambda=0.1|scaling=row_only,history_tfidf,0.1,row_only,0.3934294871794872,0.5279900513399142,0.9194859848347007,86.36532974163227,47
3,decision_close_2023_3,history_tfidf|lambda=1|scaling=row_only,history_tfidf,1.0,row_only,0.23148148148148148,0.62511147709693,1.0317334273177385,79.08490115023443,47
3,decision_close_2023_3,history_tfidf|lambda=10|scaling=row_only,history_tfidf,10.0,row_only,0.23148148148148148,0.6857933805825679,1.1421531304829742,80.41038422637568,47
3,decision_close_2023_3,history_tfidf|lambda=0.001|scaling=column_standardized,history_tfidf,0.001,column_standardized,0.4783882783882784,0.6278036466134763,2.1126837560839244,76.18984526541524,47
3,decision_close_2023_3,history_tfidf|lambda=0.01|scaling=column_standardized,history_tfidf,0.01,column_standardized,0.4783882783882784,0.6042230468251789,1.6882117658012787,76.18305375156568,47
3,decision_close_2023_3,history_tfidf|lambda=0.1|scaling=column_standardized,history_tfidf,0.1,column_standardized,0.4866127583108715,0.568110475348443,1.297104604166536,76.14554874919479,47
3,decision_close_2023_3,history_tfidf|lambda=1|scaling=column_standardized,history_tfidf,1.0,column_standardized,0.4866127583108715,0.518593348376705,0.9831425605740837,75.77957013273,47
3,decision_close_2023_3,history_tfidf|lambda=10|scaling=column_standardized,history_tfidf,10.0,column_standardized,0.4497126436781609,0.5027573343820028,0.8693503636746283,76.07652118823633,47
3,decision_close_2023_3,history_lsa|lambda=0.001|scaling=row_only,history_lsa,0.001,row_only,0.47258903561424564,0.6428226353286245,1.7488645418079185,121.63068231933401,47
3,decision_close_2023_3,history_lsa|lambda=0.01|scaling=row_only,history_lsa,0.01,row_only,0.4637345679012346,0.569466031064043,1.0351633857388445,109.02614020690321,47
3,decision_close_2023_3,history_lsa|lambda=0.1|scaling=row_only,history_lsa,0.1,row_only,0.3934294871794872,0.529147288562968,0.9181876328924659,89.21436641084063,47
3,decision_close_2023_3,history_lsa|lambda=1|scaling=row_only,history_lsa,1.0,row_only,0.23148148148148148,0.6239076426681598,1.0298141734976651,79.4756732704286,47
3,decision_close_2023_3,history_lsa|lambda=10|scaling=row_only,history_lsa,10.0,row_only,0.23148148148148148,0.6855950731743903,1.1417699000461996,80.4556596327518,47
3,decision_close_2023_3,history_lsa|lambda=0.001|scaling=column_standardized,history_lsa,0.001,column_standardized,0.5189499695131735,0.673095614125037,2.364060671504597,105.28160468211861,47
3,decision_close_2023_3,history_lsa|lambda=0.01|scaling=column_standardized,history_lsa,0.01,column_standardized,0.4646464646464647,0.6201942807053171,1.196716541624739,110.33031948410584,47
3,decision_close_2023_3,history_lsa|lambda=0.1|scaling=column_standardized,history_lsa,0.1,column_standardized,0.4564330737856878,0.5220130069468959,0.8947966992310769,101.47627034953229,47
3,decision_close_2023_3,history_lsa|lambda=1|scaling=column_standardized,history_lsa,1.0,column_standardized,0.2698295033358043,0.5751948372718237,0.959345438286506,82.97010090801321,47
3,decision_close_2023_3,history_lsa|lambda=10|scaling=column_standardized,history_lsa,10.0,column_standardized,0.23148148148148148,0.6745279946218437,1.1185488892625524,79.70653587158793,47
3,decision_close_2023_3,history_qwen_all|lambda=0.001|scaling=fixed,history_qwen_all,0.001,fixed,0.4372759856630824,0.6688440420559856,1.9386305568763884,133.04185288090957,47
3,decision_close_2023_3,history_qwen_all|lambda=0.01|scaling=fixed,history_qwen_all,0.01,fixed,0.42776432606941084,0.6281423408094629,1.2350967883096418,112.03390420768585,47
3,decision_close_2023_3,history_qwen_all|lambda=0.1|scaling=fixed,history_qwen_all,0.1,fixed,0.4201513341298287,0.563508469560183,0.9849527998826253,92.02735151653836,47
3,decision_close_2023_3,history_qwen_all|lambda=1|scaling=fixed,history_qwen_all,1.0,fixed,0.23148148148148148,0.625647858260823,1.041674168577328,80.19230339567004,47
3,decision_close_2023_3,history_qwen_all|lambda=10|scaling=fixed,history_qwen_all,10.0,fixed,0.23148148148148148,0.6850556219379824,1.140631264597552,80.72973226956998,47
3,decision_close_2023_3,history_qwen_inflation|lambda=0.001|scaling=fixed,history_qwen_inflation,0.001,fixed,0.45751633986928103,0.6269797750232964,2.0418916353085934,126.0548531645436,47
3,decision_close_2023_3,history_qwen_inflation|lambda=0.01|scaling=fixed,history_qwen_inflation,0.01,fixed,0.4678362573099415,0.5626510156600255,1.241259269986614,108.6355720435216,47
3,decision_close_2023_3,history_qwen_inflation|lambda=0.1|scaling=fixed,history_qwen_inflation,0.1,fixed,0.4201513341298287,0.541008698277467,0.9804833326664107,91.75023050624338,47
3,decision_close_2023_3,history_qwen_inflation|lambda=1|scaling=fixed,history_qwen_inflation,1.0,fixed,0.23148148148148148,0.6258870979859915,1.0402859502314334,80.85828478090144,47
3,decision_close_2023_3,history_qwen_inflation|lambda=10|scaling=fixed,history_qwen_inflation,10.0,fixed,0.23148148148148148,0.6858242644864536,1.1426419892119144,80.62301413728441,47
3,decision_close_2023_3,history_qwen_demand|lambda=0.001|scaling=fixed,history_qwen_demand,0.001,fixed,0.44863731656184486,0.6873152767803979,1.9673093527618706,122.75799054784927,47
3,decision_close_2023_3,history_qwen_demand|lambda=0.01|scaling=fixed,history_qwen_demand,0.01,fixed,0.45314900153609833,0.6082394234196561,1.207987854336442,106.29572529443195,47
3,decision_close_2023_3,history_qwen_demand|lambda=0.1|scaling=fixed,history_qwen_demand,0.1,fixed,0.4201513341298287,0.5510348912601863,0.9734085114855145,89.76579086968484,47
3,decision_close_2023_3,history_qwen_demand|lambda=1|scaling=fixed,history_qwen_demand,1.0,fixed,0.23148148148148148,0.6271896760833776,1.040167797523285,79.99361098324279,47
3,decision_close_2023_3,history_qwen_demand|lambda=10|scaling=fixed,history_qwen_demand,10.0,fixed,0.23148148148148148,0.6860096408399514,1.142656484997454,80.67018435111288,47
3,decision_close_2023_3,history_qwen_forward|lambda=0.001|scaling=fixed,history_qwen_forward,0.001,fixed,0.44863731656184486,0.6318268813337526,1.7315836824012776,115.91716318936619,47
3,decision_close_2023_3,history_qwen_forward|lambda=0.01|scaling=fixed,history_qwen_forward,0.01,fixed,0.4413793103448276,0.5781709462386888,1.1259309758175897,102.56266334226935,47
3,decision_close_2023_3,history_qwen_forward|lambda=0.1|scaling=fixed,history_qwen_forward,0.1,fixed,0.3972323972323972,0.5518430570587154,0.9454987573156355,87.27221097385228,47
3,decision_close_2023_3,history_qwen_forward|lambda=1|scaling=fixed,history_qwen_forward,1.0,fixed,0.23148148148148148,0.6283984630200543,1.034684957079597,78.0729470888692,47
3,decision_close_2023_3,history_qwen_forward|lambda=10|scaling=fixed,history_qwen_forward,10.0,fixed,0.23148148148148148,0.6860745441393677,1.1419971797330493,80.32119469251445,47
3,decision_close_2023_3,history_qwen_scores_only|lambda=0.001|scaling=fixed,history_qwen_scores_only,0.001,fixed,0.4567901234567901,0.6337819715660419,1.6795124588261452,131.75294055059368,47
3,decision_close_2023_3,history_qwen_scores_only|lambda=0.01|scaling=fixed,history_qwen_scores_only,0.01,fixed,0.42036124794745483,0.6133107598633137,1.1319427686358976,111.75019457628856,47
3,decision_close_2023_3,history_qwen_scores_only|lambda=0.1|scaling=fixed,history_qwen_scores_only,0.1,fixed,0.3934294871794872,0.5473512336370284,0.9390155630475198,91.43538803455863,47
3,decision_close_2023_3,history_qwen_scores_only|lambda=1|scaling=fixed,history_qwen_scores_only,1.0,fixed,0.23148148148148148,0.631511810255797,1.038696426368251,78.31619015753296,47
3,decision_close_2023_3,history_qwen_scores_only|lambda=10|scaling=fixed,history_qwen_scores_only,10.0,fixed,0.23148148148148148,0.6865753710969636,1.1433723524754507,80.01036160763685,47
3,decision_close_2023_3,history_qwen_missing_only|lambda=0.001|scaling=fixed,history_qwen_missing_only,0.001,fixed,0.45751633986928103,0.6494021975912107,1.8136063018022992,118.41858455177139,47
3,decision_close_2023_3,history_qwen_missing_only|lambda=0.01|scaling=fixed,history_qwen_missing_only,0.01,fixed,0.45314900153609833,0.5825455041615275,1.1832542935990726,104.60565547535796,47
3,decision_close_2023_3,history_qwen_missing_only|lambda=0.1|scaling=fixed,history_qwen_missing_only,0.1,fixed,0.4201513341298287,0.5528550595153926,0.9867388222572073,89.129804465911,47
3,decision_close_2023_3,history_qwen_missing_only|lambda=1|scaling=fixed,history_qwen_missing_only,1.0,fixed,0.23148148148148148,0.6244033423245491,1.0423656828068004,80.81947057883491,47
3,decision_close_2023_3,history_qwen_missing_only|lambda=10|scaling=fixed,history_qwen_missing_only,10.0,fixed,0.23148148148148148,0.6849695653423634,1.1407891081532167,81.15997065606307,47
3,decision_close_2023_3,proxy_market|lambda=0.001|scaling=fixed,proxy_market,0.001,fixed,0.5067538126361656,0.7332886340261291,3.2277961149438497,154.69141576585506,47
3,decision_close_2023_3,proxy_market|lambda=0.01|scaling=fixed,proxy_market,0.01,fixed,0.5189499695131735,0.6528525800287855,1.5657559431107078,134.40541492397094,47
3,decision_close_2023_3,proxy_market|lambda=0.1|scaling=fixed,proxy_market,0.1,fixed,0.4958419958419958,0.5376781934900983,1.018835076347647,105.46563177339982,47
3,decision_close_2023_3,proxy_market|lambda=1|scaling=fixed,proxy_market,1.0,fixed,0.33410138248847926,0.6041287923074318,1.0020243631723111,86.0335281994068,47
3,decision_close_2023_3,proxy_market|lambda=10|scaling=fixed,proxy_market,10.0,fixed,0.23148148148148148,0.6717324119192638,1.1163039566562274,83.04687541072046,47
3,decision_close_2023_3,proxy_market_lsa|lambda=0.001|scaling=row_only,proxy_market_lsa,0.001,row_only,0.45348352106800166,0.7281676735671972,3.109896945960103,152.7034542188018,47
3,decision_close_2023_3,proxy_market_lsa|lambda=0.01|scaling=row_only,proxy_market_lsa,0.01,row_only,0.5189499695131735,0.6415053146541129,1.5255702481371245,133.18800808497755,47
3,decision_close_2023_3,proxy_market_lsa|lambda=0.1|scaling=row_only,proxy_market_lsa,0.1,row_only,0.4797344514325646,0.5354006112532332,1.0102565812181545,105.19315265647758,47
3,decision_close_2023_3,proxy_market_lsa|lambda=1|scaling=row_only,proxy_market_lsa,1.0,row_only,0.33410138248847926,0.601480360406225,0.9982815418227222,86.1612163707839,47
3,decision_close_2023_3,proxy_market_lsa|lambda=10|scaling=row_only,proxy_market_lsa,10.0,row_only,0.23148148148148148,0.671044607523526,1.114991108343024,83.0637975626619,47
3,decision_close_2023_3,proxy_market_lsa|lambda=0.001|scaling=column_standardized,proxy_market_lsa,0.001,column_standardized,0.505419559127999,0.7632010828548318,3.098080851935701,150.11931152305027,47
3,decision_close_2023_3,proxy_market_lsa|lambda=0.01|scaling=column_standardized,proxy_market_lsa,0.01,column_standardized,0.5326797385620915,0.6397356352796346,1.4577247562065008,132.8983448989027,47
3,decision_close_2023_3,proxy_market_lsa|lambda=0.1|scaling=column_standardized,proxy_market_lsa,0.1,column_standardized,0.4715099715099715,0.5161102349033428,0.9582477917933517,101.42103602653376,47
3,decision_close_2023_3,proxy_market_lsa|lambda=1|scaling=column_standardized,proxy_market_lsa,1.0,column_standardized,0.35651026945543624,0.5709584159773237,0.9556675149376258,86.29543181895612,47
3,decision_close_2023_3,proxy_market_lsa|lambda=10|scaling=column_standardized,proxy_market_lsa,10.0,column_standardized,0.23148148148148148,0.6617668760983704,1.0960199216911124,82.05997805250047,47
3,decision_close_2023_3,history_transformer|lambda=0.001|scaling=fixed,history_transformer,0.001,fixed,0.43274853801169594,0.6636664612817582,1.8738185224028017,86.02264311879051,47
3,decision_close_2023_3,history_transformer|lambda=0.01|scaling=fixed,history_transformer,0.01,fixed,0.4161469161469162,0.6444143579285839,1.491778794079853,85.60017268201581,47
3,decision_close_2023_3,history_transformer|lambda=0.1|scaling=fixed,history_transformer,0.1,fixed,0.3990216631726066,0.6090970011387017,1.1759380364930485,84.80872831058825,47
3,decision_close_2023_3,history_transformer|lambda=1|scaling=fixed,history_transformer,1.0,fixed,0.3990216631726066,0.5722052533805329,0.9993609223607433,90.47776752233985,47
3,decision_close_2023_3,history_transformer|lambda=10|scaling=fixed,history_transformer,10.0,fixed,0.3573717948717949,0.5896527529221787,0.9988314694622892,97.83696488386288,47
4,decision_close_2023_4,history|lambda=0.001|scaling=fixed,history,0.001,fixed,0.4769921436588103,0.59470748794427,1.4842634800949586,115.02880569131617,48
4,decision_close_2023_4,history|lambda=0.01|scaling=fixed,history,0.01,fixed,0.45234189903408056,0.545789286637953,1.03862147299959,101.00397401702288,48
4,decision_close_2023_4,history|lambda=0.1|scaling=fixed,history,0.1,fixed,0.39627039627039623,0.5286521252593656,0.9254517665992328,85.68569185564085,48
4,decision_close_2023_4,history|lambda=1|scaling=fixed,history,1.0,fixed,0.23423423423423426,0.6196768794190125,1.0249497631462818,77.30738688378428,48
4,decision_close_2023_4,history|lambda=10|scaling=fixed,history,10.0,fixed,0.23423423423423426,0.6751811394009679,1.127107763339336,78.92133008552736,48
4,decision_close_2023_4,history_tfidf|lambda=0.001|scaling=row_only,history_tfidf,0.001,row_only,0.49389567147613755,0.5583695422934828,1.4732544501908624,100.69795677624144,48
4,decision_close_2023_4,history_tfidf|lambda=0.01|scaling=row_only,history_tfidf,0.01,row_only,0.4564330737856878,0.5248903781602261,1.0054632503483685,93.66539107266438,48
4,decision_close_2023_4,history_tfidf|lambda=0.1|scaling=row_only,history_tfidf,0.1,row_only,0.39627039627039623,0.5191739883945713,0.9066215753265001,84.68082399024725,48
4,decision_close_2023_4,history_tfidf|lambda=1|scaling=row_only,history_tfidf,1.0,row_only,0.23423423423423426,0.614948433851182,1.0174769673626196,77.4947173619806,48
4,decision_close_2023_4,history_tfidf|lambda=10|scaling=row_only,history_tfidf,10.0,row_only,0.23423423423423426,0.6745115238606969,1.1257790137142676,78.90854235381663,48
4,decision_close_2023_4,history_tfidf|lambda=0.001|scaling=column_standardized,history_tfidf,0.001,column_standardized,0.4821869488536155,0.6147244175004586,2.068681434899063,74.73499291483729,48
4,decision_close_2023_4,history_tfidf|lambda=0.01|scaling=column_standardized,history_tfidf,0.01,column_standardized,0.4821869488536155,0.5916357384841325,1.6531251355936405,74.72784502810443,48
4,decision_close_2023_4,history_tfidf|lambda=0.1|scaling=column_standardized,history_tfidf,0.1,column_standardized,0.49004329004329006,0.5563013902770134,1.2706214391982449,74.6858273715798,48
4,decision_close_2023_4,history_tfidf|lambda=1|scaling=column_standardized,history_tfidf,1.0,column_standardized,0.49004329004329006,0.5084087234925406,0.9654461390672506,74.26609057447877,48
4,decision_close_2023_4,history_tfidf|lambda=10|scaling=column_standardized,history_tfidf,10.0,column_standardized,0.4527777777777778,0.49588777917775895,0.8590315578503024,74.71364162139582,48
4,decision_close_2023_4,history_lsa|lambda=0.001|scaling=row_only,history_lsa,0.001,row_only,0.47712418300653586,0.6296389492839838,1.71416768688595,120.71525504697001,48
4,decision_close_2023_4,history_lsa|lambda=0.01|scaling=row_only,history_lsa,0.01,row_only,0.4672619047619048,0.5586717051330942,1.0178356436110492,107.43648626592058,48
4,decision_close_2023_4,history_lsa|lambda=0.1|scaling=row_only,history_lsa,0.1,row_only,0.39627039627039623,0.5203716125884791,0.9054412190402613,87.50946339407562,48
4,decision_close_2023_4,history_lsa|lambda=1|scaling=row_only,history_lsa,1.0,row_only,0.23423423423423426,0.6138151913397148,1.0156617614459231,77.88795083775825,48
4,decision_close_2023_4,history_lsa|lambda=10|scaling=row_only,history_lsa,10.0,row_only,0.23423423423423426,0.6743236423431455,1.1254125008957114,78.9553941305745,48
4,decision_close_2023_4,history_lsa|lambda=0.001|scaling=column_standardized,history_lsa,0.001,column_standardized,0.5238710868962969,0.6590942288084253,2.315288651837425,105.05867966698275,48
4,decision_close_2023_4,history_lsa|lambda=0.01|scaling=column_standardized,history_lsa,0.01,column_standardized,0.4688393367638651,0.6079308659313456,1.1747964674483253,109.41348062055006,48
4,decision_close_2023_4,history_lsa|lambda=0.1|scaling=column_standardized,history_lsa,0.1,column_standardized,0.45949820788530465,0.5135638733860353,0.8825913445583543,99.61485479941742,48
4,decision_close_2023_4,history_lsa|lambda=1|scaling=column_standardized,history_lsa,1.0,column_standardized,0.2725306416726748,0.5665068031629812,0.9471871234692877,81.38458667560336,48
4,decision_close_2023_4,history_lsa|lambda=10|scaling=column_standardized,history_lsa,10.0,column_standardized,0.23423423423423426,0.6635779859912041,1.1028008225463264,78.24489489898265,48
4,decision_close_2023_4,history_qwen_all|lambda=0.001|scaling=fixed,history_qwen_all,0.001,fixed,0.44124423963133647,0.6552209755221372,1.9004049211853022,130.48518027323908,48
4,decision_close_2023_4,history_qwen_all|lambda=0.01|scaling=fixed,history_qwen_all,0.01,fixed,0.43091334894613587,0.6156349426344233,1.2124014405521846,109.91069071755186,48
4,decision_close_2023_4,history_qwen_all|lambda=0.1|scaling=fixed,history_qwen_all,0.1,fixed,0.42283950617283955,0.5531566959323629,0.9693505614562311,90.2851387105937,48
4,decision_close_2023_4,history_qwen_all|lambda=1|scaling=fixed,history_qwen_all,1.0,fixed,0.23423423423423426,0.6149473891998284,1.0264418867289764,78.5262959069346,48
4,decision_close_2023_4,history_qwen_all|lambda=10|scaling=fixed,history_qwen_all,10.0,fixed,0.23423423423423426,0.6736782818622055,1.1241328027756696,79.20362226759913,48
4,decision_close_2023_4,history_qwen_inflation|lambda=0.001|scaling=fixed,history_qwen_inflation,0.001,fixed,0.46170921198668147,0.6145542923732846,2.0024810763082264,123.46403206819336,48
4,decision_close_2023_4,history_qwen_inflation|lambda=0.01|scaling=fixed,history_qwen_inflation,0.01,fixed,0.4708097928436912,0.5518132735076259,1.2192255549444821,106.40479285808674,48
4,decision_close_2023_4,history_qwen_inflation|lambda=0.1|scaling=fixed,history_qwen_inflation,0.1,fixed,0.42283950617283955,0.5313775412450289,0.9654197015535,89.84734687559443,48
4,decision_close_2023_4,history_qwen_inflation|lambda=1|scaling=fixed,history_qwen_inflation,1.0,fixed,0.23423423423423426,0.6154635203373192,1.0254911255474441,79.26970409240134,48
4,decision_close_2023_4,history_qwen_inflation|lambda=10|scaling=fixed,history_qwen_inflation,10.0,fixed,0.23423423423423426,0.6745034924400204,1.1262031513570763,79.11998134146701,48
4,decision_close_2023_4,history_qwen_demand|lambda=0.001|scaling=fixed,history_qwen_demand,0.001,fixed,0.4525252525252525,0.6736998901082991,1.9296216064807947,120.3119843588936,48
4,decision_close_2023_4,history_qwen_demand|lambda=0.01|scaling=fixed,history_qwen_demand,0.01,fixed,0.4564330737856878,0.5964649031741849,1.1866706480848261,104.19078552077251,48
4,decision_close_2023_4,history_qwen_demand|lambda=0.1|scaling=fixed,history_qwen_demand,0.1,fixed,0.42283950617283955,0.5410681030161434,0.9582707714710583,87.98670547547222,48
4,decision_close_2023_4,history_qwen_demand|lambda=1|scaling=fixed,history_qwen_demand,1.0,fixed,0.23423423423423426,0.6166322786620843,1.0252199394673187,78.36181851139436,48
4,decision_close_2023_4,history_qwen_demand|lambda=10|scaling=fixed,history_qwen_demand,10.0,fixed,0.23423423423423426,0.6746688934442155,1.1261948990868025,79.15532433124997,48
4,decision_close_2023_4,history_qwen_forward|lambda=0.001|scaling=fixed,history_qwen_forward,0.001,fixed,0.4525252525252525,0.619035151252502,1.697873873085146,113.77369684457729,48
4,decision_close_2023_4,history_qwen_forward|lambda=0.01|scaling=fixed,history_qwen_forward,0.01,fixed,0.4444444444444444,0.5667421810681597,1.1056147701463779,100.69259086216967,48
4,decision_close_2023_4,history_qwen_forward|lambda=0.1|scaling=fixed,history_qwen_forward,0.1,fixed,0.4000000000000001,0.5418117885328176,0.9308651222964168,85.68241036686737,48
4,decision_close_2023_4,history_qwen_forward|lambda=1|scaling=fixed,history_qwen_forward,1.0,fixed,0.23423423423423426,0.6178273239668984,1.019882981875768,76.48639372995471,48
4,decision_close_2023_4,history_qwen_forward|lambda=10|scaling=fixed,history_qwen_forward,10.0,fixed,0.23423423423423426,0.6747320682292592,1.1255508219167585,78.79757689639548,48
4,decision_close_2023_4,history_qwen_scores_only|lambda=0.001|scaling=fixed,history_qwen_scores_only,0.001,fixed,0.4603174603174603,0.621063358997001,1.6472499137193164,129.31891918115141,48
4,decision_close_2023_4,history_qwen_scores_only|lambda=0.01|scaling=fixed,history_qwen_scores_only,0.01,fixed,0.4238095238095238,0.6012987170850276,1.1118950899569022,109.72828217191004,48
4,decision_close_2023_4,history_qwen_scores_only|lambda=0.1|scaling=fixed,history_qwen_scores_only,0.1,fixed,0.39627039627039623,0.5376526534094729,0.9249677806929079,89.79308559826393,48
4,decision_close_2023_4,history_qwen_scores_only|lambda=1|scaling=fixed,history_qwen_scores_only,1.0,fixed,0.23423423423423426,0.6210707008461587,1.0241088456280611,76.72860305749066,48
4,decision_close_2023_4,history_qwen_scores_only|lambda=10|scaling=fixed,history_qwen_scores_only,10.0,fixed,0.23423423423423426,0.6752544990494208,1.1269438013710278,78.49420753074912,48
4,decision_close_2023_4,history_qwen_missing_only|lambda=0.001|scaling=fixed,history_qwen_missing_only,0.001,fixed,0.46170921198668147,0.636577985814628,1.779125097981672,116.02933083067326,48
4,decision_close_2023_4,history_qwen_missing_only|lambda=0.01|scaling=fixed,history_qwen_missing_only,0.01,fixed,0.4564330737856878,0.5713429954777479,1.162544727165804,102.50113424544155,48
4,decision_close_2023_4,history_qwen_missing_only|lambda=0.1|scaling=fixed,history_qwen_missing_only,0.1,fixed,0.42283950617283955,0.542916021212111,0.9714329055269267,87.3221439189394,48
4,decision_close_2023_4,history_qwen_missing_only|lambda=1|scaling=fixed,history_qwen_missing_only,1.0,fixed,0.23423423423423426,0.6137847433674964,1.0271835045517648,79.21062266491353,48
4,decision_close_2023_4,history_qwen_missing_only|lambda=10|scaling=fixed,history_qwen_missing_only,10.0,fixed,0.23423423423423426,0.6736018485180092,1.1242957455837148,79.64260949663428,48
4,decision_close_2023_4,proxy_market|lambda=0.001|scaling=fixed,proxy_market,0.001,fixed,0.5121123626755667,0.7180189680264447,3.1608590633412468,152.0291236360957,48
4,decision_close_2023_4,proxy_market|lambda=0.01|scaling=fixed,proxy_market,0.01,fixed,0.5238710868962969,0.6396256886714753,1.5354879150577494,132.35246659357747,48
4,decision_close_2023_4,proxy_market|lambda=0.1|scaling=fixed,proxy_market,0.1,fixed,0.49916583249916585,0.5290852314636619,1.0042451849710756,103.70691718700989,48
4,decision_close_2023_4,proxy_market|lambda=1|scaling=fixed,proxy_market,1.0,fixed,0.33779761904761907,0.5968920082906743,0.9914560479511906,84.56039253619151,48
4,decision_close_2023_4,proxy_market|lambda=10|scaling=fixed,proxy_market,10.0,fixed,0.23423423423423426,0.6615150774692432,1.1015020709816454,81.72123704050259,48
4,decision_close_2023_4,proxy_market_lsa|lambda=0.001|scaling=row_only,proxy_market_lsa,0.001,row_only,0.45898359343737494,0.7129978379612355,3.045169085278244,150.68533550523753,48
4,decision_close_2023_4,proxy_market_lsa|lambda=0.01|scaling=row_only,proxy_market_lsa,0.01,row_only,0.5238710868962969,0.6283628309249599,1.495548483104501,131.5223280547231,48
4,decision_close_2023_4,proxy_market_lsa|lambda=0.1|scaling=row_only,proxy_market_lsa,0.1,row_only,0.48316498316498313,0.5267855333537583,0.995717201098453,103.47408416367178,48
4,decision_close_2023_4,proxy_market_lsa|lambda=1|scaling=row_only,proxy_market_lsa,1.0,row_only,0.33779761904761907,0.5942893613931121,0.9877754065346832,84.68180797653709,48
4,decision_close_2023_4,proxy_market_lsa|lambda=10|scaling=row_only,proxy_market_lsa,10.0,row_only,0.23423423423423426,0.6608573597688562,1.100236745771934,81.74029211709112,48
4,decision_close_2023_4,proxy_market_lsa|lambda=0.001|scaling=column_standardized,proxy_market_lsa,0.001,column_standardized,0.5108543417366946,0.7473011231924112,3.033567037886695,148.2086454817332,48
4,decision_close_2023_4,proxy_market_lsa|lambda=0.01|scaling=column_standardized,proxy_market_lsa,0.01,column_standardized,0.537124183006536,0.626505379993768,1.4285163404100636,131.42122721287498,48
4,decision_close_2023_4,proxy_market_lsa|lambda=0.1|scaling=column_standardized,proxy_market_lsa,0.1,column_standardized,0.4753086419753087,0.5071509282841186,0.943579762165963,99.85864164485452,48
4,decision_close_2023_4,proxy_market_lsa|lambda=1|scaling=column_standardized,proxy_market_lsa,1.0,column_standardized,0.36015325670498083,0.5637604697141924,0.9452600278446109,84.74934372998393,48
4,decision_close_2023_4,proxy_market_lsa|lambda=10|scaling=column_standardized,proxy_market_lsa,10.0,column_standardized,0.23423423423423426,0.651802419562535,1.081696870865729,80.7422909581986,48
4,decision_close_2023_4,history_transformer|lambda=0.001|scaling=fixed,history_transformer,0.001,fixed,0.4369414101290963,0.6498442842820364,1.8349931199444296,84.55686524047422,48
4,decision_close_2023_4,history_transformer|lambda=0.01|scaling=fixed,history_transformer,0.01,fixed,0.42042042042042044,0.6310833458007711,1.4617288986253902,84.13207192878608,48
4,decision_close_2023_4,history_transformer|lambda=0.1|scaling=fixed,history_transformer,0.1,fixed,0.4033670033670034,0.5976749481215312,1.155516189079699,83.26240863833648,48
4,decision_close_2023_4,history_transformer|lambda=1|scaling=fixed,history_transformer,1.0,fixed,0.4033670033670034,0.5659207774241872,0.9885570359206577,88.81668672682122,48
4,decision_close_2023_4,history_transformer|lambda=10|scaling=fixed,history_transformer,10.0,fixed,0.3605283605283605,0.5845076629374847,0.9902767306337056,96.40121918189304,48
5,decision_close_2023_5,history|lambda=0.001|scaling=fixed,history,0.001,fixed,0.4805194805194805,0.5828962344804187,1.4561723791692331,112.93331403417504,49
5,decision_close_2023_5,history|lambda=0.01|scaling=fixed,history,0.01,fixed,0.4554909219108056,0.5351199452228029,1.0201185971541349,99.18930496876072,49
5,decision_close_2023_5,history|lambda=0.1|scaling=fixed,history,0.1,fixed,0.3989441930618402,0.5189321244077634,0.910757731853549,84.1376450173727,49
5,decision_close_2023_5,history|lambda=1|scaling=fixed,history,1.0,fixed,0.23684210526315788,0.6093200971843709,1.01035010170521,75.73221311399786,49
5,decision_close_2023_5,history|lambda=10|scaling=fixed,history,10.0,fixed,0.23684210526315788,0.6642090637172147,1.1111745269347213,77.4637153713598,49
5,decision_close_2023_5,history_tfidf|lambda=0.001|scaling=row_only,history_tfidf,0.001,row_only,0.49732620320855614,0.5470261132361532,1.4440236634036827,98.77885771980002,49
5,decision_close_2023_5,history_tfidf|lambda=0.01|scaling=row_only,history_tfidf,0.01,row_only,0.45949820788530465,0.5146554515196157,0.9876542769721917,91.91960389092267,49
5,decision_close_2023_5,history_tfidf|lambda=0.1|scaling=row_only,history_tfidf,0.1,row_only,0.3989441930618402,0.5098326038283404,0.8926834403396392,83.0981975674537,49
5,decision_close_2023_5,history_tfidf|lambda=1|scaling=row_only,history_tfidf,1.0,row_only,0.23684210526315788,0.6047674355971231,1.0031500237917033,75.94065989335822,49
5,decision_close_2023_5,history_tfidf|lambda=10|scaling=row_only,history_tfidf,10.0,row_only,0.23684210526315788,0.6635646267268555,1.1098891451788593,77.45640573210892,49
5,decision_close_2023_5,history_tfidf|lambda=0.001|scaling=column_standardized,history_tfidf,0.001,column_standardized,0.48571428571428577,0.6021790212837678,2.0264642388774483,73.31357445385561,49
5,decision_close_2023_5,history_tfidf|lambda=0.01|scaling=column_standardized,history_tfidf,0.01,column_standardized,0.48571428571428577,0.579561546269973,1.6193962907617947,73.3059080394941,49
5,decision_close_2023_5,history_tfidf|lambda=0.1|scaling=column_standardized,history_tfidf,0.1,column_standardized,0.49323308270676697,0.544948896952387,1.2447715564802433,73.2584112537556,49
5,decision_close_2023_5,history_tfidf|lambda=1|scaling=column_standardized,history_tfidf,1.0,column_standardized,0.49323308270676697,0.4980700815023056,0.9464024723564394,72.80856164351367,49
5,decision_close_2023_5,history_tfidf|lambda=10|scaling=column_standardized,history_tfidf,10.0,column_standardized,0.45564516129032256,0.4866082197208549,0.8449559344096439,73.2680432213853,49
5,decision_close_2023_5,history_lsa|lambda=0.001|scaling=row_only,history_lsa,0.001,row_only,0.4813170551239363,0.616890842091394,1.6803395419214,119.47390906717405,49
5,decision_close_2023_5,history_lsa|lambda=0.01|scaling=row_only,history_lsa,0.01,row_only,0.4705459770114942,0.5478071460946667,0.9999271311829171,105.7694662806849,49
5,decision_close_2023_5,history_lsa|lambda=0.1|scaling=row_only,history_lsa,0.1,row_only,0.3989441930618402,0.5111241485080046,0.8917493960290284,85.87521451033258,49
5,decision_close_2023_5,history_lsa|lambda=1|scaling=row_only,history_lsa,1.0,row_only,0.23684210526315788,0.6037072945008232,1.0014469303735292,76.33825961522247,49
5,decision_close_2023_5,history_lsa|lambda=10|scaling=row_only,history_lsa,10.0,row_only,0.23684210526315788,0.6633874632231729,1.1095398533767518,77.50452873208044,49
5,decision_close_2023_5,history_lsa|lambda=0.001|scaling=column_standardized,history_lsa,0.001,column_standardized,0.5284062342885871,0.6456533398021919,2.268360381906308,104.38631089715761,49
5,decision_close_2023_5,history_lsa|lambda=0.01|scaling=column_standardized,history_lsa,0.01,column_standardized,0.4727272727272727,0.595851087437925,1.1528544602937834,108.21374615146807,49
5,decision_close_2023_5,history_lsa|lambda=0.1|scaling=column_standardized,history_lsa,0.1,column_standardized,0.4623655913978495,0.5046750360573636,0.8696032929940136,97.7716789863308,49
5,decision_close_2023_5,history_lsa|lambda=1|scaling=column_standardized,history_lsa,1.0,column_standardized,0.2750877192982456,0.5577401650345792,0.9349138057053465,79.81276686227032,49
5,decision_close_2023_5,history_lsa|lambda=10|scaling=column_standardized,history_lsa,10.0,column_standardized,0.23684210526315788,0.6529461331813134,1.087509800007631,76.81800308986881,49
5,decision_close_2023_5,history_qwen_all|lambda=0.001|scaling=fixed,history_qwen_all,0.001,fixed,0.44493882091212456,0.6420762661696295,1.8634302260853612,128.02161552935593,49
5,decision_close_2023_5,history_qwen_all|lambda=0.01|scaling=fixed,history_qwen_all,0.01,fixed,0.4338624338624338,0.6034480158724326,1.1900405231873143,107.86428128302589,49
5,decision_close_2023_5,history_qwen_all|lambda=0.1|scaling=fixed,history_qwen_all,0.1,fixed,0.425364758698092,0.5427836854082357,0.9534398739463705,88.61204743736204,49
5,decision_close_2023_5,history_qwen_all|lambda=1|scaling=fixed,history_qwen_all,1.0,fixed,0.23684210526315788,0.6043537089787866,1.0112948202492096,76.94241303178072,49
5,decision_close_2023_5,history_qwen_all|lambda=10|scaling=fixed,history_qwen_all,10.0,fixed,0.23684210526315788,0.66264615131366,1.108130602808525,77.72932621272314,49
5,decision_close_2023_5,history_qwen_inflation|lambda=0.001|scaling=fixed,history_qwen_inflation,0.001,fixed,0.46559714795008916,0.6022507728553765,1.9634877780089304,120.94454453849303,49
5,decision_close_2023_5,history_qwen_inflation|lambda=0.01|scaling=fixed,history_qwen_inflation,0.01,fixed,0.4735883424408014,0.5409512659790473,1.1968172384864812,104.23380038519771,49
5,decision_close_2023_5,history_qwen_inflation|lambda=0.1|scaling=fixed,history_qwen_inflation,0.1,fixed,0.425364758698092,0.5215469862234196,0.9497878689571888,88.02374403498196,49
5,decision_close_2023_5,history_qwen_inflation|lambda=1|scaling=fixed,history_qwen_inflation,1.0,fixed,0.23684210526315788,0.6050938779539199,1.0107233528975288,77.73246515856682,49
5,decision_close_2023_5,history_qwen_inflation|lambda=10|scaling=fixed,history_qwen_inflation,10.0,fixed,0.23684210526315788,0.6635235837064157,1.110256705996761,77.66751365647931,49
5,decision_close_2023_5,history_qwen_demand|lambda=0.001|scaling=fixed,history_qwen_demand,0.001,fixed,0.4561403508771929,0.6602755158811601,1.8924331543725053,118.06932091274828,49
5,decision_close_2023_5,history_qwen_demand|lambda=0.01|scaling=fixed,history_qwen_demand,0.01,fixed,0.45949820788530465,0.584737810840954,1.165068631333613,102.27305491223777,49
5,decision_close_2023_5,history_qwen_demand|lambda=0.1|scaling=fixed,history_qwen_demand,0.1,fixed,0.425364758698092,0.5309503790275292,0.9425941010692573,86.3622391580381,49
5,decision_close_2023_5,history_qwen_demand|lambda=1|scaling=fixed,history_qwen_demand,1.0,fixed,0.23684210526315788,0.6061447994604939,1.0103123913358656,76.76490157897376,49
5,decision_close_2023_5,history_qwen_demand|lambda=10|scaling=fixed,history_qwen_demand,10.0,fixed,0.23684210526315788,0.6636704146961151,1.1102271599470668,77.69126896447335,49
5,decision_close_2023_5,history_qwen_forward|lambda=0.001|scaling=fixed,history_qwen_forward,0.001,fixed,0.4561403508771929,0.6066650608428528,1.66517708201614,111.78650115440173,49
5,decision_close_2023_5,history_qwen_forward|lambda=0.01|scaling=fixed,history_qwen_forward,0.01,fixed,0.4473118279569892,0.5555534381749883,1.0854363851604734,98.96845928363071,49
5,decision_close_2023_5,history_qwen_forward|lambda=0.1|scaling=fixed,history_qwen_forward,0.1,fixed,0.4026023727516265,0.5316736817892744,0.9157455257275597,84.22292276508371,49
5,decision_close_2023_5,history_qwen_forward|lambda=1|scaling=fixed,history_qwen_forward,1.0,fixed,0.23684210526315788,0.6073228174488315,1.0051084665991554,74.99435539210442,49
5,decision_close_2023_5,history_qwen_forward|lambda=10|scaling=fixed,history_qwen_forward,10.0,fixed,0.23684210526315788,0.663731808144443,1.1095974147058532,77.32539885357943,49
5,decision_close_2023_5,history_qwen_scores_only|lambda=0.001|scaling=fixed,history_qwen_scores_only,0.001,fixed,0.4636015325670498,0.6087161874649966,1.6158217302618596,126.97119347780958,49
5,decision_close_2023_5,history_qwen_scores_only|lambda=0.01|scaling=fixed,history_qwen_scores_only,0.01,fixed,0.4270353302611367,0.589500019756067,1.0918936508221324,107.77602571366647,49
5,decision_close_2023_5,history_qwen_scores_only|lambda=0.1|scaling=fixed,history_qwen_scores_only,0.1,fixed,0.3989441930618402,0.527784806992847,0.9103811419648584,88.20893368028956,49
5,decision_close_2023_5,history_qwen_scores_only|lambda=1|scaling=fixed,history_qwen_scores_only,1.0,fixed,0.23684210526315788,0.6106744030691087,1.009529088519618,75.21740939566445,49
5,decision_close_2023_5,history_qwen_scores_only|lambda=10|scaling=fixed,history_qwen_scores_only,10.0,fixed,0.23684210526315788,0.6642739876609232,1.111006646411111,77.02969026239478,49
5,decision_close_2023_5,history_qwen_missing_only|lambda=0.001|scaling=fixed,history_qwen_missing_only,0.001,fixed,0.46559714795008916,0.6239011250388247,1.7449752408436696,113.8202193993362,49
5,decision_close_2023_5,history_qwen_missing_only|lambda=0.01|scaling=fixed,history_qwen_missing_only,0.01,fixed,0.45949820788530465,0.5601331294693684,1.1414534798386715,100.56452095431736,49
5,decision_close_2023_5,history_qwen_missing_only|lambda=0.1|scaling=fixed,history_qwen_missing_only,0.1,fixed,0.425364758698092,0.5327894410092194,0.9555450918904118,85.66027752831872,49
5,decision_close_2023_5,history_qwen_missing_only|lambda=1|scaling=fixed,history_qwen_missing_only,1.0,fixed,0.23684210526315788,0.6032523597692178,1.0120640352374375,77.63446888510497,49
5,decision_close_2023_5,history_qwen_missing_only|lambda=10|scaling=fixed,history_qwen_missing_only,10.0,fixed,0.23684210526315788,0.662578834398704,1.1082985565183447,78.17590799293016,49
5,decision_close_2023_5,proxy_market|lambda=0.001|scaling=fixed,proxy_market,0.001,fixed,0.5170334800586901,0.7033898477093022,3.0968704561231215,149.1801206665098,49
5,decision_close_2023_5,proxy_market|lambda=0.01|scaling=fixed,proxy_market,0.01,fixed,0.5284062342885871,0.6268220270951779,1.5059583930079414,130.10153489434256,49
5,decision_close_2023_5,proxy_market|lambda=0.1|scaling=fixed,proxy_market,0.1,fixed,0.5022522522522522,0.519765000362594,0.9884846978709977,101.9157433936068,49
5,decision_close_2023_5,proxy_market|lambda=1|scaling=fixed,proxy_market,1.0,fixed,0.3412698412698412,0.5889659428110088,0.9800961766441102,83.137458881138,49
5,decision_close_2023_5,proxy_market|lambda=10|scaling=fixed,proxy_market,10.0,fixed,0.23684210526315788,0.651485402120753,1.0869926225854638,80.42958149685238,49
5,decision_close_2023_5,proxy_market_lsa|lambda=0.001|scaling=row_only,proxy_market_lsa,0.001,row_only,0.4640522875816993,0.698447796264253,2.983121971489119,147.78437370591976,49
5,decision_close_2023_5,proxy_market_lsa|lambda=0.01|scaling=row_only,proxy_market_lsa,0.01,row_only,0.5284062342885871,0.6156968848285272,1.4664296012423306,129.21452266920613,49
5,decision_close_2023_5,proxy_market_lsa|lambda=0.1|scaling=row_only,proxy_market_lsa,0.1,row_only,0.48635477582846004,0.5174865801810661,0.9800694408931672,101.66106981757376,49
5,decision_close_2023_5,proxy_market_lsa|lambda=1|scaling=row_only,proxy_market_lsa,1.0,row_only,0.3412698412698412,0.5864032400520316,0.9764707502253421,83.25206337089298,49
5,decision_close_2023_5,proxy_market_lsa|lambda=10|scaling=row_only,proxy_market_lsa,10.0,row_only,0.23684210526315788,0.6508537658048635,1.0857695748475593,80.44992129257538,49
5,decision_close_2023_5,proxy_market_lsa|lambda=0.001|scaling=column_standardized,proxy_market_lsa,0.001,column_standardized,0.5158543417366946,0.7320500921793519,2.971670434500155,145.46845358940914,49
5,decision_close_2023_5,proxy_market_lsa|lambda=0.01|scaling=column_standardized,proxy_market_lsa,0.01,column_standardized,0.5412267471091,0.6137626664888491,1.4001039145131937,129.16830936965948,49
5,decision_close_2023_5,proxy_market_lsa|lambda=0.1|scaling=column_standardized,proxy_market_lsa,0.1,column_standardized,0.47883597883597884,0.49780733544633754,0.9281329765685047,98.13056666787413,49
5,decision_close_2023_5,proxy_market_lsa|lambda=1|scaling=column_standardized,proxy_market_lsa,1.0,column_standardized,0.36357206012378424,0.5560179423401239,0.9342151153525681,83.21398557680344,49
5,decision_close_2023_5,proxy_market_lsa|lambda=10|scaling=column_standardized,proxy_market_lsa,10.0,column_standardized,0.23684210526315788,0.6420132265684185,1.0676464107422334,79.44345311998079,49
5,decision_close_2023_5,history_transformer|lambda=0.001|scaling=fixed,history_transformer,0.001,fixed,0.44082934609250396,0.6365833430725721,1.7976585601985524,82.88928447266224,49
5,decision_close_2023_5,history_transformer|lambda=0.01|scaling=fixed,history_transformer,0.01,fixed,0.4243886743886744,0.6182284110246493,1.4324202903825825,82.45463789889459,49
5,decision_close_2023_5,history_transformer|lambda=0.1|scaling=fixed,history_transformer,0.1,fixed,0.40740740740740744,0.5858461317415978,1.1340576964011995,81.63222882987249,49
5,decision_close_2023_5,history_transformer|lambda=1|scaling=fixed,history_transformer,1.0,fixed,0.40740740740740744,0.5571226341386017,0.9749211281899032,87.01544981620378,49
5,decision_close_2023_5,history_transformer|lambda=10|scaling=fixed,history_transformer,10.0,fixed,0.36349924585218707,0.5783161320633808,0.9806732743151405,94.81401481633407,49
6,decision_close_2023_6,history|lambda=0.001|scaling=fixed,history,0.001,fixed,0.4763423710792132,0.6013061227239445,1.470335615356666,123.25686839603117,50
6,decision_close_2023_6,history|lambda=0.01|scaling=fixed,history,0.01,fixed,0.4516129032258065,0.5542750034855789,1.0440191505977936,109.79238969445447,50
6,decision_close_2023_6,history|lambda=0.1|scaling=fixed,history,0.1,fixed,0.39539204756596064,0.5379311555125367,0.9400820111664716,95.08564561903269,50
6,decision_close_2023_6,history|lambda=1|scaling=fixed,history,1.0,fixed,0.23376623376623376,0.6255306740068687,1.0404303179452805,87.082413589566,50
6,decision_close_2023_6,history|lambda=10|scaling=fixed,history,10.0,fixed,0.23376623376623376,0.6788909823620608,1.139787714534058,89.02968515178621,50
6,decision_close_2023_6,history_tfidf|lambda=0.001|scaling=row_only,history_tfidf,0.001,row_only,0.49299719887955185,0.5729864353406634,1.4912208141492724,109.73953428301066,50
6,decision_close_2023_6,history_tfidf|lambda=0.01|scaling=row_only,history_tfidf,0.01,row_only,0.4554909219108056,0.5359328076538712,1.0186590472401205,102.77775832985742,50
6,decision_close_2023_6,history_tfidf|lambda=0.1|scaling=row_only,history_tfidf,0.1,row_only,0.39539204756596064,0.5288073296204231,0.9226170971712057,94.106561375528,50
6,decision_close_2023_6,history_tfidf|lambda=1|scaling=row_only,history_tfidf,1.0,row_only,0.23376623376623376,0.6209873520404013,1.0333405740281252,87.31291945813824,50
6,decision_close_2023_6,history_tfidf|lambda=10|scaling=row_only,history_tfidf,10.0,row_only,0.23376623376623376,0.6782498379804491,1.138525503631679,89.02721460670583,50
6,decision_close_2023_6,history_tfidf|lambda=0.001|scaling=column_standardized,history_tfidf,0.001,column_standardized,0.4815371762740184,0.6301290740587717,2.224592805024144,84.97880661234322,50
6,decision_close_2023_6,history_tfidf|lambda=0.01|scaling=column_standardized,history_tfidf,0.01,column_standardized,0.4815371762740184,0.6079285892154431,1.7817463976750674,84.97308121575415,50
6,decision_close_2023_6,history_tfidf|lambda=0.1|scaling=column_standardized,history_tfidf,0.1,column_standardized,0.4889983579638752,0.5737866625337336,1.371300726574342,84.93401977267494,50
6,decision_close_2023_6,history_tfidf|lambda=1|scaling=column_standardized,history_tfidf,1.0,column_standardized,0.4889983579638752,0.5266167261655954,1.0363874251920757,84.47266142290673,50
6,decision_close_2023_6,history_tfidf|lambda=10|scaling=column_standardized,history_tfidf,10.0,column_standardized,0.45171957671957674,0.5108582594356214,0.8996298024460156,84.88828990892664,50
6,decision_close_2023_6,history_lsa|lambda=0.001|scaling=row_only,history_lsa,0.001,row_only,0.47712418300653586,0.6406065266695752,1.7181758185758094,129.02719638368035,50
6,decision_close_2023_6,history_lsa|lambda=0.01|scaling=row_only,history_lsa,0.01,row_only,0.46645480225988695,0.567648852261821,1.0297874385084023,115.97216767456446,50
6,decision_close_2023_6,history_lsa|lambda=0.1|scaling=row_only,history_lsa,0.1,row_only,0.39539204756596064,0.5297317835875187,0.9213910427572582,96.78972104959873,50
6,decision_close_2023_6,history_lsa|lambda=1|scaling=row_only,history_lsa,1.0,row_only,0.23376623376623376,0.6198822599814573,1.031600550734839,87.70694726493933,50
6,decision_close_2023_6,history_lsa|lambda=10|scaling=row_only,history_lsa,10.0,row_only,0.23376623376623376,0.6780693658608367,1.138176538937483,89.07531821408124,50
6,decision_close_2023_6,history_lsa|lambda=0.001|scaling=column_standardized,history_lsa,0.001,column_standardized,0.5204697263520792,0.6722349763405071,2.447621672693395,114.13130726812584,50
6,decision_close_2023_6,history_lsa|lambda=0.01|scaling=column_standardized,history_lsa,0.01,column_standardized,0.46861471861471865,0.6195621812969787,1.2072647966334926,118.09157794720642,50
6,decision_close_2023_6,history_lsa|lambda=0.1|scaling=column_standardized,history_lsa,0.1,column_standardized,0.45844000682710356,0.5242066581956454,0.9055638802159871,108.31229789403415,50
6,decision_close_2023_6,history_lsa|lambda=1|scaling=column_standardized,history_lsa,1.0,column_standardized,0.2719298245614035,0.574239879394743,0.9656348652708329,91.06780715621237,50
6,decision_close_2023_6,history_lsa|lambda=10|scaling=column_standardized,history_lsa,10.0,column_standardized,0.23376623376623376,0.667726139694345,1.116443727499083,88.38983895615891,50
6,decision_close_2023_6,history_qwen_all|lambda=0.001|scaling=fixed,history_qwen_all,0.001,fixed,0.4410424640058319,0.6624540830597785,1.8780928257012954,138.01085808540375,50
6,decision_close_2023_6,history_qwen_all|lambda=0.01|scaling=fixed,history_qwen_all,0.01,fixed,0.4300595238095238,0.6233277791332281,1.2153292616298366,118.26193409144122,50
6,decision_close_2023_6,history_qwen_all|lambda=0.1|scaling=fixed,history_qwen_all,0.1,fixed,0.42159572507831217,0.5618930271305804,0.9817944646158806,99.44141434893787,50
6,decision_close_2023_6,history_qwen_all|lambda=1|scaling=fixed,history_qwen_all,1.0,fixed,0.23376623376623376,0.6211341909096011,1.0414845943167406,88.24031358943256,50
6,decision_close_2023_6,history_qwen_all|lambda=10|scaling=fixed,history_qwen_all,10.0,fixed,0.23376623376623376,0.6774654165108871,1.1368867199927684,89.27905542192312,50
6,decision_close_2023_6,history_qwen_inflation|lambda=0.001|scaling=fixed,history_qwen_inflation,0.001,fixed,0.461484593837535,0.620984951578552,1.9691899286193983,131.24611912804212,50
6,decision_close_2023_6,history_qwen_inflation|lambda=0.01|scaling=fixed,history_qwen_inflation,0.01,fixed,0.4695340501792115,0.5605186503621798,1.2184226536645573,114.87342019058215,50
6,decision_close_2023_6,history_qwen_inflation|lambda=0.1|scaling=fixed,history_qwen_inflation,0.1,fixed,0.42159572507831217,0.5409113876675454,0.9792778921483568,99.02145582776512,50
6,decision_close_2023_6,history_qwen_inflation|lambda=1|scaling=fixed,history_qwen_inflation,1.0,fixed,0.23376623376623376,0.6215841897222856,1.041119001307853,89.10594784852921,50
6,decision_close_2023_6,history_qwen_inflation|lambda=10|scaling=fixed,history_qwen_inflation,10.0,fixed,0.23376623376623376,0.6782500565510854,1.1389355863748465,89.23781937224001,50
6,decision_close_2023_6,history_qwen_demand|lambda=0.001|scaling=fixed,history_qwen_demand,0.001,fixed,0.4521072796934866,0.677247210015943,1.8980266815098323,128.33692336898085,50
6,decision_close_2023_6,history_qwen_demand|lambda=0.01|scaling=fixed,history_qwen_demand,0.01,fixed,0.4554909219108056,0.6031143540699359,1.1862081920985925,112.86017309628373,50
6,decision_close_2023_6,history_qwen_demand|lambda=0.1|scaling=fixed,history_qwen_demand,0.1,fixed,0.42159572507831217,0.5502331236075821,0.971835433994264,97.30145435105631,50
6,decision_close_2023_6,history_qwen_demand|lambda=1|scaling=fixed,history_qwen_demand,1.0,fixed,0.23376623376623376,0.6227297764582399,1.0407320742198853,88.09787753314147,50
6,decision_close_2023_6,history_qwen_demand|lambda=10|scaling=fixed,history_qwen_demand,10.0,fixed,0.23376623376623376,0.6784095968684685,1.138912291505998,89.25090219681674,50
6,decision_close_2023_6,history_qwen_forward|lambda=0.001|scaling=fixed,history_qwen_forward,0.001,fixed,0.4521072796934866,0.6273176765375896,1.6823591133237505,122.05474018111119,50
6,decision_close_2023_6,history_qwen_forward|lambda=0.01|scaling=fixed,history_qwen_forward,0.01,fixed,0.4433862433862434,0.5762849730532084,1.1125807934909195,109.49857722185497,50
6,decision_close_2023_6,history_qwen_forward|lambda=0.1|scaling=fixed,history_qwen_forward,0.1,fixed,0.3989441930618402,0.5508934802800045,0.944903483549655,95.0957096406416,50
6,decision_close_2023_6,history_qwen_forward|lambda=1|scaling=fixed,history_qwen_forward,1.0,fixed,0.23376623376623376,0.6237705064587401,1.0351321989149755,86.30102910667637,50
6,decision_close_2023_6,history_qwen_forward|lambda=10|scaling=fixed,history_qwen_forward,10.0,fixed,0.23376623376623376,0.6784579921575781,1.1382337024464517,88.87786792633852,50
6,decision_close_2023_6,history_qwen_scores_only|lambda=0.001|scaling=fixed,history_qwen_scores_only,0.001,fixed,0.4595103578154425,0.6280262510349651,1.6303303580669222,136.89607325673762,50
6,decision_close_2023_6,history_qwen_scores_only|lambda=0.01|scaling=fixed,history_qwen_scores_only,0.01,fixed,0.42328042328042326,0.6085002113234669,1.1162964233778152,118.09069426815445,50
6,decision_close_2023_6,history_qwen_scores_only|lambda=0.1|scaling=fixed,history_qwen_scores_only,0.1,fixed,0.39539204756596064,0.5463996577487592,0.9382801354920689,98.96933842716334,50
6,decision_close_2023_6,history_qwen_scores_only|lambda=1|scaling=fixed,history_qwen_scores_only,1.0,fixed,0.23376623376623376,0.626750227441863,1.038937630930517,86.51475769081858,50
6,decision_close_2023_6,history_qwen_scores_only|lambda=10|scaling=fixed,history_qwen_scores_only,10.0,fixed,0.23376623376623376,0.6789464753066019,1.1395457823128874,88.58898171170986,50
6,decision_close_2023_6,history_qwen_missing_only|lambda=0.001|scaling=fixed,history_qwen_missing_only,0.001,fixed,0.461484593837535,0.6417039863087208,1.7538199856053094,124.21683762458129,50
6,decision_close_2023_6,history_qwen_missing_only|lambda=0.01|scaling=fixed,history_qwen_missing_only,0.01,fixed,0.4554909219108056,0.5790419912275024,1.1634680655068133,111.23038427802993,50
6,decision_close_2023_6,history_qwen_missing_only|lambda=0.1|scaling=fixed,history_qwen_missing_only,0.1,fixed,0.42159572507831217,0.5520799658635064,0.9851720627846473,96.66120467961252,50
6,decision_close_2023_6,history_qwen_missing_only|lambda=1|scaling=fixed,history_qwen_missing_only,1.0,fixed,0.23376623376623376,0.6201141186330712,1.0429008132058655,88.98902972403258,50
6,decision_close_2023_6,history_qwen_missing_only|lambda=10|scaling=fixed,history_qwen_missing_only,10.0,fixed,0.23376623376623376,0.6774062415057687,1.1371268178191194,89.73296163755727,50
6,decision_close_2023_6,proxy_market|lambda=0.001|scaling=fixed,proxy_market,0.001,fixed,0.5099019607843137,0.7248561149068451,3.1543378110080122,159.02595045394605,50
6,decision_close_2023_6,proxy_market|lambda=0.01|scaling=fixed,proxy_market,0.01,fixed,0.5204697263520792,0.6472576697547754,1.5470520878496148,140.14125997898864,50
6,decision_close_2023_6,proxy_market|lambda=0.1|scaling=fixed,proxy_market,0.1,fixed,0.4978662873399715,0.5391647446962499,1.0273671926229775,112.49293378458452,50
6,decision_close_2023_6,proxy_market|lambda=1|scaling=fixed,proxy_market,1.0,fixed,0.33795309168443494,0.6042481813149385,1.0127446335340338,94.64362373038932,50
6,decision_close_2023_6,proxy_market|lambda=10|scaling=fixed,proxy_market,10.0,fixed,0.23376623376623376,0.6658093181421162,1.1158779263550618,92.15660005040135,50
6,decision_close_2023_6,proxy_market_lsa|lambda=0.001|scaling=row_only,proxy_market_lsa,0.001,row_only,0.46003016591251883,0.7238411555126477,3.0874403265242756,157.4119777281915,50
6,decision_close_2023_6,proxy_market_lsa|lambda=0.01|scaling=row_only,proxy_market_lsa,0.01,row_only,0.5204697263520792,0.6387427352617415,1.520294449486469,139.16299200663892,50
6,decision_close_2023_6,proxy_market_lsa|lambda=0.1|scaling=row_only,proxy_market_lsa,0.1,row_only,0.4821200510855683,0.537339264066321,1.020525227212626,112.21145148761218,50
6,decision_close_2023_6,proxy_market_lsa|lambda=1|scaling=row_only,proxy_market_lsa,1.0,row_only,0.33795309168443494,0.6017781434185521,1.009288446721006,94.74136199311509,50
6,decision_close_2023_6,proxy_market_lsa|lambda=10|scaling=row_only,proxy_market_lsa,10.0,row_only,0.23376623376623376,0.6651837973028942,1.1146815062637985,92.17648021454542,50
6,decision_close_2023_6,proxy_market_lsa|lambda=0.001|scaling=column_standardized,proxy_market_lsa,0.001,column_standardized,0.5084967320261438,0.7572018230460629,3.032866759575774,154.90346347822558,50
6,decision_close_2023_6,proxy_market_lsa|lambda=0.01|scaling=column_standardized,proxy_market_lsa,0.01,column_standardized,0.5325991064059875,0.6390814020263735,1.4547657203241997,139.00069280864665,50
6,decision_close_2023_6,proxy_market_lsa|lambda=0.1|scaling=column_standardized,proxy_market_lsa,0.1,column_standardized,0.4746588693957115,0.5196513973832918,0.9720856111048098,108.56275223637932,50
6,decision_close_2023_6,proxy_market_lsa|lambda=1|scaling=column_standardized,proxy_market_lsa,1.0,column_standardized,0.36015325670498083,0.5722501202639225,0.9676511278473496,94.49406279963009,50
6,decision_close_2023_6,proxy_market_lsa|lambda=10|scaling=column_standardized,proxy_market_lsa,10.0,column_standardized,0.23376623376623376,0.6564828275598593,1.096855574968951,91.13679937939844,50
6,decision_close_2023_6,history_transformer|lambda=0.001|scaling=fixed,history_transformer,0.001,fixed,0.4367167919799499,0.6630060292826845,1.9304144393485212,94.7337726692278,50
6,decision_close_2023_6,history_transformer|lambda=0.01|scaling=fixed,history_transformer,0.01,fixed,0.42042042042042044,0.6433993314441976,1.5385427923719084,94.2858736496012,50
6,decision_close_2023_6,history_transformer|lambda=0.1|scaling=fixed,history_transformer,0.1,fixed,0.40357598978288634,0.6083418838301646,1.2145061521103568,93.41773253697892,50
6,decision_close_2023_6,history_transformer|lambda=1|scaling=fixed,history_transformer,1.0,fixed,0.40357598978288634,0.5762809610417725,1.029368764198098,98.78548286588804,50
6,decision_close_2023_6,history_transformer|lambda=10|scaling=fixed,history_transformer,10.0,fixed,0.36008918617614266,0.5938123753604274,1.015905005049449,106.5014404570825,50
7,decision_close_2023_7,history|lambda=0.001|scaling=fixed,history,0.001,fixed,0.5318979266347688,0.5979980796732158,1.4537728616631507,122.29779381226427,51
7,decision_close_2023_7,history|lambda=0.01|scaling=fixed,history,0.01,fixed,0.44785799624509304,0.5555183473111528,1.039456760087545,109.11048045793471,51
7,decision_close_2023_7,history|lambda=0.1|scaling=fixed,history,0.1,fixed,0.39194139194139194,0.5525519981793627,0.953362803954312,94.82663607969434,51
7,decision_close_2023_7,history|lambda=1|scaling=fixed,history,1.0,fixed,0.23076923076923075,0.6442108549961817,1.0673619986070952,87.95415711960484,51
7,decision_close_2023_7,history|lambda=10|scaling=fixed,history,10.0,fixed,0.23076923076923075,0.6931885602674823,1.1650386044961163,91.60751196442777,51
7,decision_close_2023_7,history_tfidf|lambda=0.001|scaling=row_only,history_tfidf,0.001,row_only,0.48882008943928446,0.5876414006080651,1.4948067570692063,111.01619891104085,51
7,decision_close_2023_7,history_tfidf|lambda=0.01|scaling=row_only,history_tfidf,0.01,row_only,0.4516129032258065,0.5414999986854789,1.0187318782760644,102.90537513090274,51
7,decision_close_2023_7,history_tfidf|lambda=0.1|scaling=row_only,history_tfidf,0.1,row_only,0.39194139194139194,0.5430446571151513,0.9353866012176089,93.91440429233892,51
7,decision_close_2023_7,history_tfidf|lambda=1|scaling=row_only,history_tfidf,1.0,row_only,0.23076923076923075,0.6395942224998725,1.06004495106531,88.19394625099773,51
7,decision_close_2023_7,history_tfidf|lambda=10|scaling=row_only,history_tfidf,10.0,row_only,0.23076923076923075,0.6925469673461265,1.1637772950208893,91.60546848133022,51
7,decision_close_2023_7,history_tfidf|lambda=0.001|scaling=column_standardized,history_tfidf,0.001,column_standardized,0.477504105090312,0.6463962221532963,2.222759834071982,86.75761054373966,51
7,decision_close_2023_7,history_tfidf|lambda=0.01|scaling=column_standardized,history_tfidf,0.01,column_standardized,0.477504105090312,0.6230121192565893,1.7859804707741491,86.76100692712734,51
7,decision_close_2023_7,history_tfidf|lambda=0.1|scaling=column_standardized,history_tfidf,0.1,column_standardized,0.48490718321226794,0.58778157842201,1.381180521173261,86.8014101652408,51
7,decision_close_2023_7,history_tfidf|lambda=1|scaling=column_standardized,history_tfidf,1.0,column_standardized,0.48490718321226794,0.5399324619347738,1.0512503048743307,86.68241209704685,51
7,decision_close_2023_7,history_tfidf|lambda=10|scaling=column_standardized,history_tfidf,10.0,column_standardized,0.4479166666666667,0.5250358161776342,0.9204178367479876,87.50149215179779,51
7,decision_close_2023_7,history_lsa|lambda=0.001|scaling=row_only,history_lsa,0.001,row_only,0.4730837789661319,0.6436732103637582,1.7040487391140602,128.49280604390935,51
7,decision_close_2023_7,history_lsa|lambda=0.01|scaling=row_only,history_lsa,0.01,row_only,0.46249999999999997,0.5703826290098489,1.0272985889582245,115.34307508472051,51
7,decision_close_2023_7,history_lsa|lambda=0.1|scaling=row_only,history_lsa,0.1,row_only,0.39194139194139194,0.5433537426074818,0.9332951701662774,96.41770255888088,51
7,decision_close_2023_7,history_lsa|lambda=1|scaling=row_only,history_lsa,1.0,row_only,0.23076923076923075,0.6384118106141822,1.0581242673943105,88.56802890490529,51
7,decision_close_2023_7,history_lsa|lambda=10|scaling=row_only,history_lsa,10.0,row_only,0.23076923076923075,0.692358985613728,1.163419287147263,91.65360355709305,51
7,decision_close_2023_7,history_lsa|lambda=0.001|scaling=column_standardized,history_lsa,0.001,column_standardized,0.5131828832161794,0.6811902131028582,2.4269152523639312,113.97264863314004,51
7,decision_close_2023_7,history_lsa|lambda=0.01|scaling=column_standardized,history_lsa,0.01,column_standardized,0.4646464646464647,0.6238775941750914,1.2040635584370807,118.38871452540033,51
7,decision_close_2023_7,history_lsa|lambda=0.1|scaling=column_standardized,history_lsa,0.1,column_standardized,0.4546370967741935,0.5370147705047299,0.9164958359987031,108.89226831520415,51
7,decision_close_2023_7,history_lsa|lambda=1|scaling=column_standardized,history_lsa,1.0,column_standardized,0.2688539530644794,0.592943342794193,0.9914850714772768,92.08405622153342,51
7,decision_close_2023_7,history_lsa|lambda=10|scaling=column_standardized,history_lsa,10.0,column_standardized,0.23076923076923075,0.6822330277096996,1.1419928270605562,90.97432803810086,51
7,decision_close_2023_7,history_qwen_all|lambda=0.001|scaling=fixed,history_qwen_all,0.001,fixed,0.4372759856630824,0.6886153800743215,1.9803606298184564,137.09816153651678,51
7,decision_close_2023_7,history_qwen_all|lambda=0.01|scaling=fixed,history_qwen_all,0.01,fixed,0.42637362637362636,0.6473176193252197,1.2550811307183085,117.74031935020075,51
7,decision_close_2023_7,history_qwen_all|lambda=0.1|scaling=fixed,history_qwen_all,0.1,fixed,0.41793754538852584,0.5803702902565795,1.0022655631247,99.36342618745124,51
7,decision_close_2023_7,history_qwen_all|lambda=1|scaling=fixed,history_qwen_all,1.0,fixed,0.23076923076923075,0.6382114084726151,1.0651226926765487,89.19562605917436,51
7,decision_close_2023_7,history_qwen_all|lambda=10|scaling=fixed,history_qwen_all,10.0,fixed,0.23076923076923075,0.6914023089236793,1.1616248243548764,91.86256861820976,51
7,decision_close_2023_7,history_qwen_inflation|lambda=0.001|scaling=fixed,history_qwen_inflation,0.001,fixed,0.5170401493930906,0.61428482908756,1.9397528601066196,129.74451930328797,51
7,decision_close_2023_7,history_qwen_inflation|lambda=0.01|scaling=fixed,history_qwen_inflation,0.01,fixed,0.5362007168458781,0.5593090895332474,1.2081002282702193,113.71186588417785,51
7,decision_close_2023_7,history_qwen_inflation|lambda=0.1|scaling=fixed,history_qwen_inflation,0.1,fixed,0.41793754538852584,0.554451986960854,0.9902483286231557,98.3672707228087,51
7,decision_close_2023_7,history_qwen_inflation|lambda=1|scaling=fixed,history_qwen_inflation,1.0,fixed,0.23076923076923075,0.6395139564697246,1.066379487527155,89.87111173321449,51
7,decision_close_2023_7,history_qwen_inflation|lambda=10|scaling=fixed,history_qwen_inflation,10.0,fixed,0.23076923076923075,0.6924171648781986,1.1640136273463615,91.82041957482662,51
7,decision_close_2023_7,history_qwen_demand|lambda=0.001|scaling=fixed,history_qwen_demand,0.001,fixed,0.5127133402995472,0.673395806813696,1.8740255788069906,127.1982905747971,51
7,decision_close_2023_7,history_qwen_demand|lambda=0.01|scaling=fixed,history_qwen_demand,0.01,fixed,0.4516129032258065,0.6043314657936353,1.1798060044490803,112.03765049846594,51
7,decision_close_2023_7,history_qwen_demand|lambda=0.1|scaling=fixed,history_qwen_demand,0.1,fixed,0.41793754538852584,0.5636505336252728,0.9830418334609476,96.92127732001349,51
7,decision_close_2023_7,history_qwen_demand|lambda=1|scaling=fixed,history_qwen_demand,1.0,fixed,0.23076923076923075,0.6406309182749148,1.0659270637418168,88.92304314004217,51
7,decision_close_2023_7,history_qwen_demand|lambda=10|scaling=fixed,history_qwen_demand,10.0,fixed,0.23076923076923075,0.6925867672437795,1.1639953995908943,91.82651846199454,51
7,decision_close_2023_7,history_qwen_forward|lambda=0.001|scaling=fixed,history_qwen_forward,0.001,fixed,0.44821092278719393,0.6540828158804703,1.772058990331123,121.65409099687672,51
7,decision_close_2023_7,history_qwen_forward|lambda=0.01|scaling=fixed,history_qwen_forward,0.01,fixed,0.4395833333333334,0.60031350335191,1.1491719045135194,109.3386870884095,51
7,decision_close_2023_7,history_qwen_forward|lambda=0.1|scaling=fixed,history_qwen_forward,0.1,fixed,0.39539204756596064,0.5691864382543339,0.9652191811579107,95.23836183982787,51
7,decision_close_2023_7,history_qwen_forward|lambda=1|scaling=fixed,history_qwen_forward,1.0,fixed,0.23076923076923075,0.6416264142373218,1.0603776405767638,87.31875822433119,51
7,decision_close_2023_7,history_qwen_forward|lambda=10|scaling=fixed,history_qwen_forward,10.0,fixed,0.23076923076923075,0.6926204072339119,1.1632744645184032,91.45816901639037,51
7,decision_close_2023_7,history_qwen_scores_only|lambda=0.001|scaling=fixed,history_qwen_scores_only,0.001,fixed,0.45555555555555555,0.6548580273256026,1.736123344865634,136.1481086899942,51
7,decision_close_2023_7,history_qwen_scores_only|lambda=0.01|scaling=fixed,history_qwen_scores_only,0.01,fixed,0.41964285714285715,0.633372697363835,1.1623713185745765,117.71423310576603,51
7,decision_close_2023_7,history_qwen_scores_only|lambda=0.1|scaling=fixed,history_qwen_scores_only,0.1,fixed,0.39194139194139194,0.5666138014878027,0.9629070615867121,99.02259293035,51
7,decision_close_2023_7,history_qwen_scores_only|lambda=1|scaling=fixed,history_qwen_scores_only,1.0,fixed,0.23076923076923075,0.6453459501267284,1.0656624151429543,87.51569770942436,51
7,decision_close_2023_7,history_qwen_scores_only|lambda=10|scaling=fixed,history_qwen_scores_only,10.0,fixed,0.23076923076923075,0.6932304622590626,1.164726137029131,91.1681872273993,51
7,decision_close_2023_7,history_qwen_missing_only|lambda=0.001|scaling=fixed,history_qwen_missing_only,0.001,fixed,0.5170401493930906,0.6374743715950911,1.73156855633767,123.03584413804553,51
7,decision_close_2023_7,history_qwen_missing_only|lambda=0.01|scaling=fixed,history_qwen_missing_only,0.01,fixed,0.4516129032258065,0.5795659414309186,1.1563271106379696,110.31557394590313,51
7,decision_close_2023_7,history_qwen_missing_only|lambda=0.1|scaling=fixed,history_qwen_missing_only,0.1,fixed,0.41793754538852584,0.5651663937448795,0.9956797211863336,96.17408813722227,51
7,decision_close_2023_7,history_qwen_missing_only|lambda=1|scaling=fixed,history_qwen_missing_only,1.0,fixed,0.23076923076923075,0.6372664519344994,1.0666537491963184,89.75772095536246,51
7,decision_close_2023_7,history_qwen_missing_only|lambda=10|scaling=fixed,history_qwen_missing_only,10.0,fixed,0.23076923076923075,0.6913566301657634,1.1619325984938154,92.31074797780074,51
7,decision_close_2023_7,proxy_market|lambda=0.001|scaling=fixed,proxy_market,0.001,fixed,0.5032679738562091,0.7252175113064903,3.1109321604913385,156.01669532128014,51
7,decision_close_2023_7,proxy_market|lambda=0.01|scaling=fixed,proxy_market,0.01,fixed,0.5131828832161794,0.646505665405018,1.5324522135150347,137.48126361754817,51
7,decision_close_2023_7,proxy_market|lambda=0.1|scaling=fixed,proxy_market,0.1,fixed,0.4936315625970799,0.5523322362515192,1.0368353336611,110.70521526841729,51
7,decision_close_2023_7,proxy_market|lambda=1|scaling=fixed,proxy_market,1.0,fixed,0.33473389355742295,0.6212608460670123,1.036720976784611,95.0652049358244,51
7,decision_close_2023_7,proxy_market|lambda=10|scaling=fixed,proxy_market,10.0,fixed,0.23076923076923075,0.679636736941716,1.1407755316514352,94.68034751764668,51
7,decision_close_2023_7,proxy_market_lsa|lambda=0.001|scaling=row_only,proxy_market_lsa,0.001,row_only,0.4561598224195338,0.7331876001379453,3.0561296165952747,156.00011004862492,51
7,decision_close_2023_7,proxy_market_lsa|lambda=0.01|scaling=row_only,proxy_market_lsa,0.01,row_only,0.5131828832161794,0.6402544369866427,1.5083665011856697,137.22261495891988,51
7,decision_close_2023_7,proxy_market_lsa|lambda=0.1|scaling=row_only,proxy_market_lsa,0.1,row_only,0.4780288763339611,0.5500327119923095,1.029419711858976,110.62932343356755,51
7,decision_close_2023_7,proxy_market_lsa|lambda=1|scaling=row_only,proxy_market_lsa,1.0,row_only,0.33473389355742295,0.618670971182037,1.0330183257106302,95.17804941753066,51
7,decision_close_2023_7,proxy_market_lsa|lambda=10|scaling=row_only,proxy_market_lsa,10.0,row_only,0.23076923076923075,0.6790063612738803,1.1395725721662924,94.7001046534005,51
7,decision_close_2023_7,proxy_market_lsa|lambda=0.001|scaling=column_standardized,proxy_market_lsa,0.001,column_standardized,0.5424836601307189,0.742368484999575,2.973769512729119,158.84115389020386,51
7,decision_close_2023_7,proxy_market_lsa|lambda=0.01|scaling=column_standardized,proxy_market_lsa,0.01,column_standardized,0.5702059440128252,0.6347401550973903,1.4382163672343513,136.67201996047336,51
7,decision_close_2023_7,proxy_market_lsa|lambda=0.1|scaling=column_standardized,proxy_market_lsa,0.1,column_standardized,0.4706257982120052,0.5290142059817748,0.9772339407555323,109.04913714062499,51
7,decision_close_2023_7,proxy_market_lsa|lambda=1|scaling=column_standardized,proxy_market_lsa,1.0,column_standardized,0.35683650711957454,0.5889941234224052,0.9903898326889383,95.35420565668404,51
7,decision_close_2023_7,proxy_market_lsa|lambda=10|scaling=column_standardized,proxy_market_lsa,10.0,column_standardized,0.23076923076923075,0.6705127161473096,1.1219930570925218,93.67303445688424,51
7,decision_close_2023_7,history_transformer|lambda=0.001|scaling=fixed,history_transformer,0.001,fixed,0.43274853801169594,0.680686330114177,1.9699015988615982,103.51681294443448,51
7,decision_close_2023_7,history_transformer|lambda=0.01|scaling=fixed,history_transformer,0.01,fixed,0.41658900279589933,0.6582710216325373,1.5632803167292084,103.10678497877502,51
7,decision_close_2023_7,history_transformer|lambda=0.1|scaling=fixed,history_transformer,0.1,fixed,0.3998744507219083,0.6184081223581496,1.2273732625971538,101.51528594049374,51
7,decision_close_2023_7,history_transformer|lambda=1|scaling=fixed,history_transformer,1.0,fixed,0.3998744507219083,0.5848217202712066,1.0405609643747786,103.65208951369401,51
7,decision_close_2023_7,history_transformer|lambda=10|scaling=fixed,history_transformer,10.0,fixed,0.3567765567765568,0.6066500596806709,1.0370256119819041,109.31594063466139,51
8,decision_close_2023_8,history|lambda=0.001|scaling=fixed,history,0.001,fixed,0.5715804663173084,0.5905188635956832,1.4333267173840747,130.21544009802182,52
8,decision_close_2023_8,history|lambda=0.01|scaling=fixed,history,0.01,fixed,0.5145246629117597,0.5507507663071591,1.0290420754716814,117.30386637473664,52
8,decision_close_2023_8,history|lambda=0.1|scaling=fixed,history,0.1,fixed,0.38858793788371254,0.5618570897439681,0.9595309753240133,103.47409568574975,52
8,decision_close_2023_8,history|lambda=1|scaling=fixed,history,1.0,fixed,0.22784810126582278,0.6607674495456123,1.0886487403386154,97.80997199373111,52
8,decision_close_2023_8,history|lambda=10|scaling=fixed,history,10.0,fixed,0.22784810126582278,0.7063110589262325,1.1868757555117666,103.47466941412442,52
8,decision_close_2023_8,history_tfidf|lambda=0.001|scaling=row_only,history_tfidf,0.001,row_only,0.5401021407213357,0.5843284136172966,1.4777644410365787,120.49254377947389,52
8,decision_close_2023_8,history_tfidf|lambda=0.01|scaling=row_only,history_tfidf,0.01,row_only,0.5122189638318672,0.5372185710902128,1.008944542978548,111.80709326550709,52
8,decision_close_2023_8,history_tfidf|lambda=0.1|scaling=row_only,history_tfidf,0.1,row_only,0.38858793788371254,0.5511958522355378,0.9402959498400377,102.60735885046873,52
8,decision_close_2023_8,history_tfidf|lambda=1|scaling=row_only,history_tfidf,1.0,row_only,0.22784810126582278,0.6559847429630156,1.0809489719835335,98.05485809102485,52
8,decision_close_2023_8,history_tfidf|lambda=10|scaling=row_only,history_tfidf,10.0,row_only,0.22784810126582278,0.7056621957473099,1.1855991139669912,103.47136290797638,52
8,decision_close_2023_8,history_tfidf|lambda=0.001|scaling=column_standardized,history_tfidf,0.001,column_standardized,0.5381101656963726,0.6339989461865863,2.1806061637135468,96.65238086065463,52
8,decision_close_2023_8,history_tfidf|lambda=0.01|scaling=column_standardized,history_tfidf,0.01,column_standardized,0.5381101656963726,0.6112607119701612,1.753247402762051,96.66161666715684,52
8,decision_close_2023_8,history_tfidf|lambda=0.1|scaling=column_standardized,history_tfidf,0.1,column_standardized,0.5515738498789345,0.5777622516730794,1.35875635518509,96.75322632896562,52
8,decision_close_2023_8,history_tfidf|lambda=1|scaling=column_standardized,history_tfidf,1.0,column_standardized,0.5515738498789345,0.534742965735022,1.040797048618104,96.8715580615171,52
8,decision_close_2023_8,history_tfidf|lambda=10|scaling=column_standardized,history_tfidf,10.0,column_standardized,0.44423076923076926,0.5302556731172913,0.9257254187700839,98.29364384977183,52
8,decision_close_2023_8,history_lsa|lambda=0.001|scaling=row_only,history_lsa,0.001,row_only,0.5175282234105764,0.637059597800691,1.680696904887679,136.35679726580662,52
8,decision_close_2023_8,history_lsa|lambda=0.01|scaling=row_only,history_lsa,0.01,row_only,0.5180555555555556,0.566244150733367,1.0180681667084925,123.45320049459657,52
8,decision_close_2023_8,history_lsa|lambda=0.1|scaling=row_only,history_lsa,0.1,row_only,0.38858793788371254,0.5513854256042164,0.9381155255898856,104.9276541645342,52
8,decision_close_2023_8,history_lsa|lambda=1|scaling=row_only,history_lsa,1.0,row_only,0.22784810126582278,0.6547490872696845,1.0789356565593275,98.41433699233625,52
8,decision_close_2023_8,history_lsa|lambda=10|scaling=row_only,history_lsa,10.0,row_only,0.22784810126582278,0.7054691858655849,1.185239482208508,103.52045605662605,52
8,decision_close_2023_8,history_lsa|lambda=0.001|scaling=column_standardized,history_lsa,0.001,column_standardized,0.5471698113207547,0.6688746962016929,2.3832093024933543,121.99554330765214,52
8,decision_close_2023_8,history_lsa|lambda=0.01|scaling=column_standardized,history_lsa,0.01,column_standardized,0.5122655122655123,0.6152532571432133,1.1876781980171307,126.86364595250532,52
8,decision_close_2023_8,history_lsa|lambda=0.1|scaling=column_standardized,history_lsa,0.1,column_standardized,0.45095119933829614,0.5423097912249317,0.9184714514922276,118.06849788662983,52
8,decision_close_2023_8,history_lsa|lambda=1|scaling=column_standardized,history_lsa,1.0,column_standardized,0.2658569500674764,0.6087818439371193,1.010715283482728,102.05425500587177,52
8,decision_close_2023_8,history_lsa|lambda=10|scaling=column_standardized,history_lsa,10.0,column_standardized,0.22784810126582278,0.6954836172445815,1.1639747827943452,102.8383478692301,52
8,decision_close_2023_8,history_qwen_all|lambda=0.001|scaling=fixed,history_qwen_all,0.001,fixed,0.4885580369451337,0.6777964512408162,1.9478355984423779,143.76309284869882,52
8,decision_close_2023_8,history_qwen_all|lambda=0.01|scaling=fixed,history_qwen_all,0.01,fixed,0.48697968697968697,0.6389271872068332,1.2384984417579017,124.80294907455128,52
8,decision_close_2023_8,history_qwen_all|lambda=0.1|scaling=fixed,history_qwen_all,0.1,fixed,0.4143853998926463,0.5915194394461843,1.0105804115792982,107.02131963366855,52
8,decision_close_2023_8,history_qwen_all|lambda=1|scaling=fixed,history_qwen_all,1.0,fixed,0.22784810126582278,0.6561275698700594,1.0886427777710836,98.53179969683343,52
8,decision_close_2023_8,history_qwen_all|lambda=10|scaling=fixed,history_qwen_all,10.0,fixed,0.22784810126582278,0.7048315166964957,1.1837278320520077,103.62198333901985,52
8,decision_close_2023_8,history_qwen_inflation|lambda=0.001|scaling=fixed,history_qwen_inflation,0.001,fixed,0.5567226890756302,0.6045652624736834,1.9075590854571969,137.00953377639868,52
8,decision_close_2023_8,history_qwen_inflation|lambda=0.01|scaling=fixed,history_qwen_inflation,0.01,fixed,0.5806451612903226,0.5527539703304345,1.192583205666679,121.30746639757726,52
8,decision_close_2023_8,history_qwen_inflation|lambda=0.1|scaling=fixed,history_qwen_inflation,0.1,fixed,0.4143853998926463,0.5658179463730197,0.9984195217873582,106.47090137999233,52
8,decision_close_2023_8,history_qwen_inflation|lambda=1|scaling=fixed,history_qwen_inflation,1.0,fixed,0.22784810126582278,0.6569528681948457,1.0893229886816564,99.45717466328,52
8,decision_close_2023_8,history_qwen_inflation|lambda=10|scaling=fixed,history_qwen_inflation,10.0,fixed,0.22784810126582278,0.705678065866568,1.1860419445073023,103.64824485815667,52
8,decision_close_2023_8,history_qwen_demand|lambda=0.001|scaling=fixed,history_qwen_demand,0.001,fixed,0.5546713822575892,0.6612395816605792,1.8409689688148723,134.29169637134683,52
8,decision_close_2023_8,history_qwen_demand|lambda=0.01|scaling=fixed,history_qwen_demand,0.01,fixed,0.5122189638318672,0.5942844929931235,1.1614652886083143,119.44852887326047,52
8,decision_close_2023_8,history_qwen_demand|lambda=0.1|scaling=fixed,history_qwen_demand,0.1,fixed,0.4143853998926463,0.5706002841402689,0.9860712340074735,104.85309633124764,52
8,decision_close_2023_8,history_qwen_demand|lambda=1|scaling=fixed,history_qwen_demand,1.0,fixed,0.22784810126582278,0.6576466770915974,1.0875810767229979,98.39560802305225,52
8,decision_close_2023_8,history_qwen_demand|lambda=10|scaling=fixed,history_qwen_demand,10.0,fixed,0.22784810126582278,0.7058359739801943,1.1858658189674223,103.62712301423242,52
8,decision_close_2023_8,history_qwen_forward|lambda=0.001|scaling=fixed,history_qwen_forward,0.001,fixed,0.4444444444444444,0.6517032759264295,1.751894998504572,129.90306715359554,52
8,decision_close_2023_8,history_qwen_forward|lambda=0.01|scaling=fixed,history_qwen_forward,0.01,fixed,0.4358974358974359,0.6012393995015712,1.1432774500818152,117.82880334651378,52
8,decision_close_2023_8,history_qwen_forward|lambda=0.1|scaling=fixed,history_qwen_forward,0.1,fixed,0.39194139194139194,0.5818685993958835,0.976157099256787,104.0956350017091,52
8,decision_close_2023_8,history_qwen_forward|lambda=1|scaling=fixed,history_qwen_forward,1.0,fixed,0.22784810126582278,0.6584883331827387,1.082341164657516,97.26828743036374,52
8,decision_close_2023_8,history_qwen_forward|lambda=10|scaling=fixed,history_qwen_forward,10.0,fixed,0.22784810126582278,0.7057922157867361,1.1851655441432773,103.32188317599001,52
8,decision_close_2023_8,history_qwen_scores_only|lambda=0.001|scaling=fixed,history_qwen_scores_only,0.001,fixed,0.5031746031746032,0.6432152647516169,1.7060257396448362,142.7279775922693,52
8,decision_close_2023_8,history_qwen_scores_only|lambda=0.01|scaling=fixed,history_qwen_scores_only,0.01,fixed,0.47519841269841273,0.6231410599068421,1.1449220022563154,124.68265922941706,52
8,decision_close_2023_8,history_qwen_scores_only|lambda=0.1|scaling=fixed,history_qwen_scores_only,0.1,fixed,0.38858793788371254,0.5750196922123126,0.9681013686715821,106.62974717535205,52
8,decision_close_2023_8,history_qwen_scores_only|lambda=1|scaling=fixed,history_qwen_scores_only,1.0,fixed,0.22784810126582278,0.6624383127595119,1.0875227086056338,96.86009916063207,52
8,decision_close_2023_8,history_qwen_scores_only|lambda=10|scaling=fixed,history_qwen_scores_only,10.0,fixed,0.22784810126582278,0.706481992473382,1.1865377865036129,102.93510314191236,52
8,decision_close_2023_8,history_qwen_missing_only|lambda=0.001|scaling=fixed,history_qwen_missing_only,0.001,fixed,0.5567226890756302,0.6300087071868445,1.706643486170607,131.06050058392003,52
8,decision_close_2023_8,history_qwen_missing_only|lambda=0.01|scaling=fixed,history_qwen_missing_only,0.01,fixed,0.5122189638318672,0.5753664500887012,1.1447315158330706,118.597173911318,52
8,decision_close_2023_8,history_qwen_missing_only|lambda=0.1|scaling=fixed,history_qwen_missing_only,0.1,fixed,0.4143853998926463,0.5764654547466962,1.0039528274355762,104.86494980968008,52
8,decision_close_2023_8,history_qwen_missing_only|lambda=1|scaling=fixed,history_qwen_missing_only,1.0,fixed,0.22784810126582278,0.6546144336763705,1.0894841482205229,99.61230904897266,52
8,decision_close_2023_8,history_qwen_missing_only|lambda=10|scaling=fixed,history_qwen_missing_only,10.0,fixed,0.22784810126582278,0.7046532537447129,1.1840538634834035,104.17118702613126,52
8,decision_close_2023_8,proxy_market|lambda=0.001|scaling=fixed,proxy_market,0.001,fixed,0.5342277261781906,0.712205066012387,3.054364453937137,160.71316723467413,52
8,decision_close_2023_8,proxy_market|lambda=0.01|scaling=fixed,proxy_market,0.01,fixed,0.5471698113207547,0.6361184779068754,1.5080240188848317,142.59894115315115,52
8,decision_close_2023_8,proxy_market|lambda=0.1|scaling=fixed,proxy_market,0.1,fixed,0.48954038784547266,0.5555982535633714,1.0345952782082901,117.14162085694375,52
8,decision_close_2023_8,proxy_market|lambda=1|scaling=fixed,proxy_market,1.0,fixed,0.331608005521049,0.6349196979416699,1.0526764705309823,104.20900752669746,52
8,decision_close_2023_8,proxy_market|lambda=10|scaling=fixed,proxy_market,10.0,fixed,0.22784810126582278,0.6921332992668859,1.1618084908499993,106.41510361843392,52
8,decision_close_2023_8,proxy_market_lsa|lambda=0.001|scaling=row_only,proxy_market_lsa,0.001,row_only,0.4953755086940436,0.7192526799612927,2.9986600229776306,159.6166455958563,52
8,decision_close_2023_8,proxy_market_lsa|lambda=0.01|scaling=row_only,proxy_market_lsa,0.01,row_only,0.5471698113207547,0.6297527734318357,1.484064462750008,142.74075400456022,52
8,decision_close_2023_8,proxy_market_lsa|lambda=0.1|scaling=row_only,proxy_market_lsa,0.1,row_only,0.47407407407407404,0.5524525759128242,1.0264135348559191,117.27197772991188,52
8,decision_close_2023_8,proxy_market_lsa|lambda=1|scaling=row_only,proxy_market_lsa,1.0,row_only,0.331608005521049,0.6321350618736753,1.0486675453845775,104.33931822139897,52
8,decision_close_2023_8,proxy_market_lsa|lambda=10|scaling=row_only,proxy_market_lsa,10.0,row_only,0.22784810126582278,0.6914939111159306,1.160591205040886,106.43429490330057,52
8,decision_close_2023_8,proxy_market_lsa|lambda=0.001|scaling=column_standardized,proxy_market_lsa,0.001,column_standardized,0.5693154454764362,0.7280921702310248,2.9165863199280886,161.64559468640758,52
8,decision_close_2023_8,proxy_market_lsa|lambda=0.01|scaling=column_standardized,proxy_market_lsa,0.01,column_standardized,0.5989641139474657,0.6226602978540458,1.4117065336905912,141.65074980349257,52
8,decision_close_2023_8,proxy_market_lsa|lambda=0.1|scaling=column_standardized,proxy_market_lsa,0.1,column_standardized,0.5372924648786718,0.5262115071356301,0.9696235877318432,117.07950309605037,52
8,decision_close_2023_8,proxy_market_lsa|lambda=1|scaling=column_standardized,proxy_market_lsa,1.0,column_standardized,0.35361730899256255,0.6012978311464419,1.003953726920863,104.86496278926471,52
8,decision_close_2023_8,proxy_market_lsa|lambda=10|scaling=column_standardized,proxy_market_lsa,10.0,column_standardized,0.22784810126582278,0.6831284409458935,1.1431163447638175,105.40749995406313,52
8,decision_close_2023_8,history_transformer|lambda=0.001|scaling=fixed,history_transformer,0.001,fixed,0.5068226120857701,0.6675962890419206,1.9320476345724886,105.2658801324321,52
8,decision_close_2023_8,history_transformer|lambda=0.01|scaling=fixed,history_transformer,0.01,fixed,0.4906630768699734,0.6456213085834549,1.5335401386408358,105.69411441926412,52
8,decision_close_2023_8,history_transformer|lambda=0.1|scaling=fixed,history_transformer,0.1,fixed,0.47394852479598243,0.6070263197051508,1.2064293584009695,107.54595050134256,52
8,decision_close_2023_8,history_transformer|lambda=1|scaling=fixed,history_transformer,1.0,fixed,0.47394852479598243,0.5786889694178243,1.031060150577007,113.04772369781202,52
8,decision_close_2023_8,history_transformer|lambda=10|scaling=fixed,history_transformer,10.0,fixed,0.3535572408811845,0.6135539522661861,1.0464718623535068,120.27540993444866,52
9,decision_close_2023_9,history|lambda=0.001|scaling=fixed,history,0.001,fixed,0.6013423710792132,0.5794296791438771,1.407001299719106,131.74607488769874,53
9,decision_close_2023_9,history|lambda=0.01|scaling=fixed,history,0.01,fixed,0.5589691073562041,0.5406452267180853,1.0113446723766875,119.0011038660352,53
9,decision_close_2023_9,history|lambda=0.1|scaling=fixed,history,0.1,fixed,0.46266201195778667,0.5550884922588526,0.948667819654296,105.16014207763368,53
9,decision_close_2023_9,history|lambda=1|scaling=fixed,history,1.0,fixed,0.225,0.6705533575859518,1.0968598579768747,100.59159588959389,53
9,decision_close_2023_9,history|lambda=10|scaling=fixed,history,10.0,fixed,0.225,0.7178953385046704,1.2045960971707583,109.44496934341676,53
9,decision_close_2023_9,history_tfidf|lambda=0.001|scaling=row_only,history_tfidf,0.001,row_only,0.5777089783281734,0.5737193938862349,1.4519751599567572,121.42939836081472,53
9,decision_close_2023_9,history_tfidf|lambda=0.01|scaling=row_only,history_tfidf,0.01,row_only,0.554177005789909,0.5275019097102597,0.9920101975524714,113.01874143504742,53
9,decision_close_2023_9,history_tfidf|lambda=0.1|scaling=row_only,history_tfidf,0.1,row_only,0.46266201195778667,0.5443627854934467,0.9294875789150996,104.03080354252019,53
9,decision_close_2023_9,history_tfidf|lambda=1|scaling=row_only,history_tfidf,1.0,row_only,0.225,0.6654797715949522,1.0887861027488324,100.79029145400588,53
9,decision_close_2023_9,history_tfidf|lambda=10|scaling=row_only,history_tfidf,10.0,row_only,0.225,0.7172300493504499,1.203286519829026,109.43155877467144,53
9,decision_close_2023_9,history_tfidf|lambda=0.001|scaling=column_standardized,history_tfidf,0.001,column_standardized,0.5800682076544146,0.6220372403161671,2.1395364460752178,95.99579655504829,53
9,decision_close_2023_9,history_tfidf|lambda=0.01|scaling=column_standardized,history_tfidf,0.01,column_standardized,0.5800682076544146,0.5997345057200186,1.720439528413356,95.99865052727505,53
9,decision_close_2023_9,history_tfidf|lambda=0.1|scaling=column_standardized,history_tfidf,0.1,column_standardized,0.596018294323379,0.5669440669937973,1.3340946365910946,96.02534191249563,53
9,decision_close_2023_9,history_tfidf|lambda=1|scaling=column_standardized,history_tfidf,1.0,column_standardized,0.596018294323379,0.525470111262431,1.0244958656829255,95.53006417737355,53
9,decision_close_2023_9,history_tfidf|lambda=10|scaling=column_standardized,history_tfidf,10.0,column_standardized,0.5183048433048434,0.5266770610584502,0.9199702062122291,98.67607573677572,53
9,decision_close_2023_9,history_lsa|lambda=0.001|scaling=row_only,history_lsa,0.001,row_only,0.5515151515151515,0.6256228430357309,1.651490474488292,141.65458490872615,53
9,decision_close_2023_9,history_lsa|lambda=0.01|scaling=row_only,history_lsa,0.01,row_only,0.5577380952380953,0.556149324049486,1.0013774284612313,126.64288903373065,53
9,decision_close_2023_9,history_lsa|lambda=0.1|scaling=row_only,history_lsa,0.1,row_only,0.46266201195778667,0.5447037208880152,0.9275293727921634,106.69283760618934,53
9,decision_close_2023_9,history_lsa|lambda=1|scaling=row_only,history_lsa,1.0,row_only,0.225,0.6642481047045047,1.0868033134476525,101.18757123656636,53
9,decision_close_2023_9,history_lsa|lambda=10|scaling=row_only,history_lsa,10.0,row_only,0.225,0.7170349942935622,1.2029338165637704,109.48776398617055,53
9,decision_close_2023_9,history_lsa|lambda=0.001|scaling=column_standardized,history_lsa,0.001,column_standardized,0.5388525780682644,0.6661410685550124,2.3517745412247377,128.08400268286152,53
9,decision_close_2023_9,history_lsa|lambda=0.01|scaling=column_standardized,history_lsa,0.01,column_standardized,0.547979797979798,0.605000403922959,1.1692344441739817,131.99260733807918,53
9,decision_close_2023_9,history_lsa|lambda=0.1|scaling=column_standardized,history_lsa,0.1,column_standardized,0.5176178660049627,0.5359629227186394,0.9084497016297026,120.76602415508154,53
9,decision_close_2023_9,history_lsa|lambda=1|scaling=column_standardized,history_lsa,1.0,column_standardized,0.2629358205640684,0.6172132353999173,1.0173156787632744,104.8901736486509,53
9,decision_close_2023_9,history_lsa|lambda=10|scaling=column_standardized,history_lsa,10.0,column_standardized,0.225,0.7070960357363568,1.181684382326143,108.77077272170317,53
9,decision_close_2023_9,history_qwen_all|lambda=0.001|scaling=fixed,history_qwen_all,0.001,fixed,0.5261648745519713,0.6662882810798496,1.914925359995674,145.41263983062194,53
9,decision_close_2023_9,history_qwen_all|lambda=0.01|scaling=fixed,history_qwen_all,0.01,fixed,0.528937728937729,0.6296134182338191,1.2210564519136187,126.73775620456402,53
9,decision_close_2023_9,history_qwen_all|lambda=0.1|scaling=fixed,history_qwen_all,0.1,fixed,0.48105206655931293,0.5869799616454192,1.0017582901662985,109.03750939852061,53
9,decision_close_2023_9,history_qwen_all|lambda=1|scaling=fixed,history_qwen_all,1.0,fixed,0.225,0.6637437107288735,1.0940692408656714,101.55959833554914,53
9,decision_close_2023_9,history_qwen_all|lambda=10|scaling=fixed,history_qwen_all,10.0,fixed,0.225,0.715983669805678,1.200813091300442,109.6078622075262,53
9,decision_close_2023_9,history_qwen_inflation|lambda=0.001|scaling=fixed,history_qwen_inflation,0.001,fixed,0.586484593837535,0.5931830248251796,1.8720559467219342,138.11594177869068,53
9,decision_close_2023_9,history_qwen_inflation|lambda=0.01|scaling=fixed,history_qwen_inflation,0.01,fixed,0.6123911930363544,0.5425238197069843,1.1715047302893513,122.64238341968733,53
9,decision_close_2023_9,history_qwen_inflation|lambda=0.1|scaling=fixed,history_qwen_inflation,0.1,fixed,0.48105206655931293,0.5586034817406766,0.9863899624343949,107.88441835779896,53
9,decision_close_2023_9,history_qwen_inflation|lambda=1|scaling=fixed,history_qwen_inflation,1.0,fixed,0.225,0.6656002069042519,1.0959717929837238,102.18140721388872,53
9,decision_close_2023_9,history_qwen_inflation|lambda=10|scaling=fixed,history_qwen_inflation,10.0,fixed,0.225,0.7171127322523995,1.2035531205040326,109.62768844383258,53
9,decision_close_2023_9,history_qwen_demand|lambda=0.001|scaling=fixed,history_qwen_demand,0.001,fixed,0.5854406130268198,0.648844520611704,1.8071296511579658,135.98583891184992,53
9,decision_close_2023_9,history_qwen_demand|lambda=0.01|scaling=fixed,history_qwen_demand,0.01,fixed,0.554177005789909,0.5834788242250241,1.1416203993395657,121.34093550254362,53
9,decision_close_2023_9,history_qwen_demand|lambda=0.1|scaling=fixed,history_qwen_demand,0.1,fixed,0.48105206655931293,0.5640807851399026,0.9751785241578693,106.72408759325984,53
9,decision_close_2023_9,history_qwen_demand|lambda=1|scaling=fixed,history_qwen_demand,1.0,fixed,0.225,0.6663257892255958,1.0943169009760065,101.2658188641704,53
9,decision_close_2023_9,history_qwen_demand|lambda=10|scaling=fixed,history_qwen_demand,10.0,fixed,0.225,0.7172688945975277,1.2033622749993127,109.59669245190956,53
9,decision_close_2023_9,history_qwen_forward|lambda=0.001|scaling=fixed,history_qwen_forward,0.001,fixed,0.49572649572649574,0.6401693998549987,1.7217331107436677,131.78111855940998,53
9,decision_close_2023_9,history_qwen_forward|lambda=0.01|scaling=fixed,history_qwen_forward,0.01,fixed,0.4965034965034965,0.5919309331507018,1.1266930819535772,119.86002478083778,53
9,decision_close_2023_9,history_qwen_forward|lambda=0.1|scaling=fixed,history_qwen_forward,0.1,fixed,0.4586080586080586,0.5768062900796029,0.9672533780891326,106.11010064757117,53
9,decision_close_2023_9,history_qwen_forward|lambda=1|scaling=fixed,history_qwen_forward,1.0,fixed,0.225,0.667176455343501,1.0892214110789222,100.23361491919118,53
9,decision_close_2023_9,history_qwen_forward|lambda=10|scaling=fixed,history_qwen_forward,10.0,fixed,0.225,0.7172166118424005,1.2026399222256317,109.29808918368373,53
9,decision_close_2023_9,history_qwen_scores_only|lambda=0.001|scaling=fixed,history_qwen_scores_only,0.001,fixed,0.5388888888888889,0.6318555367160833,1.6767578977831417,144.49659690403837,53
9,decision_close_2023_9,history_qwen_scores_only|lambda=0.01|scaling=fixed,history_qwen_scores_only,0.01,fixed,0.5148809523809524,0.6136623814552049,1.128640665401791,126.72147628910723,53
9,decision_close_2023_9,history_qwen_scores_only|lambda=0.1|scaling=fixed,history_qwen_scores_only,0.1,fixed,0.46266201195778667,0.571787647329931,0.9610927793132527,108.74555494154937,53
9,decision_close_2023_9,history_qwen_scores_only|lambda=1|scaling=fixed,history_qwen_scores_only,1.0,fixed,0.225,0.6723271793489274,1.095958189799556,99.91707560124195,53
9,decision_close_2023_9,history_qwen_scores_only|lambda=10|scaling=fixed,history_qwen_scores_only,10.0,fixed,0.225,0.7180394372120521,1.2041882955697876,108.918690044019,53
9,decision_close_2023_9,history_qwen_missing_only|lambda=0.001|scaling=fixed,history_qwen_missing_only,0.001,fixed,0.586484593837535,0.6181740252133375,1.675158320182146,132.39553621416638,53
9,decision_close_2023_9,history_qwen_missing_only|lambda=0.01|scaling=fixed,history_qwen_missing_only,0.01,fixed,0.554177005789909,0.5647948080711049,1.1248460785569752,120.09232016851801,53
9,decision_close_2023_9,history_qwen_missing_only|lambda=0.1|scaling=fixed,history_qwen_missing_only,0.1,fixed,0.48105206655931293,0.5690720455161318,0.9918449023432315,106.37322901211006,53
9,decision_close_2023_9,history_qwen_missing_only|lambda=1|scaling=fixed,history_qwen_missing_only,1.0,fixed,0.225,0.6621189811005168,1.0946838900173674,102.31998440479369,53
9,decision_close_2023_9,history_qwen_missing_only|lambda=10|scaling=fixed,history_qwen_missing_only,10.0,fixed,0.225,0.7158312710794307,1.201204489119722,110.13911618233757,53
9,decision_close_2023_9,proxy_market|lambda=0.001|scaling=fixed,proxy_market,0.001,fixed,0.5592903828197945,0.6987682314247439,2.996832161327567,159.5608655591879,53
9,decision_close_2023_9,proxy_market|lambda=0.01|scaling=fixed,proxy_market,0.01,fixed,0.5740015966664719,0.6242009196728802,1.4804863774124888,141.4527257364339,53
9,decision_close_2023_9,proxy_market|lambda=0.1|scaling=fixed,proxy_market,0.1,fixed,0.5562070545121393,0.5476637860758986,1.020753899584243,114.95234896136529,53
9,decision_close_2023_9,proxy_market|lambda=1|scaling=fixed,proxy_market,1.0,fixed,0.32857142857142857,0.6398105294347795,1.0548662909355755,105.46731002875634,53
9,decision_close_2023_9,proxy_market|lambda=10|scaling=fixed,proxy_market,10.0,fixed,0.225,0.7028107305372642,1.1781607817256348,111.98407104515007,53
9,decision_close_2023_9,proxy_market_lsa|lambda=0.001|scaling=row_only,proxy_market_lsa,0.001,row_only,0.526335261016025,0.7056881002715722,2.9423254487036083,157.25840999269485,53
9,decision_close_2023_9,proxy_market_lsa|lambda=0.01|scaling=row_only,proxy_market_lsa,0.01,row_only,0.5740015966664719,0.6179249472943248,1.4567929129845592,141.05390869977634,53
9,decision_close_2023_9,proxy_market_lsa|lambda=0.1|scaling=row_only,proxy_market_lsa,0.1,row_only,0.5407407407407406,0.5442596496633091,1.012305167002133,115.11862639112593,53
9,decision_close_2023_9,proxy_market_lsa|lambda=1|scaling=row_only,proxy_market_lsa,1.0,row_only,0.32857142857142857,0.6368102689642564,1.0506473446221036,105.6040878028812,53
9,decision_close_2023_9,proxy_market_lsa|lambda=10|scaling=row_only,proxy_market_lsa,10.0,row_only,0.225,0.7021567260446939,1.1769217973016837,112.00069964558078,53
9,decision_close_2023_9,proxy_market_lsa|lambda=0.001|scaling=column_standardized,proxy_market_lsa,0.001,column_standardized,0.5600301659125189,0.7305125465650003,2.881600928781019,160.67952922760904,53
9,decision_close_2023_9,proxy_market_lsa|lambda=0.01|scaling=column_standardized,proxy_market_lsa,0.01,column_standardized,0.6216679323169187,0.6113243858875655,1.387154155254002,141.1063434072302,53
9,decision_close_2023_9,proxy_market_lsa|lambda=0.1|scaling=column_standardized,proxy_market_lsa,0.1,column_standardized,0.5817369093231163,0.517760656127392,0.9554985461503896,116.01482083790252,53
9,decision_close_2023_9,proxy_market_lsa|lambda=1|scaling=column_standardized,proxy_market_lsa,1.0,column_standardized,0.3504914209561885,0.6043601672244195,1.0043547990680028,106.22336169559914,53
9,decision_close_2023_9,proxy_market_lsa|lambda=10|scaling=column_standardized,proxy_market_lsa,10.0,column_standardized,0.225,0.6938247475685821,1.1594156822131003,110.93341971384709,53
9,decision_close_2023_9,history_transformer|lambda=0.001|scaling=fixed,history_transformer,0.001,fixed,0.5539606592238172,0.6550001427547374,1.8956051587630909,104.76808647637722,53
9,decision_close_2023_9,history_transformer|lambda=0.01|scaling=fixed,history_transformer,0.01,fixed,0.5378011240080206,0.6334403705285518,1.5046921560128292,104.81726810708193,53
9,decision_close_2023_9,history_transformer|lambda=0.1|scaling=fixed,history_transformer,0.1,fixed,0.5210865719340295,0.5955996582869398,1.184254741069664,105.65832534841202,53
9,decision_close_2023_9,history_transformer|lambda=1|scaling=fixed,history_transformer,1.0,fixed,0.5210865719340295,0.5685848047212831,1.0151118547921911,112.71438134863475,53
9,decision_close_2023_9,history_transformer|lambda=10|scaling=fixed,history_transformer,10.0,fixed,0.35042735042735046,0.6137853745020029,1.0458084741133966,122.85581873975909,53
10,decision_close_2023_10,history|lambda=0.001|scaling=fixed,history,0.001,fixed,0.6244905192273613,0.5687836084491552,1.381849926864442,130.1496326470137,54
10,decision_close_2023_10,history|lambda=0.01|scaling=fixed,history,0.01,fixed,0.5907151391022359,0.5307909181481344,0.9938654332226139,117.69536180571369,54
10,decision_close_2023_10,history|lambda=0.1|scaling=fixed,history,0.1,fixed,0.5098000590958338,0.5461773086572586,0.935054637276563,104.47621482072753,54
10,decision_close_2023_10,history|lambda=1|scaling=fixed,history,1.0,fixed,0.2222222222222222,0.6738448944254548,1.0971474987582757,101.93531492404483,54
10,decision_close_2023_10,history|lambda=10|scaling=fixed,history,10.0,fixed,0.2222222222222222,0.7277697442779135,1.2189093616230924,114.7604833443125,54
10,decision_close_2023_10,history_tfidf|lambda=0.001|scaling=row_only,history_tfidf,0.001,row_only,0.6064671482628139,0.5632739588284186,1.4264211994447777,119.87850139971036,54
10,decision_close_2023_10,history_tfidf|lambda=0.01|scaling=row_only,history_tfidf,0.01,row_only,0.5849462365591398,0.5179752353052456,0.975200168113289,111.63794466161342,54
10,decision_close_2023_10,history_tfidf|lambda=0.1|scaling=row_only,history_tfidf,0.1,row_only,0.5098000590958338,0.535627028048215,0.9161934733119866,103.1944935823269,54
10,decision_close_2023_10,history_tfidf|lambda=1|scaling=row_only,history_tfidf,1.0,row_only,0.2222222222222222,0.6685266121672877,1.0888587531714298,102.08508151389417,54
10,decision_close_2023_10,history_tfidf|lambda=10|scaling=row_only,history_tfidf,10.0,row_only,0.2222222222222222,0.7270830678671852,1.217559854822508,114.73387464473814,54
10,decision_close_2023_10,history_tfidf|lambda=0.001|scaling=column_standardized,history_tfidf,0.001,column_standardized,0.6108374384236454,0.6105180431293108,2.099927002259199,94.79588387521378,54
10,decision_close_2023_10,history_tfidf|lambda=0.01|scaling=column_standardized,history_tfidf,0.01,column_standardized,0.6108374384236454,0.5886287081651409,1.6886490792430218,94.7998846704257,54
10,decision_close_2023_10,history_tfidf|lambda=0.1|scaling=column_standardized,history_tfidf,0.1,column_standardized,0.6277643260694108,0.5564577538739488,1.309783017059949,94.83718902859586,54
10,decision_close_2023_10,history_tfidf|lambda=1|scaling=column_standardized,history_tfidf,1.0,column_standardized,0.6277643260694108,0.5160442962160037,1.007535353526267,94.44022316308858,54
10,decision_close_2023_10,history_tfidf|lambda=10|scaling=column_standardized,history_tfidf,10.0,column_standardized,0.5654428904428905,0.5212403822947506,0.9119599286141509,98.64000068674552,54
10,decision_close_2023_10,history_lsa|lambda=0.001|scaling=row_only,history_lsa,0.001,row_only,0.5783469368608687,0.614542612433289,1.6232079080432689,144.76278595409303,54
10,decision_close_2023_10,history_lsa|lambda=0.01|scaling=row_only,history_lsa,0.01,row_only,0.5875,0.5462117350066008,0.9847597210406626,127.25856440650396,54
10,decision_close_2023_10,history_lsa|lambda=0.1|scaling=row_only,history_lsa,0.1,row_only,0.5098000590958338,0.5360494376989107,0.9144124837488283,106.17942799673769,54
10,decision_close_2023_10,history_lsa|lambda=1|scaling=row_only,history_lsa,1.0,row_only,0.2222222222222222,0.6673155236534742,1.086920344541646,102.51400935932995,54
10,decision_close_2023_10,history_lsa|lambda=10|scaling=row_only,history_lsa,10.0,row_only,0.2222222222222222,0.7268866501472084,1.2172102130488616,114.79468722156126,54
10,decision_close_2023_10,history_lsa|lambda=0.001|scaling=column_standardized,history_lsa,0.001,column_standardized,0.5647785039941903,0.6545466395453855,2.3115204628956443,132.23066312942564,54
10,decision_close_2023_10,history_lsa|lambda=0.01|scaling=column_standardized,history_lsa,0.01,column_standardized,0.5757575757575758,0.5939112739323692,1.1486429105945737,134.78079053101055,54
10,decision_close_2023_10,history_lsa|lambda=0.1|scaling=column_standardized,history_lsa,0.1,column_standardized,0.5620623104494072,0.5271200696828886,0.8951091689446729,120.98839641719529,54
10,decision_close_2023_10,history_lsa|lambda=1|scaling=column_standardized,history_lsa,1.0,column_standardized,0.26008771929824565,0.6188399301274237,1.016186138821582,106.09569344207294,54
10,decision_close_2023_10,history_lsa|lambda=10|scaling=column_standardized,history_lsa,10.0,column_standardized,0.2222222222222222,0.7168216656081272,1.1956507293387508,113.95397986357074,54
10,decision_close_2023_10,history_qwen_all|lambda=0.001|scaling=fixed,history_qwen_all,0.001,fixed,0.5549230444866119,0.6542371989252961,1.8811720311538394,143.70160270647733,54
10,decision_close_2023_10,history_qwen_all|lambda=0.01|scaling=fixed,history_qwen_all,0.01,fixed,0.5597069597069596,0.6183475528267707,1.200459201030519,125.42125312471391,54
10,decision_close_2023_10,history_qwen_all|lambda=0.1|scaling=fixed,history_qwen_all,0.1,fixed,0.5254965110037574,0.5778849226884063,0.9877887438641281,108.40158423775149,54
10,decision_close_2023_10,history_qwen_all|lambda=1|scaling=fixed,history_qwen_all,1.0,fixed,0.2222222222222222,0.6646824911324266,1.0918969708383093,102.97104893208244,54
10,decision_close_2023_10,history_qwen_all|lambda=10|scaling=fixed,history_qwen_all,10.0,fixed,0.2222222222222222,0.7253556132749975,1.2143626140216204,114.87729827888221,54
10,decision_close_2023_10,history_qwen_inflation|lambda=0.001|scaling=fixed,history_qwen_inflation,0.001,fixed,0.6096327419856832,0.5822880187344173,1.8383236611896197,136.2064470914881,54
10,decision_close_2023_10,history_qwen_inflation|lambda=0.01|scaling=fixed,history_qwen_inflation,0.01,fixed,0.6362007168458782,0.5326449990196531,1.151101076533198,121.07071260507513,54
10,decision_close_2023_10,history_qwen_inflation|lambda=0.1|scaling=fixed,history_qwen_inflation,0.1,fixed,0.5254965110037574,0.5495011524894194,0.9718726161012861,106.96260317252053,54
10,decision_close_2023_10,history_qwen_inflation|lambda=1|scaling=fixed,history_qwen_inflation,1.0,fixed,0.2222222222222222,0.6676795563808187,1.0949318881812706,103.43379305014808,54
10,decision_close_2023_10,history_qwen_inflation|lambda=10|scaling=fixed,history_qwen_inflation,10.0,fixed,0.2222222222222222,0.7268136423549387,1.2176108457191566,114.92926068341242,54
10,decision_close_2023_10,history_qwen_demand|lambda=0.001|scaling=fixed,history_qwen_demand,0.001,fixed,0.6089700247915258,0.6369562097457845,1.7747832234519036,134.34860982188766,54
10,decision_close_2023_10,history_qwen_demand|lambda=0.01|scaling=fixed,history_qwen_demand,0.01,fixed,0.5849462365591398,0.5728831755269481,1.1219272685350221,120.02313619582971,54
10,decision_close_2023_10,history_qwen_demand|lambda=0.1|scaling=fixed,history_qwen_demand,0.1,fixed,0.5254965110037574,0.5550699794942283,0.961182848424569,106.02495803837002,54
10,decision_close_2023_10,history_qwen_demand|lambda=1|scaling=fixed,history_qwen_demand,1.0,fixed,0.2222222222222222,0.6684312551815056,1.0933443059423633,102.597916329429,54
10,decision_close_2023_10,history_qwen_demand|lambda=10|scaling=fixed,history_qwen_demand,10.0,fixed,0.2222222222222222,0.7269674796282999,1.2174066725087764,114.88737686950695,54
10,decision_close_2023_10,history_qwen_forward|lambda=0.001|scaling=fixed,history_qwen_forward,0.001,fixed,0.5333333333333333,0.62849641293563,1.6911950637780933,130.31255169256798,54
10,decision_close_2023_10,history_qwen_forward|lambda=0.01|scaling=fixed,history_qwen_forward,0.01,fixed,0.5384615384615384,0.5812546296456739,1.1075297696773758,118.65921087022065,54
10,decision_close_2023_10,history_qwen_forward|lambda=0.1|scaling=fixed,history_qwen_forward,0.1,fixed,0.503052503052503,0.5676044064159901,0.9534756354124132,105.50755211070094,54
10,decision_close_2023_10,history_qwen_forward|lambda=1|scaling=fixed,history_qwen_forward,1.0,fixed,0.2222222222222222,0.6692379678664456,1.0883229471488667,101.64402649215025,54
10,decision_close_2023_10,history_qwen_forward|lambda=10|scaling=fixed,history_qwen_forward,10.0,fixed,0.2222222222222222,0.72690549026432,1.2166634205720186,114.5947690454092,54
10,decision_close_2023_10,history_qwen_scores_only|lambda=0.001|scaling=fixed,history_qwen_scores_only,0.001,fixed,0.5666666666666667,0.6203786081005545,1.647206422400508,142.95535482336962,54
10,decision_close_2023_10,history_qwen_scores_only|lambda=0.01|scaling=fixed,history_qwen_scores_only,0.01,fixed,0.5446428571428571,0.6026653422755052,1.1096818767586332,125.56110928362476,54
10,decision_close_2023_10,history_qwen_scores_only|lambda=0.1|scaling=fixed,history_qwen_scores_only,0.1,fixed,0.5098000590958338,0.5633942903025433,0.9484643456660501,108.26813677793298,54
10,decision_close_2023_10,history_qwen_scores_only|lambda=1|scaling=fixed,history_qwen_scores_only,1.0,fixed,0.2222222222222222,0.6756748216006027,1.0963638960075623,101.43799499331068,54
10,decision_close_2023_10,history_qwen_scores_only|lambda=10|scaling=fixed,history_qwen_scores_only,10.0,fixed,0.2222222222222222,0.7278844531188222,1.218433525760449,114.24273167784122,54
10,decision_close_2023_10,history_qwen_missing_only|lambda=0.001|scaling=fixed,history_qwen_missing_only,0.001,fixed,0.6096327419856832,0.6068098750632825,1.6450378124169671,130.60930397672922,54
10,decision_close_2023_10,history_qwen_missing_only|lambda=0.01|scaling=fixed,history_qwen_missing_only,0.01,fixed,0.5849462365591398,0.5544908499929811,1.1052549438544728,118.58427793441395,54
10,decision_close_2023_10,history_qwen_missing_only|lambda=0.1|scaling=fixed,history_qwen_missing_only,0.1,fixed,0.5254965110037574,0.5596741864685059,0.9770541066414248,105.48267675820227,54
10,decision_close_2023_10,history_qwen_missing_only|lambda=1|scaling=fixed,history_qwen_missing_only,1.0,fixed,0.2222222222222222,0.6629962885762746,1.092386084909212,103.52395217768874,54
10,decision_close_2023_10,history_qwen_missing_only|lambda=10|scaling=fixed,history_qwen_missing_only,10.0,fixed,0.2222222222222222,0.7252312526720168,1.2148167609006648,115.3955188571762,54
10,decision_close_2023_10,proxy_market|lambda=0.001|scaling=fixed,proxy_market,0.001,fixed,0.5799943165672066,0.686278527122658,2.9434991698153623,157.1232161018826,54
10,decision_close_2023_10,proxy_market|lambda=0.01|scaling=fixed,proxy_market,0.01,fixed,0.595722565755862,0.6135076343062934,1.4561431026151386,139.31413181516757,54
10,decision_close_2023_10,proxy_market|lambda=0.1|scaling=fixed,proxy_market,0.1,fixed,0.6006514989565838,0.5394016313093724,1.0065803067555184,113.03117094137305,54
10,decision_close_2023_10,proxy_market|lambda=1|scaling=fixed,proxy_market,1.0,fixed,0.32562038900067064,0.637900640044326,1.0498948526230183,105.51007826319272,54
10,decision_close_2023_10,proxy_market|lambda=10|scaling=fixed,proxy_market,10.0,fixed,0.2222222222222222,0.7113487031443557,1.1904347526024515,116.74653074482333,54
10,decision_close_2023_10,proxy_market_lsa|lambda=0.001|scaling=row_only,proxy_market_lsa,0.001,row_only,0.551397917657629,0.6926264321761723,2.8880873964676064,157.91770398827342,54
10,decision_close_2023_10,proxy_market_lsa|lambda=0.01|scaling=row_only,proxy_market_lsa,0.01,row_only,0.595722565755862,0.6066239541911734,1.4309992435060404,139.46185550662864,54
10,decision_close_2023_10,proxy_market_lsa|lambda=0.1|scaling=row_only,proxy_market_lsa,0.1,row_only,0.5851851851851851,0.5356022848453955,0.9976003415849533,113.21668858537159,54
10,decision_close_2023_10,proxy_market_lsa|lambda=1|scaling=row_only,proxy_market_lsa,1.0,row_only,0.32562038900067064,0.6347376279720391,1.0455409119958092,105.61956934196563,54
10,decision_close_2023_10,proxy_market_lsa|lambda=10|scaling=row_only,proxy_market_lsa,10.0,row_only,0.2222222222222222,0.7106760087645112,1.1891644052778663,116.75491825777081,54
10,decision_close_2023_10,proxy_market_lsa|lambda=0.001|scaling=column_standardized,proxy_market_lsa,0.001,column_standardized,0.5812422871246401,0.7169922772299026,2.828510173366477,161.82735551084673,54
10,decision_close_2023_10,proxy_market_lsa|lambda=0.01|scaling=column_standardized,proxy_market_lsa,0.01,column_standardized,0.640047213854095,0.6000069199068089,1.3616459295491428,141.34917460043346,54
10,decision_close_2023_10,proxy_market_lsa|lambda=0.1|scaling=column_standardized,proxy_market_lsa,0.1,column_standardized,0.613482941069148,0.5084627211904691,0.9395352222984251,114.24746990839064,54
10,decision_close_2023_10,proxy_market_lsa|lambda=1|scaling=column_standardized,proxy_market_lsa,1.0,column_standardized,0.41715808762285517,0.6007992821008938,0.9979241247400862,106.0690813216512,54
10,decision_close_2023_10,proxy_market_lsa|lambda=10|scaling=column_standardized,proxy_market_lsa,10.0,column_standardized,0.2222222222222222,0.7022092255202916,1.1713365795851154,115.56395046365786,54
10,decision_close_2023_10,history_transformer|lambda=0.001|scaling=fixed,history_transformer,0.001,fixed,0.5865946918578498,0.6428705418745498,1.8605187778043648,102.92700746629,54
10,decision_close_2023_10,history_transformer|lambda=0.01|scaling=fixed,history_transformer,0.01,fixed,0.5704351566420532,0.6217111808997913,1.476937580414507,102.97808482390968,54
10,decision_close_2023_10,history_transformer|lambda=0.1|scaling=fixed,history_transformer,0.1,fixed,0.5537206045680622,0.5846069400654818,1.162969630090428,103.77994888470351,54
10,decision_close_2023_10,history_transformer|lambda=1|scaling=fixed,history_transformer,1.0,fixed,0.5537206045680622,0.5587419210655247,0.999428945852368,111.42388700002704,54
10,decision_close_2023_10,history_transformer|lambda=10|scaling=fixed,history_transformer,10.0,fixed,0.4170940170940171,0.611091865149085,1.0414741431348478,124.3416276523026,54
11,decision_close_2023_11,history|lambda=0.001|scaling=fixed,history,0.001,fixed,0.6430090377458798,0.5586627370274434,1.3581998852029882,130.7148672245409,55
11,decision_close_2023_11,history|lambda=0.01|scaling=fixed,history,0.01,fixed,0.6145246629117597,0.5216706510398026,0.9781355499506572,118.42331740384202,55
11,decision_close_2023_11,history|lambda=0.1|scaling=fixed,history,0.1,fixed,0.5424340917298665,0.537903299586706,0.9224254967953787,105.26393581650622,55
11,decision_close_2023_11,history|lambda=1|scaling=fixed,history,1.0,fixed,0.21951219512195122,0.6736135442387138,1.0940183183416032,103.73392026827442,55
11,decision_close_2023_11,history|lambda=10|scaling=fixed,history,10.0,fixed,0.21951219512195122,0.7361835221688136,1.230616973067429,119.82938195301477,55
11,decision_close_2023_11,history_tfidf|lambda=0.001|scaling=row_only,history_tfidf,0.001,row_only,0.6291709666322669,0.5532250535876565,1.4018596349233936,120.64565812323234,55
11,decision_close_2023_11,history_tfidf|lambda=0.01|scaling=row_only,history_tfidf,0.01,row_only,0.6084756483238457,0.5091043893469408,0.9598481802434328,112.29767243026048,55
11,decision_close_2023_11,history_tfidf|lambda=0.1|scaling=row_only,history_tfidf,0.1,row_only,0.5424340917298665,0.5274931737455076,0.9038336277979737,103.88888124237755,55
11,decision_close_2023_11,history_tfidf|lambda=1|scaling=row_only,history_tfidf,1.0,row_only,0.21951219512195122,0.6681275456302059,1.0856103955289627,103.83090629883056,55
11,decision_close_2023_11,history_tfidf|lambda=10|scaling=row_only,history_tfidf,10.0,row_only,0.21951219512195122,0.7354698940543093,1.2292191868124873,119.78582289330775,55
11,decision_close_2023_11,history_tfidf|lambda=0.001|scaling=column_standardized,history_tfidf,0.001,column_standardized,0.6343668501883513,0.5994178350991105,2.061781409810825,93.7678315705714,55
11,decision_close_2023_11,history_tfidf|lambda=0.01|scaling=column_standardized,history_tfidf,0.01,column_standardized,0.6343668501883513,0.5779280376186288,1.6580790840449928,93.77015355835876,55
11,decision_close_2023_11,history_tfidf|lambda=0.1|scaling=column_standardized,history_tfidf,0.1,column_standardized,0.6515738498789346,0.5463624063848582,1.2864653092766607,93.79413736825722,55
11,decision_close_2023_11,history_tfidf|lambda=1|scaling=column_standardized,history_tfidf,1.0,column_standardized,0.6515738498789346,0.5069227656865717,0.9910200112353474,93.41306140732114,55
11,decision_close_2023_11,history_tfidf|lambda=10|scaling=column_standardized,history_tfidf,10.0,column_standardized,0.5980769230769232,0.5146191073959051,0.9022825667996726,98.29005496314242,55
11,decision_close_2023_11,history_lsa|lambda=0.001|scaling=row_only,history_lsa,0.001,row_only,0.6000679059502588,0.6034207713953617,1.5943937412783031,145.67154177242367,55
11,decision_close_2023_11,history_lsa|lambda=0.01|scaling=row_only,history_lsa,0.01,row_only,0.6106481481481482,0.5367491992196118,0.9690459093462824,127.99764269662634,55
11,decision_close_2023_11,history_lsa|lambda=0.1|scaling=row_only,history_lsa,0.1,row_only,0.5424340917298665,0.5278577126690943,0.9020094512376108,106.81862285314352,55
11,decision_close_2023_11,history_lsa|lambda=1|scaling=row_only,history_lsa,1.0,row_only,0.21951219512195122,0.6668374118563939,1.0835982186622255,104.22210530450845,55
11,decision_close_2023_11,history_lsa|lambda=10|scaling=row_only,history_lsa,10.0,row_only,0.21951219512195122,0.73526246070609,1.2288479351116546,119.83836727461484,55
11,decision_close_2023_11,history_lsa|lambda=0.001|scaling=column_standardized,history_lsa,0.001,column_standardized,0.5859906252063115,0.6426481991712543,2.2696413673690308,133.40307077227797,55
11,decision_close_2023_11,history_lsa|lambda=0.01|scaling=column_standardized,history_lsa,0.01,column_standardized,0.597979797979798,0.5831236923218279,1.1280747808097462,135.70319140714318,55
11,decision_close_2023_11,history_lsa|lambda=0.1|scaling=column_standardized,history_lsa,0.1,column_standardized,0.593808342195439,0.5178658586161081,0.8806772707256201,121.00951149509176,55
11,decision_close_2023_11,history_lsa|lambda=1|scaling=column_standardized,history_lsa,1.0,column_standardized,0.3206937799043062,0.6139755603188451,1.0085720207726272,106.48451997740449,55
11,decision_close_2023_11,history_lsa|lambda=10|scaling=column_standardized,history_lsa,10.0,column_standardized,0.21951219512195122,0.7241508078993064,1.20542002026759,118.41925995620002,55
11,decision_close_2023_11,history_qwen_all|lambda=0.001|scaling=fixed,history_qwen_all,0.001,fixed,0.5776268628560649,0.6430020169595918,1.849599977452202,143.92656716011035,55
11,decision_close_2023_11,history_qwen_all|lambda=0.01|scaling=fixed,history_qwen_all,0.01,fixed,0.5832363714716656,0.6081241725291496,1.1819641910412764,125.93509425005182,55
11,decision_close_2023_11,history_qwen_all|lambda=0.1|scaling=fixed,history_qwen_all,0.1,fixed,0.5572425427497891,0.5693299154845414,0.9746406561560503,109.13387320772115,55
11,decision_close_2023_11,history_qwen_all|lambda=1|scaling=fixed,history_qwen_all,1.0,fixed,0.21951219512195122,0.6626454568507933,1.0869805093821938,104.78274872008151,55
11,decision_close_2023_11,history_qwen_all|lambda=10|scaling=fixed,history_qwen_all,10.0,fixed,0.21951219512195122,0.7332188493027509,1.2252299935407287,119.85830701473688,55
11,decision_close_2023_11,history_qwen_inflation|lambda=0.001|scaling=fixed,history_qwen_inflation,0.001,fixed,0.6281512605042017,0.5718524441283122,1.8061126736557618,136.36652643127658,55
11,decision_close_2023_11,history_qwen_inflation|lambda=0.01|scaling=fixed,history_qwen_inflation,0.01,fixed,0.6547192353643967,0.5234307048114137,1.1323666741830076,121.45897155897522,55
11,decision_close_2023_11,history_qwen_inflation|lambda=0.1|scaling=fixed,history_qwen_inflation,0.1,fixed,0.5572425427497891,0.5410394643740385,0.9583854531076321,107.50885341940864,55
11,decision_close_2023_11,history_qwen_inflation|lambda=1|scaling=fixed,history_qwen_inflation,1.0,fixed,0.21951219512195122,0.6665270391757696,1.0908528760535288,105.13082786894482,55
11,decision_close_2023_11,history_qwen_inflation|lambda=10|scaling=fixed,history_qwen_inflation,10.0,fixed,0.21951219512195122,0.7350376867235857,1.2290347999274256,119.96774829324015,55
11,decision_close_2023_11,history_qwen_demand|lambda=0.001|scaling=fixed,history_qwen_demand,0.001,fixed,0.6275458761847146,0.6256047410716972,1.744019651970985,134.81496407412936,55
11,decision_close_2023_11,history_qwen_demand|lambda=0.01|scaling=fixed,history_qwen_demand,0.01,fixed,0.6084756483238457,0.5629952820290652,1.1038635446110816,120.69659246684819,55
11,decision_close_2023_11,history_qwen_demand|lambda=0.1|scaling=fixed,history_qwen_demand,0.1,fixed,0.5572425427497891,0.5465927340898193,0.9480218359323191,106.80956811409966,55
11,decision_close_2023_11,history_qwen_demand|lambda=1|scaling=fixed,history_qwen_demand,1.0,fixed,0.21951219512195122,0.6672796530204484,1.0893030849352758,104.37770542223362,55
11,decision_close_2023_11,history_qwen_demand|lambda=10|scaling=fixed,history_qwen_demand,10.0,fixed,0.21951219512195122,0.7351884802622451,1.228818290812395,119.91621064793564,55
11,decision_close_2023_11,history_qwen_forward|lambda=0.001|scaling=fixed,history_qwen_forward,0.001,fixed,0.5620915032679739,0.6177358601699618,1.6630912927239436,130.85547851201818,55
11,decision_close_2023_11,history_qwen_forward|lambda=0.01|scaling=fixed,history_qwen_forward,0.01,fixed,0.5692307692307693,0.5717728190209169,1.0908432753035306,119.36889196786227,55
11,decision_close_2023_11,history_qwen_forward|lambda=0.1|scaling=fixed,history_qwen_forward,0.1,fixed,0.5347985347985348,0.5591723174743465,0.9408577678398212,106.34181650645579,55
11,decision_close_2023_11,history_qwen_forward|lambda=1|scaling=fixed,history_qwen_forward,1.0,fixed,0.21951219512195122,0.6680690740110287,1.0843763622745966,103.47818644996701,55
11,decision_close_2023_11,history_qwen_forward|lambda=10|scaling=fixed,history_qwen_forward,10.0,fixed,0.21951219512195122,0.7351159812767775,1.2280550173653941,119.62789684134403,55
11,decision_close_2023_11,history_qwen_scores_only|lambda=0.001|scaling=fixed,history_qwen_scores_only,0.001,fixed,0.5888888888888889,0.6095879853380113,1.6194982183393591,143.33789769034328,55
11,decision_close_2023_11,history_qwen_scores_only|lambda=0.01|scaling=fixed,history_qwen_scores_only,0.01,fixed,0.5677910052910052,0.5926122428077905,1.0926264181051553,126.20976161532009,55
11,decision_close_2023_11,history_qwen_scores_only|lambda=0.1|scaling=fixed,history_qwen_scores_only,0.1,fixed,0.5424340917298665,0.5553778156658388,0.9363980801800966,109.11037225616555,55
11,decision_close_2023_11,history_qwen_scores_only|lambda=1|scaling=fixed,history_qwen_scores_only,1.0,fixed,0.21951219512195122,0.6754596627127865,1.0933007326045467,103.36420184349676,55
11,decision_close_2023_11,history_qwen_scores_only|lambda=10|scaling=fixed,history_qwen_scores_only,10.0,fixed,0.21951219512195122,0.7362670927968893,1.230075167615547,119.31705072019386,55
11,decision_close_2023_11,history_qwen_missing_only|lambda=0.001|scaling=fixed,history_qwen_missing_only,0.001,fixed,0.6281512605042017,0.595993786026161,1.6165891493559246,130.99869362350583,55
11,decision_close_2023_11,history_qwen_missing_only|lambda=0.01|scaling=fixed,history_qwen_missing_only,0.01,fixed,0.6084756483238457,0.5449378145698776,1.0874954159884125,119.1381604202097,55
11,decision_close_2023_11,history_qwen_missing_only|lambda=0.1|scaling=fixed,history_qwen_missing_only,0.1,fixed,0.5572425427497891,0.5509831326902523,0.963405531368877,106.13353169807236,55
11,decision_close_2023_11,history_qwen_missing_only|lambda=1|scaling=fixed,history_qwen_missing_only,1.0,fixed,0.21951219512195122,0.6609375416864847,1.0873924264886787,105.19161471663729,55
11,decision_close_2023_11,history_qwen_missing_only|lambda=10|scaling=fixed,history_qwen_missing_only,10.0,fixed,0.21951219512195122,0.7331238677445829,1.2257440843751872,120.36684880861196,55
11,decision_close_2023_11,proxy_market|lambda=0.001|scaling=fixed,proxy_market,0.001,fixed,0.5973856209150327,0.6755203304506809,2.894439371296929,156.2334511386553,55
11,decision_close_2023_11,proxy_market|lambda=0.01|scaling=fixed,proxy_market,0.01,fixed,0.6136659750036191,0.6038205526337673,1.4337453052190487,138.70049776881686,55
11,decision_close_2023_11,proxy_market|lambda=0.1|scaling=fixed,proxy_market,0.1,fixed,0.6323975307026155,0.5310476282478194,0.9923413178762233,112.69190625691131,55
11,decision_close_2023_11,proxy_market|lambda=1|scaling=fixed,proxy_market,1.0,fixed,0.3862264496067313,0.6330736855529838,1.0422236900267827,106.16372808918588,55
11,decision_close_2023_11,proxy_market|lambda=10|scaling=fixed,proxy_market,10.0,fixed,0.21951219512195122,0.718162937721215,1.1996932564061868,121.15518876711208,55
11,decision_close_2023_11,proxy_market_lsa|lambda=0.001|scaling=row_only,proxy_market_lsa,0.001,row_only,0.572101851405041,0.680050199108428,2.835973876679796,158.88322381302996,55
11,decision_close_2023_11,proxy_market_lsa|lambda=0.01|scaling=row_only,proxy_market_lsa,0.01,row_only,0.6136659750036191,0.5958314313040617,1.406511666018116,139.82069544120827,55
11,decision_close_2023_11,proxy_market_lsa|lambda=0.1|scaling=row_only,proxy_market_lsa,0.1,row_only,0.6169312169312169,0.5269665185957223,0.9829519461355327,112.89892312629505,55
11,decision_close_2023_11,proxy_market_lsa|lambda=1|scaling=row_only,proxy_market_lsa,1.0,row_only,0.3862264496067313,0.6297977389272009,1.0377630949556,106.20885863190666,55
11,decision_close_2023_11,proxy_market_lsa|lambda=10|scaling=row_only,proxy_market_lsa,10.0,row_only,0.21951219512195122,0.7174572594827116,1.1983633353907184,121.14142239048198,55
11,decision_close_2023_11,proxy_market_lsa|lambda=0.001|scaling=column_standardized,proxy_market_lsa,0.001,column_standardized,0.5989190548014077,0.7039573140884959,2.7771900617483714,162.82033307927895,55
11,decision_close_2023_11,proxy_market_lsa|lambda=0.01|scaling=column_standardized,proxy_market_lsa,0.01,column_standardized,0.6552300986021972,0.5891064343152523,1.337173199615828,142.51317490731702,55
11,decision_close_2023_11,proxy_market_lsa|lambda=0.1|scaling=column_standardized,proxy_market_lsa,0.1,column_standardized,0.6372924648786719,0.4994476675266043,0.9239904133099002,114.6258203133797,55
11,decision_close_2023_11,proxy_market_lsa|lambda=1|scaling=column_standardized,proxy_market_lsa,1.0,column_standardized,0.4616025320672996,0.5940336252381619,0.9882155394311573,106.02131617372594,55
11,decision_close_2023_11,proxy_market_lsa|lambda=10|scaling=column_standardized,proxy_market_lsa,10.0,column_standardized,0.21951219512195122,0.7080470787503305,1.1789387306403594,119.48627069718141,55
11,decision_close_2023_11,history_transformer|lambda=0.001|scaling=fixed,history_transformer,0.001,fixed,0.6105263157894737,0.6311821295502186,1.8267314740194174,103.95093193199004,55
11,decision_close_2023_11,history_transformer|lambda=0.01|scaling=fixed,history_transformer,0.01,fixed,0.5943667805736771,0.6104095037212071,1.4502448019515257,103.75912965347466,55
11,decision_close_2023_11,history_transformer|lambda=0.1|scaling=fixed,history_transformer,0.1,fixed,0.577652228499686,0.5740095204164735,1.1424548116606876,103.72421914367364,55
11,decision_close_2023_11,history_transformer|lambda=1|scaling=fixed,history_transformer,1.0,fixed,0.577652228499686,0.5490859850721543,0.9839108964256532,110.76052038527986,55
11,decision_close_2023_11,history_transformer|lambda=10|scaling=fixed,history_transformer,10.0,fixed,0.4615384615384615,0.6071202075926955,1.035382900197781,125.28559156230861,55
12,decision_close_2023_12,history|lambda=0.001|scaling=fixed,history,0.001,fixed,0.658160552897395,0.5490993196202171,1.3359771341581372,130.1313464794937,56
12,decision_close_2023_12,history|lambda=0.01|scaling=fixed,history,0.01,fixed,0.6330431814302783,0.5127036929116301,0.9625264397644744,118.06807193995857,56
12,decision_close_2023_12,history|lambda=0.1|scaling=fixed,history,0.1,fixed,0.5663657156614903,0.5289896350269486,0.908645929693057,105.17786567463834,56
12,decision_close_2023_12,history|lambda=1|scaling=fixed,history,1.0,fixed,0.2750677506775068,0.6705804163248322,1.088244357223205,102.89077339976872,56
12,decision_close_2023_12,history|lambda=10|scaling=fixed,history,10.0,fixed,0.21686746987951808,0.7433189378564987,1.240099184058204,120.0931805415501,56
12,decision_close_2023_12,history_tfidf|lambda=0.001|scaling=row_only,history_tfidf,0.001,row_only,0.6475502481694432,0.5436740041143174,1.3786283055931283,119.78551255559208,56
12,decision_close_2023_12,history_tfidf|lambda=0.01|scaling=row_only,history_tfidf,0.01,row_only,0.6270514997170346,0.5005186545007181,0.9449707941587144,110.72863535881767,56
12,decision_close_2023_12,history_tfidf|lambda=0.1|scaling=row_only,history_tfidf,0.1,row_only,0.5663657156614903,0.5188780992906599,0.8906217969079984,103.62593173266471,56
12,decision_close_2023_12,history_tfidf|lambda=1|scaling=row_only,history_tfidf,1.0,row_only,0.2750677506775068,0.6651148624391973,1.0799167652456039,102.9923558094456,56
12,decision_close_2023_12,history_tfidf|lambda=10|scaling=row_only,history_tfidf,10.0,row_only,0.21686746987951808,0.7425867042496915,1.2386731052575468,120.03941270127841,56
12,decision_close_2023_12,history_tfidf|lambda=0.001|scaling=column_standardized,history_tfidf,0.001,column_standardized,0.65294270158154,0.5887351167939718,2.0254667710258865,92.5840936912097,56
12,decision_close_2023_12,history_tfidf|lambda=0.01|scaling=column_standardized,history_tfidf,0.01,column_standardized,0.65294270158154,0.5677357787963181,1.6297243251575324,92.58414375104273,56
12,decision_close_2023_12,history_tfidf|lambda=0.1|scaling=column_standardized,history_tfidf,0.1,column_standardized,0.670092368397453,0.5372483717244357,1.2664203899795143,92.58268324120607,56
12,decision_close_2023_12,history_tfidf|lambda=1|scaling=column_standardized,history_tfidf,1.0,column_standardized,0.670092368397453,0.5002953335407431,0.9795201007947291,91.9316232598288,56
12,decision_close_2023_12,history_tfidf|lambda=10|scaling=column_standardized,history_tfidf,10.0,column_standardized,0.622008547008547,0.5127134324571987,0.8988439247027148,96.81479212685232,56
12,decision_close_2023_12,history_lsa|lambda=0.001|scaling=row_only,history_lsa,0.001,row_only,0.6180113151980159,0.592787840830792,1.5671039381155032,144.25816448130453,56
12,decision_close_2023_12,history_lsa|lambda=0.01|scaling=row_only,history_lsa,0.01,row_only,0.6291666666666667,0.5275286600808556,0.9536436119955337,126.11840010940139,56
12,decision_close_2023_12,history_lsa|lambda=0.1|scaling=row_only,history_lsa,0.1,row_only,0.5663657156614903,0.5191748009010437,0.8887087539500155,106.60547399759541,56
12,decision_close_2023_12,history_lsa|lambda=1|scaling=row_only,history_lsa,1.0,row_only,0.2750677506775068,0.6637056215373283,1.0777874263822773,103.42764396129776,56
12,decision_close_2023_12,history_lsa|lambda=10|scaling=row_only,history_lsa,10.0,row_only,0.21686746987951808,0.7423588276404444,1.2382655676191614,120.07883895107781,56
12,decision_close_2023_12,history_lsa|lambda=0.001|scaling=column_standardized,history_lsa,0.001,column_standardized,0.6036673928830792,0.631178213776403,2.229344550726815,132.68445737909758,56
12,decision_close_2023_12,history_lsa|lambda=0.01|scaling=column_standardized,history_lsa,0.01,column_standardized,0.6161616161616162,0.5727197234553815,1.1082192183965036,134.51377019909503,56
12,decision_close_2023_12,history_lsa|lambda=0.1|scaling=column_standardized,history_lsa,0.1,column_standardized,0.6176178660049628,0.5089729987831964,0.8668844731015026,119.65792256538316,56
12,decision_close_2023_12,history_lsa|lambda=1|scaling=column_standardized,history_lsa,1.0,column_standardized,0.3626518218623482,0.6093994211137772,1.0015399250991222,106.24438845700149,56
12,decision_close_2023_12,history_lsa|lambda=10|scaling=column_standardized,history_lsa,10.0,column_standardized,0.21686746987951808,0.7305506340999584,1.2136719580172712,118.26487828708969,56
12,decision_close_2023_12,history_qwen_all|lambda=0.001|scaling=fixed,history_qwen_all,0.001,fixed,0.5960061443932411,0.6371183686225895,1.8255725153471378,142.37703515893114,56
12,decision_close_2023_12,history_qwen_all|lambda=0.01|scaling=fixed,history_qwen_all,0.01,fixed,0.6018122228648544,0.60138026241135,1.1682635006061304,124.71369773130456,56
12,decision_close_2023_12,history_qwen_all|lambda=0.1|scaling=fixed,history_qwen_all,0.1,fixed,0.581052066559313,0.5633487705315513,0.9647735477834039,108.24688419741177,56
12,decision_close_2023_12,history_qwen_all|lambda=1|scaling=fixed,history_qwen_all,1.0,fixed,0.21686746987951808,0.6640007356077083,1.0859875842318227,103.32053344771406,56
12,decision_close_2023_12,history_qwen_all|lambda=10|scaling=fixed,history_qwen_all,10.0,fixed,0.21686746987951808,0.740807214238076,1.235508167117913,120.29056457296822,56
12,decision_close_2023_12,history_qwen_inflation|lambda=0.001|scaling=fixed,history_qwen_inflation,0.001,fixed,0.6433027756557168,0.5617217259809228,1.7747316273214655,136.47415001192863,56
12,decision_close_2023_12,history_qwen_inflation|lambda=0.01|scaling=fixed,history_qwen_inflation,0.01,fixed,0.6695340501792115,0.5142211420639572,1.113289363138104,121.8312350796419,56
12,decision_close_2023_12,history_qwen_inflation|lambda=0.1|scaling=fixed,history_qwen_inflation,0.1,fixed,0.581052066559313,0.5323582920193272,0.944517292947395,108.08278261849195,56
12,decision_close_2023_12,history_qwen_inflation|lambda=1|scaling=fixed,history_qwen_inflation,1.0,fixed,0.21686746987951808,0.6650800400192792,1.0865607185804944,104.57573550871112,56
12,decision_close_2023_12,history_qwen_inflation|lambda=10|scaling=fixed,history_qwen_inflation,10.0,fixed,0.21686746987951808,0.7423354009910715,1.2387185585433702,120.19316142107014,56
12,decision_close_2023_12,history_qwen_demand|lambda=0.001|scaling=fixed,history_qwen_demand,0.001,fixed,0.642583470169677,0.6173597555777468,1.7188984392606794,132.57799332502472,56
12,decision_close_2023_12,history_qwen_demand|lambda=0.01|scaling=fixed,history_qwen_demand,0.01,fixed,0.6270514997170346,0.5555225586657202,1.089742968832881,118.68224413009271,56
12,decision_close_2023_12,history_qwen_demand|lambda=0.1|scaling=fixed,history_qwen_demand,0.1,fixed,0.581052066559313,0.5402432631929901,0.9377660467857556,104.98208134653842,56
12,decision_close_2023_12,history_qwen_demand|lambda=1|scaling=fixed,history_qwen_demand,1.0,fixed,0.21686746987951808,0.6670443691786113,1.0867719590016998,102.554146463946,56
12,decision_close_2023_12,history_qwen_demand|lambda=10|scaling=fixed,history_qwen_demand,10.0,fixed,0.21686746987951808,0.742543744404435,1.2387927202051772,120.38177340082413,56
12,decision_close_2023_12,history_qwen_forward|lambda=0.001|scaling=fixed,history_qwen_forward,0.001,fixed,0.5847953216374269,0.6080387911846982,1.6372281605569647,129.7824837277394,56
12,decision_close_2023_12,history_qwen_forward|lambda=0.01|scaling=fixed,history_qwen_forward,0.01,fixed,0.5927601809954751,0.5626049699739551,1.0747095748886581,118.5197050776106,56
12,decision_close_2023_12,history_qwen_forward|lambda=0.1|scaling=fixed,history_qwen_forward,0.1,fixed,0.5586080586080586,0.550726088217559,0.9282411952057344,105.84521196317078,56
12,decision_close_2023_12,history_qwen_forward|lambda=1|scaling=fixed,history_qwen_forward,1.0,fixed,0.21686746987951808,0.6664042191701017,1.0801019905695843,102.46681693860702,56
12,decision_close_2023_12,history_qwen_forward|lambda=10|scaling=fixed,history_qwen_forward,10.0,fixed,0.21686746987951808,0.742345849754389,1.2376745292371336,119.9136769731464,56
12,decision_close_2023_12,history_qwen_scores_only|lambda=0.001|scaling=fixed,history_qwen_scores_only,0.001,fixed,0.6070707070707071,0.6018666473244394,1.5968879999297734,142.09355993187907,56
12,decision_close_2023_12,history_qwen_scores_only|lambda=0.01|scaling=fixed,history_qwen_scores_only,0.01,fixed,0.5863095238095238,0.5843315764782554,1.0783448725289129,125.27248754972757,56
12,decision_close_2023_12,history_qwen_scores_only|lambda=0.1|scaling=fixed,history_qwen_scores_only,0.1,fixed,0.5663657156614903,0.5478832603149633,0.9250978464155276,108.46484131534719,56
12,decision_close_2023_12,history_qwen_scores_only|lambda=1|scaling=fixed,history_qwen_scores_only,1.0,fixed,0.21686746987951808,0.674051293800394,1.0894418874463914,102.07169546630509,56
12,decision_close_2023_12,history_qwen_scores_only|lambda=10|scaling=fixed,history_qwen_scores_only,10.0,fixed,0.21686746987951808,0.7435401489024794,1.2398627145803134,119.69730309987334,56
12,decision_close_2023_12,history_qwen_missing_only|lambda=0.001|scaling=fixed,history_qwen_missing_only,0.001,fixed,0.6433027756557168,0.5857251133466236,1.5896494698851196,129.9887890734623,56
12,decision_close_2023_12,history_qwen_missing_only|lambda=0.01|scaling=fixed,history_qwen_missing_only,0.01,fixed,0.6270514997170346,0.535581544004122,1.0700057665143299,118.35561351748154,56
12,decision_close_2023_12,history_qwen_missing_only|lambda=0.1|scaling=fixed,history_qwen_missing_only,0.1,fixed,0.581052066559313,0.5424128031791168,0.9499538418127136,105.6821810718061,56
12,decision_close_2023_12,history_qwen_missing_only|lambda=1|scaling=fixed,history_qwen_missing_only,1.0,fixed,0.21686746987951808,0.660820429567999,1.084584496313208,104.12347329782577,56
12,decision_close_2023_12,history_qwen_missing_only|lambda=10|scaling=fixed,history_qwen_missing_only,10.0,fixed,0.21686746987951808,0.7405822782746441,1.2357249387011464,120.68861027240807,56
12,decision_close_2023_12,proxy_market|lambda=0.001|scaling=fixed,proxy_market,0.001,fixed,0.6122004357298475,0.6656143088402805,2.847789157525074,155.84927091471954,56
12,decision_close_2023_12,proxy_market|lambda=0.01|scaling=fixed,proxy_market,0.01,fixed,0.6287384387717351,0.5934843633746089,1.4102596754865597,138.7032658932567,56
12,decision_close_2023_12,proxy_market|lambda=0.1|scaling=fixed,proxy_market,0.1,fixed,0.6562070545121393,0.5220053195191631,0.9767379960361475,113.42442538620718,56
12,decision_close_2023_12,proxy_market|lambda=1|scaling=fixed,proxy_market,1.0,fixed,0.42818449156477323,0.6266594886780709,1.0329709422332045,106.35992491764172,56
12,decision_close_2023_12,proxy_market|lambda=10|scaling=fixed,proxy_market,10.0,fixed,0.21686746987951808,0.7236170132024611,1.206618349379178,120.69114080886887,56
12,decision_close_2023_12,proxy_market_lsa|lambda=0.001|scaling=row_only,proxy_market_lsa,0.001,row_only,0.5894931557528671,0.6681086989735852,2.7867312546289917,156.40718587789019,56
12,decision_close_2023_12,proxy_market_lsa|lambda=0.01|scaling=row_only,proxy_market_lsa,0.01,row_only,0.6287384387717351,0.5853182023584625,1.3824923726740839,138.6203066263503,56
12,decision_close_2023_12,proxy_market_lsa|lambda=0.1|scaling=row_only,proxy_market_lsa,0.1,row_only,0.6407407407407407,0.5179351921816865,0.9673632293935127,113.54512602027044,56
12,decision_close_2023_12,proxy_market_lsa|lambda=1|scaling=row_only,proxy_market_lsa,1.0,row_only,0.42818449156477323,0.6233600593989003,1.0284955323750602,106.44106964064302,56
12,decision_close_2023_12,proxy_market_lsa|lambda=10|scaling=row_only,proxy_market_lsa,10.0,row_only,0.21686746987951808,0.7228782663533392,1.2052358571249573,120.65860048336127,56
12,decision_close_2023_12,proxy_market_lsa|lambda=0.001|scaling=column_standardized,proxy_market_lsa,0.001,column_standardized,0.6138763197586727,0.6920249800971671,2.7302187880283384,160.64321397753721,56
12,decision_close_2023_12,proxy_market_lsa|lambda=0.01|scaling=column_standardized,proxy_market_lsa,0.01,column_standardized,0.667983721790603,0.5785980022897826,1.3136276900273816,140.688538366686,56
12,decision_close_2023_12,proxy_market_lsa|lambda=0.1|scaling=column_standardized,proxy_market_lsa,0.1,column_standardized,0.6558109833971904,0.4907047219219472,0.9088634080685922,113.69682085222429,56
12,decision_close_2023_12,proxy_market_lsa|lambda=1|scaling=column_standardized,proxy_market_lsa,1.0,column_standardized,0.4933485638133314,0.5873567623716395,0.9787805404748576,106.3849736622627,56
12,decision_close_2023_12,proxy_market_lsa|lambda=10|scaling=column_standardized,proxy_market_lsa,10.0,column_standardized,0.21686746987951808,0.7128691848915213,1.1848715070969702,118.71422440690165,56
12,decision_close_2023_12,history_transformer|lambda=0.001|scaling=fixed,history_transformer,0.001,fixed,0.628826969384245,0.6199110203237156,1.7941127020600771,105.28702226191275,56
12,decision_close_2023_12,history_transformer|lambda=0.01|scaling=fixed,history_transformer,0.01,fixed,0.6126674341684484,0.599509356841545,1.424361904599756,105.13097860055451,56
12,decision_close_2023_12,history_transformer|lambda=0.1|scaling=fixed,history_transformer,0.1,fixed,0.5959528820944574,0.563760931377173,1.122175925229114,105.19094686471574,56
12,decision_close_2023_12,history_transformer|lambda=1|scaling=fixed,history_transformer,1.0,fixed,0.5959528820944574,0.5393622649892513,0.9673210391903551,112.4157926542614,56
12,decision_close_2023_12,history_transformer|lambda=10|scaling=fixed,history_transformer,10.0,fixed,0.4932844932844933,0.6004802241764094,1.025828772007044,125.15695661117313,56
13,decision_close_2024_1,history|lambda=0.001|scaling=fixed,history,0.001,fixed,0.6707868155236576,0.542821684591941,1.319031989352047,128.34766098086504,57
13,decision_close_2024_1,history|lambda=0.01|scaling=fixed,history,0.01,fixed,0.6478579962450931,0.5054220862989847,0.9500282443370391,116.46369848160396,57
13,decision_close_2024_1,history|lambda=0.1|scaling=fixed,history,0.1,fixed,0.5846663692562616,0.5211275361092794,0.8967571600244667,103.59153640676678,57
13,decision_close_2024_1,history|lambda=1|scaling=fixed,history,1.0,fixed,0.26814952116156937,0.6682566924452252,1.0838119481511712,101.37462725392642,57
13,decision_close_2024_1,history|lambda=10|scaling=fixed,history,10.0,fixed,0.2142857142857143,0.7496833174649287,1.2484049014591674,120.63684376610942,57
13,decision_close_2024_1,history_tfidf|lambda=0.001|scaling=row_only,history_tfidf,0.001,row_only,0.6627331329175453,0.5344708109493744,1.3565318158323751,118.63525053907144,57
13,decision_close_2024_1,history_tfidf|lambda=0.01|scaling=row_only,history_tfidf,0.01,row_only,0.642089093701997,0.49292941985055855,0.9320194589485665,110.08073492668117,57
13,decision_close_2024_1,history_tfidf|lambda=0.1|scaling=row_only,history_tfidf,0.1,row_only,0.5846663692562616,0.5112979320111113,0.8792407730054456,102.26504476787504,57
13,decision_close_2024_1,history_tfidf|lambda=1|scaling=row_only,history_tfidf,1.0,row_only,0.26814952116156937,0.6627682762043033,1.075507346124604,101.46074016254678,57
13,decision_close_2024_1,history_tfidf|lambda=10|scaling=row_only,history_tfidf,10.0,row_only,0.2142857142857143,0.7489266394988334,1.2469405074019555,120.5716563392456,57
13,decision_close_2024_1,history_tfidf|lambda=0.001|scaling=column_standardized,history_tfidf,0.001,column_standardized,0.6679802955665025,0.5784064382230972,1.9899417314229653,91.23502561631521,57
13,decision_close_2024_1,history_tfidf|lambda=0.01|scaling=column_standardized,history_tfidf,0.01,column_standardized,0.6679802955665025,0.5577758073373786,1.6011921915602985,91.23528505288569,57
13,decision_close_2024_1,history_tfidf|lambda=0.1|scaling=column_standardized,history_tfidf,0.1,column_standardized,0.684907183212268,0.5278334407160725,1.2445523605711193,91.23399443052494,57
13,decision_close_2024_1,history_tfidf|lambda=1|scaling=column_standardized,history_tfidf,1.0,column_standardized,0.684907183212268,0.49178889479230126,0.964180754936851,90.5419170477103,57
13,decision_close_2024_1,history_tfidf|lambda=10|scaling=column_standardized,history_tfidf,10.0,column_standardized,0.6403092006033183,0.5076140216046494,0.8913639163985975,95.25914809759088,57
13,decision_close_2024_1,history_lsa|lambda=0.001|scaling=row_only,history_lsa,0.001,row_only,0.6046897546897547,0.5914394295740455,1.552529090882715,143.62149953054555,57
13,decision_close_2024_1,history_lsa|lambda=0.01|scaling=row_only,history_lsa,0.01,row_only,0.6443181818181818,0.5191842043404662,0.9400552171595741,125.09989842807808,57
13,decision_close_2024_1,history_lsa|lambda=0.1|scaling=row_only,history_lsa,0.1,row_only,0.5846663692562616,0.5114997430126804,0.8772251203940208,105.04431698245293,57
13,decision_close_2024_1,history_lsa|lambda=1|scaling=row_only,history_lsa,1.0,row_only,0.26814952116156937,0.6612614211857251,1.0732769872626597,101.83080754990945,57
13,decision_close_2024_1,history_lsa|lambda=10|scaling=row_only,history_lsa,10.0,row_only,0.2142857142857143,0.7486789347097405,1.2464982944691307,120.59728011560064,57
13,decision_close_2024_1,history_lsa|lambda=0.001|scaling=column_standardized,history_lsa,0.001,column_standardized,0.6186246578403441,0.6202051916416363,2.191219478741905,132.44009587565617,57
13,decision_close_2024_1,history_lsa|lambda=0.01|scaling=column_standardized,history_lsa,0.01,column_standardized,0.6313131313131314,0.5626797175846934,1.0890783617600122,133.96740285702936,57
13,decision_close_2024_1,history_lsa|lambda=0.1|scaling=column_standardized,history_lsa,0.1,column_standardized,0.6361363845234813,0.5004640245348609,0.8538948259741228,117.94467019364951,57
13,decision_close_2024_1,history_lsa|lambda=1|scaling=column_standardized,history_lsa,1.0,column_standardized,0.39342105263157895,0.6051558401326237,0.9952636255462308,104.91783576228745,57
13,decision_close_2024_1,history_lsa|lambda=10|scaling=column_standardized,history_lsa,10.0,column_standardized,0.2142857142857143,0.7361295301110102,1.2206950423705831,118.39358393043356,57
13,decision_close_2024_1,history_qwen_all|lambda=0.001|scaling=fixed,history_qwen_all,0.001,fixed,0.6111890291413432,0.628235483729858,1.7987313090343926,140.2072234969278,57
13,decision_close_2024_1,history_qwen_all|lambda=0.01|scaling=fixed,history_qwen_all,0.01,fixed,0.6168498168498168,0.5923052397461966,1.1518077015793289,122.83387890191653,57
13,decision_close_2024_1,history_qwen_all|lambda=0.1|scaling=fixed,history_qwen_all,0.1,fixed,0.5995705850778315,0.5555291448768889,0.9528615253149938,106.52055745884476,57
13,decision_close_2024_1,history_qwen_all|lambda=1|scaling=fixed,history_qwen_all,1.0,fixed,0.2142857142857143,0.6635211517034267,1.083392877243392,101.88394551024254,57
13,decision_close_2024_1,history_qwen_all|lambda=10|scaling=fixed,history_qwen_all,10.0,fixed,0.2142857142857143,0.7474291890514578,1.244186709532906,120.87399717356679,57
13,decision_close_2024_1,history_qwen_inflation|lambda=0.001|scaling=fixed,history_qwen_inflation,0.001,fixed,0.6559290382819795,0.5551624939556552,1.7500203322917136,134.8704477281032,57
13,decision_close_2024_1,history_qwen_inflation|lambda=0.01|scaling=fixed,history_qwen_inflation,0.01,fixed,0.6816552623004236,0.5070661289355461,1.0983682966178827,120.4528020851274,57
13,decision_close_2024_1,history_qwen_inflation|lambda=0.1|scaling=fixed,history_qwen_inflation,0.1,fixed,0.5995705850778315,0.525087718395611,0.9329574419241076,106.71624231113084,57
13,decision_close_2024_1,history_qwen_inflation|lambda=1|scaling=fixed,history_qwen_inflation,1.0,fixed,0.2142857142857143,0.6637540600758398,1.0831319559590482,103.1831165968484,57
13,decision_close_2024_1,history_qwen_inflation|lambda=10|scaling=fixed,history_qwen_inflation,10.0,fixed,0.2142857142857143,0.7487977462538121,1.2471748582425703,120.76725349853577,57
13,decision_close_2024_1,history_qwen_demand|lambda=0.001|scaling=fixed,history_qwen_demand,0.001,fixed,0.6550058304181242,0.6078006297932075,1.6924488015212071,130.65765839312914,57
13,decision_close_2024_1,history_qwen_demand|lambda=0.01|scaling=fixed,history_qwen_demand,0.01,fixed,0.642089093701997,0.5466201804527109,1.0735875281090337,116.97649144459173,57
13,decision_close_2024_1,history_qwen_demand|lambda=0.1|scaling=fixed,history_qwen_demand,0.1,fixed,0.5995705850778315,0.5323812210029667,0.9256760142717471,103.31522501197641,57
13,decision_close_2024_1,history_qwen_demand|lambda=1|scaling=fixed,history_qwen_demand,1.0,fixed,0.2142857142857143,0.6655859648291889,1.08319178106935,101.03158644138892,57
13,decision_close_2024_1,history_qwen_demand|lambda=10|scaling=fixed,history_qwen_demand,10.0,fixed,0.2142857142857143,0.7490034550509888,1.2472337653546797,120.93049907088357,57
13,decision_close_2024_1,history_qwen_forward|lambda=0.001|scaling=fixed,history_qwen_forward,0.001,fixed,0.6031746031746031,0.6009521002514041,1.615261459827204,128.29934928235528,57
13,decision_close_2024_1,history_qwen_forward|lambda=0.01|scaling=fixed,history_qwen_forward,0.01,fixed,0.611336032388664,0.5548947047314514,1.060873771164697,117.20039542491499,57
13,decision_close_2024_1,history_qwen_forward|lambda=0.1|scaling=fixed,history_qwen_forward,0.1,fixed,0.5771265771265771,0.5431935778814931,0.9170725742716893,104.4986220428138,57
13,decision_close_2024_1,history_qwen_forward|lambda=1|scaling=fixed,history_qwen_forward,1.0,fixed,0.2142857142857143,0.6649908243814397,1.076678676981935,101.07151104265616,57
13,decision_close_2024_1,history_qwen_forward|lambda=10|scaling=fixed,history_qwen_forward,10.0,fixed,0.2142857142857143,0.7487901759391601,1.2460922878780736,120.47200967025024,57
13,decision_close_2024_1,history_qwen_scores_only|lambda=0.001|scaling=fixed,history_qwen_scores_only,0.001,fixed,0.6222222222222222,0.5930947087452259,1.573362268954911,139.65354054549144,57
13,decision_close_2024_1,history_qwen_scores_only|lambda=0.01|scaling=fixed,history_qwen_scores_only,0.01,fixed,0.601461038961039,0.5751564593955125,1.0628122327604193,123.1103607257446,57
13,decision_close_2024_1,history_qwen_scores_only|lambda=0.1|scaling=fixed,history_qwen_scores_only,0.1,fixed,0.5846663692562616,0.5396617716872107,0.9128770663799393,106.62524823030186,57
13,decision_close_2024_1,history_qwen_scores_only|lambda=1|scaling=fixed,history_qwen_scores_only,1.0,fixed,0.2142857142857143,0.6715765848662668,1.0848643094434571,100.51590504702061,57
13,decision_close_2024_1,history_qwen_scores_only|lambda=10|scaling=fixed,history_qwen_scores_only,10.0,fixed,0.2142857142857143,0.7498766479171243,1.2481140702046867,120.2353993223505,57
13,decision_close_2024_1,history_qwen_missing_only|lambda=0.001|scaling=fixed,history_qwen_missing_only,0.001,fixed,0.6559290382819795,0.5781523290731311,1.5674667793630046,128.54113699116164,57
13,decision_close_2024_1,history_qwen_missing_only|lambda=0.01|scaling=fixed,history_qwen_missing_only,0.01,fixed,0.642089093701997,0.5277730822577837,1.0554379666065545,117.07736189306871,57
13,decision_close_2024_1,history_qwen_missing_only|lambda=0.1|scaling=fixed,history_qwen_missing_only,0.1,fixed,0.5995705850778315,0.5348956312570192,0.9382077036338342,104.37607467573484,57
13,decision_close_2024_1,history_qwen_missing_only|lambda=1|scaling=fixed,history_qwen_missing_only,1.0,fixed,0.2142857142857143,0.6604796399095232,1.0821467581884532,102.75012856943782,57
13,decision_close_2024_1,history_qwen_missing_only|lambda=10|scaling=fixed,history_qwen_missing_only,10.0,fixed,0.2142857142857143,0.7472306096699389,1.244456630270149,121.27870282211514,57
13,decision_close_2024_1,proxy_market|lambda=0.001|scaling=fixed,proxy_market,0.001,fixed,0.6249718278115844,0.6563770442036585,2.803199154432715,153.90371310629868,57
13,decision_close_2024_1,proxy_market|lambda=0.01|scaling=fixed,proxy_market,0.01,fixed,0.6415779449445745,0.5838922965585326,1.3884313284650138,137.1004976653069,57
13,decision_close_2024_1,proxy_market|lambda=0.1|scaling=fixed,proxy_market,0.1,fixed,0.6747255730306577,0.5134933358858425,0.9622293203262366,112.39539897886563,57
13,decision_close_2024_1,proxy_market|lambda=1|scaling=fixed,proxy_market,1.0,fixed,0.45895372233400406,0.6208697708423239,1.0247545452722113,105.30146682287587,57
13,decision_close_2024_1,proxy_market|lambda=10|scaling=fixed,proxy_market,10.0,fixed,0.2142857142857143,0.7282889957339325,1.2123131024889853,120.5238181890543,57
13,decision_close_2024_1,proxy_market_lsa|lambda=0.001|scaling=row_only,proxy_market_lsa,0.001,row_only,0.6043079705676819,0.6567443230673036,2.739900676079507,153.75315337633586,57
13,decision_close_2024_1,proxy_market_lsa|lambda=0.01|scaling=row_only,proxy_market_lsa,0.01,row_only,0.6415779449445745,0.5752234256266485,1.359544997414786,136.43260858247368,57
13,decision_close_2024_1,proxy_market_lsa|lambda=0.1|scaling=row_only,proxy_market_lsa,0.1,row_only,0.6592592592592592,0.5093957715938052,0.9528321084262826,112.44985195576594,57
13,decision_close_2024_1,proxy_market_lsa|lambda=1|scaling=row_only,proxy_market_lsa,1.0,row_only,0.45895372233400406,0.6175272166572434,1.0202357754652636,105.4236609900168,57
13,decision_close_2024_1,proxy_market_lsa|lambda=10|scaling=row_only,proxy_market_lsa,10.0,row_only,0.2142857142857143,0.7275119959642943,1.2108713154754733,120.47148068083592,57
13,decision_close_2024_1,proxy_market_lsa|lambda=0.001|scaling=column_standardized,proxy_market_lsa,0.001,column_standardized,0.6266968325791855,0.6863807332349152,2.692241311651306,158.07673929848332,57
13,decision_close_2024_1,proxy_market_lsa|lambda=0.01|scaling=column_standardized,proxy_market_lsa,0.01,column_standardized,0.6788479193214672,0.5684714590852679,1.2911085407724217,139.03952656061563,57
13,decision_close_2024_1,proxy_market_lsa|lambda=0.1|scaling=column_standardized,proxy_market_lsa,0.1,column_standardized,0.6706257982120052,0.482309602197395,0.8945320157774473,111.70997786658363,57
13,decision_close_2024_1,proxy_market_lsa|lambda=1|scaling=column_standardized,proxy_market_lsa,1.0,column_standardized,0.5171580876228552,0.5810281989286595,0.9699889459356031,105.63532765421962,57
13,decision_close_2024_1,proxy_market_lsa|lambda=10|scaling=column_standardized,proxy_market_lsa,10.0,column_standardized,0.2142857142857143,0.7168631160138356,1.18954050992539,118.24236275148299,57
13,decision_close_2024_1,history_transformer|lambda=0.001|scaling=fixed,history_transformer,0.001,fixed,0.6432748538011696,0.6090354145046046,1.7626521829848065,103.74695419706696,57
13,decision_close_2024_1,history_transformer|lambda=0.01|scaling=fixed,history_transformer,0.01,fixed,0.627115318585373,0.5889921861350087,1.3994418998525848,103.5695588144623,57
13,decision_close_2024_1,history_transformer|lambda=0.1|scaling=fixed,history_transformer,0.1,fixed,0.610400766511382,0.5538789197252411,1.1027659416705144,103.50293014119988,57
13,decision_close_2024_1,history_transformer|lambda=1|scaling=fixed,history_transformer,1.0,fixed,0.610400766511382,0.5300008823520077,0.9514045057745409,111.05481439058435,57
13,decision_close_2024_1,history_transformer|lambda=10|scaling=fixed,history_transformer,10.0,fixed,0.5170940170940171,0.5928194954428235,1.014855219787358,124.26789173721015,57
14,decision_close_2024_2,history|lambda=0.001|scaling=fixed,history,0.001,fixed,0.6741568224619073,0.539304918925958,1.3054497304899795,127.67927134295938,58
14,decision_close_2024_2,history|lambda=0.01|scaling=fixed,history,0.01,fixed,0.6346966205837173,0.5079494384377069,0.9483941920065512,116.05688296531274,58
14,decision_close_2024_2,history|lambda=0.1|scaling=fixed,history,0.1,fixed,0.5705128205128205,0.5291770599222233,0.903444688749916,103.8171078480426,58
14,decision_close_2024_2,history|lambda=1|scaling=fixed,history,1.0,fixed,0.27088989441930617,0.6646631478114848,1.0783495073813358,102.40995976214143,58
14,decision_close_2024_2,history|lambda=10|scaling=fixed,history,10.0,fixed,0.2170542635658915,0.7404305929346551,1.2350349449746167,119.97208819283206,58
14,decision_close_2024_2,history_tfidf|lambda=0.001|scaling=row_only,history_tfidf,0.001,row_only,0.6514536849222448,0.5464711086001716,1.3645580571869078,118.29662939107344,58
14,decision_close_2024_2,history_tfidf|lambda=0.01|scaling=row_only,history_tfidf,0.01,row_only,0.6296761780632748,0.4990259736030383,0.9349339036868897,109.34037588751508,58
14,decision_close_2024_2,history_tfidf|lambda=0.1|scaling=row_only,history_tfidf,0.1,row_only,0.5705128205128205,0.5191941792358991,0.8859717288909645,102.3573131298879,58
14,decision_close_2024_2,history_tfidf|lambda=1|scaling=row_only,history_tfidf,1.0,row_only,0.27088989441930617,0.6593785638333298,1.0703219459194664,102.51025371019979,58
14,decision_close_2024_2,history_tfidf|lambda=10|scaling=row_only,history_tfidf,10.0,row_only,0.2170542635658915,0.739704806520112,1.2336211716496734,119.91936677385063,58
14,decision_close_2024_2,history_tfidf|lambda=0.001|scaling=column_standardized,history_tfidf,0.001,column_standardized,0.6554259300022012,0.6021825166601893,2.0365856984009145,93.51065270514825,58
14,decision_close_2024_2,history_tfidf|lambda=0.01|scaling=column_standardized,history_tfidf,0.01,column_standardized,0.6554259300022012,0.5807269088543708,1.6380895917776657,93.50951691179007,58
14,decision_close_2024_2,history_tfidf|lambda=0.1|scaling=column_standardized,history_tfidf,0.1,column_standardized,0.6714285714285714,0.5485378888387862,1.2720596749688988,93.49610708597339,58
14,decision_close_2024_2,history_tfidf|lambda=1|scaling=column_standardized,history_tfidf,1.0,column_standardized,0.6714285714285714,0.5076596385355067,0.9825407515782436,92.76585090411406,58
14,decision_close_2024_2,history_tfidf|lambda=10|scaling=column_standardized,history_tfidf,10.0,column_standardized,0.6258417508417509,0.5138676164402828,0.8975796518852369,97.24844026569173,58
14,decision_close_2024_2,history_lsa|lambda=0.001|scaling=row_only,history_lsa,0.001,row_only,0.593915343915344,0.60522750945813,1.5817179778063493,141.15472018067837,58
14,decision_close_2024_2,history_lsa|lambda=0.01|scaling=row_only,history_lsa,0.01,row_only,0.632587906866239,0.5270797221354102,0.9458215801231435,123.70776571247006,58
14,decision_close_2024_2,history_lsa|lambda=0.1|scaling=row_only,history_lsa,0.1,row_only,0.5705128205128205,0.5198816606534864,0.8846382501055862,105.14777932097049,58
14,decision_close_2024_2,history_lsa|lambda=1|scaling=row_only,history_lsa,1.0,row_only,0.27088989441930617,0.6580297378324432,1.0682852064115549,102.92623212362639,58
14,decision_close_2024_2,history_lsa|lambda=10|scaling=row_only,history_lsa,10.0,row_only,0.2170542635658915,0.7394746658422101,1.2332054753812953,119.95878434738918,58
14,decision_close_2024_2,history_lsa|lambda=0.001|scaling=column_standardized,history_lsa,0.001,column_standardized,0.6091107149930679,0.6356583015398294,2.2574468508603007,130.40426099964048,58
14,decision_close_2024_2,history_lsa|lambda=0.01|scaling=column_standardized,history_lsa,0.01,column_standardized,0.6208150470219436,0.5845689462652336,1.1388550768725958,131.7120941496251,58
14,decision_close_2024_2,history_lsa|lambda=0.1|scaling=column_standardized,history_lsa,0.1,column_standardized,0.6228155922553206,0.5157760438700995,0.8732811764452151,117.64185908143871,58
14,decision_close_2024_2,history_lsa|lambda=1|scaling=column_standardized,history_lsa,1.0,column_standardized,0.3823099415204678,0.605728625273681,0.9949404189475849,106.62514109349205,58
14,decision_close_2024_2,history_lsa|lambda=10|scaling=column_standardized,history_lsa,10.0,column_standardized,0.2170542635658915,0.7275717928193378,1.2084495746053157,118.17681432724723,58
14,decision_close_2024_2,history_qwen_all|lambda=0.001|scaling=fixed,history_qwen_all,0.001,fixed,0.6002996650802045,0.6270633916357724,1.7807580813999877,139.49762158405971,58
14,decision_close_2024_2,history_qwen_all|lambda=0.01|scaling=fixed,history_qwen_all,0.01,fixed,0.6046176046176046,0.5959632150889981,1.1496007870948348,122.46816710572338,58
14,decision_close_2024_2,history_qwen_all|lambda=0.1|scaling=fixed,history_qwen_all,0.1,fixed,0.5863733407593057,0.561608372629713,0.9568809196526664,106.77690188189862,58
14,decision_close_2024_2,history_qwen_all|lambda=1|scaling=fixed,history_qwen_all,1.0,fixed,0.2170542635658915,0.6587849602193651,1.0763747081830142,102.84121038403654,58
14,decision_close_2024_2,history_qwen_all|lambda=10|scaling=fixed,history_qwen_all,10.0,fixed,0.2170542635658915,0.7380921789553053,1.2307142236210535,120.17051441151753,58
14,decision_close_2024_2,history_qwen_inflation|lambda=0.001|scaling=fixed,history_qwen_inflation,0.001,fixed,0.6596236195627677,0.5530408207371684,1.730651994434514,133.86440067510824,58
14,decision_close_2024_2,history_qwen_inflation|lambda=0.01|scaling=fixed,history_qwen_inflation,0.01,fixed,0.6685070163331033,0.5103945019290886,1.0950607309008027,119.75005351661731,58
14,decision_close_2024_2,history_qwen_inflation|lambda=0.1|scaling=fixed,history_qwen_inflation,0.1,fixed,0.5863733407593057,0.5314233437698559,0.936962063820078,106.67213769865926,58
14,decision_close_2024_2,history_qwen_inflation|lambda=1|scaling=fixed,history_qwen_inflation,1.0,fixed,0.2170542635658915,0.6595914681183693,1.0768834291234965,104.05613395507126,58
14,decision_close_2024_2,history_qwen_inflation|lambda=10|scaling=fixed,history_qwen_inflation,10.0,fixed,0.2170542635658915,0.739520139762739,1.2337690153904173,120.07159770321559,58
14,decision_close_2024_2,history_qwen_demand|lambda=0.001|scaling=fixed,history_qwen_demand,0.001,fixed,0.6426553672316384,0.6078368500810932,1.6771401201115068,130.00012313559264,58
14,decision_close_2024_2,history_qwen_demand|lambda=0.01|scaling=fixed,history_qwen_demand,0.01,fixed,0.6296761780632748,0.552555642515051,1.0742686290783128,116.60941551347223,58
14,decision_close_2024_2,history_qwen_demand|lambda=0.1|scaling=fixed,history_qwen_demand,0.1,fixed,0.5863733407593057,0.539795726130533,0.9312975839755057,103.59567033336658,58
14,decision_close_2024_2,history_qwen_demand|lambda=1|scaling=fixed,history_qwen_demand,1.0,fixed,0.2170542635658915,0.6614230032618451,1.0769525301537604,102.07754230154337,58
14,decision_close_2024_2,history_qwen_demand|lambda=10|scaling=fixed,history_qwen_demand,10.0,fixed,0.2170542635658915,0.7397148636768529,1.2338164148105248,120.25244888562092,58
14,decision_close_2024_2,history_qwen_forward|lambda=0.001|scaling=fixed,history_qwen_forward,0.001,fixed,0.6067588325652841,0.5976451558017167,1.5978290160675972,127.36930103807462,58
14,decision_close_2024_2,history_qwen_forward|lambda=0.01|scaling=fixed,history_qwen_forward,0.01,fixed,0.598989898989899,0.5566315914534766,1.057526424378007,116.52037618241307,58
14,decision_close_2024_2,history_qwen_forward|lambda=0.1|scaling=fixed,history_qwen_forward,0.1,fixed,0.5640265343749405,0.5489176386014982,0.9211087550241023,104.4946407507108,58
14,decision_close_2024_2,history_qwen_forward|lambda=1|scaling=fixed,history_qwen_forward,1.0,fixed,0.2170542635658915,0.6608171706698789,1.0705207421636298,102.02918027063723,58
14,decision_close_2024_2,history_qwen_forward|lambda=10|scaling=fixed,history_qwen_forward,10.0,fixed,0.2170542635658915,0.7395093537869939,1.2327005255695698,119.80312025396455,58
14,decision_close_2024_2,history_qwen_scores_only|lambda=0.001|scaling=fixed,history_qwen_scores_only,0.001,fixed,0.6117304189435336,0.5926253680104816,1.5593550968618273,139.2069711154908,58
14,decision_close_2024_2,history_qwen_scores_only|lambda=0.01|scaling=fixed,history_qwen_scores_only,0.01,fixed,0.5900302595954771,0.5799422663597957,1.0629703835682265,122.99050525460845,58
14,decision_close_2024_2,history_qwen_scores_only|lambda=0.1|scaling=fixed,history_qwen_scores_only,0.1,fixed,0.5705128205128205,0.5478590191186982,0.9198991893272435,107.09219811452033,58
14,decision_close_2024_2,history_qwen_scores_only|lambda=1|scaling=fixed,history_qwen_scores_only,1.0,fixed,0.2170542635658915,0.6679990556819511,1.0794471169035922,101.61696636024358,58
14,decision_close_2024_2,history_qwen_scores_only|lambda=10|scaling=fixed,history_qwen_scores_only,10.0,fixed,0.2170542635658915,0.7406247730605083,1.2347552013406986,119.591322514999,58
14,decision_close_2024_2,history_qwen_missing_only|lambda=0.001|scaling=fixed,history_qwen_missing_only,0.001,fixed,0.6596236195627677,0.5756237474312818,1.5512258045637553,127.56600278141524,58
14,decision_close_2024_2,history_qwen_missing_only|lambda=0.01|scaling=fixed,history_qwen_missing_only,0.01,fixed,0.6296761780632748,0.5309471287448225,1.0530613817194976,116.35928267059292,58
14,decision_close_2024_2,history_qwen_missing_only|lambda=0.1|scaling=fixed,history_qwen_missing_only,0.1,fixed,0.5863733407593057,0.541090946860767,0.9421780696295102,104.33184911238338,58
14,decision_close_2024_2,history_qwen_missing_only|lambda=1|scaling=fixed,history_qwen_missing_only,1.0,fixed,0.2170542635658915,0.655746393891694,1.0751196479343585,103.6220456930196,58
14,decision_close_2024_2,history_qwen_missing_only|lambda=10|scaling=fixed,history_qwen_missing_only,10.0,fixed,0.2170542635658915,0.7378936564696816,1.230974543835243,120.55342629886385,58
14,decision_close_2024_2,proxy_market|lambda=0.001|scaling=fixed,proxy_market,0.001,fixed,0.6155857214680744,0.6695158951897364,2.7867545567371304,155.22999847480713,58
14,decision_close_2024_2,proxy_market|lambda=0.01|scaling=fixed,proxy_market,0.01,fixed,0.6314451706608569,0.59835029715243,1.3967142387681277,138.63017614012114,58
14,decision_close_2024_2,proxy_market|lambda=0.1|scaling=fixed,proxy_market,0.1,fixed,0.6610241820768136,0.5285497054535647,0.9779488594160782,114.0967396656708,58
14,decision_close_2024_2,proxy_market|lambda=1|scaling=fixed,proxy_market,1.0,fixed,0.4477513227513228,0.6234301255242118,1.026871256739859,107.35408624136386,58
14,decision_close_2024_2,proxy_market|lambda=10|scaling=fixed,proxy_market,10.0,fixed,0.2170542635658915,0.7205075607433303,1.2010908572444168,120.52584850065965,58
14,decision_close_2024_2,proxy_market_lsa|lambda=0.001|scaling=row_only,proxy_market_lsa,0.001,row_only,0.5952899678389875,0.6711588023368031,2.770644992579864,154.62077775106042,58
14,decision_close_2024_2,proxy_market_lsa|lambda=0.01|scaling=row_only,proxy_market_lsa,0.01,row_only,0.6314451706608569,0.5934807823827243,1.3798423325124114,137.2963720417332,58
14,decision_close_2024_2,proxy_market_lsa|lambda=0.1|scaling=row_only,proxy_market_lsa,0.1,row_only,0.6456875339532803,0.5249955493031264,0.9702263366821235,113.99646983997867,58
14,decision_close_2024_2,proxy_market_lsa|lambda=1|scaling=row_only,proxy_market_lsa,1.0,row_only,0.4477513227513228,0.6203081735744704,1.022634385447451,107.50834125862993,58
14,decision_close_2024_2,proxy_market_lsa|lambda=10|scaling=row_only,proxy_market_lsa,10.0,row_only,0.2170542635658915,0.7197733206419836,1.1997134870269754,120.49418451376035,58
14,decision_close_2024_2,proxy_market_lsa|lambda=0.001|scaling=column_standardized,proxy_market_lsa,0.001,column_standardized,0.6155435759209343,0.7034788693263793,2.776253062295797,158.881841383366,58
14,decision_close_2024_2,proxy_market_lsa|lambda=0.01|scaling=column_standardized,proxy_market_lsa,0.01,column_standardized,0.6676003734827264,0.5887610893958714,1.351000418751259,138.916333249231,58
14,decision_close_2024_2,proxy_market_lsa|lambda=0.1|scaling=column_standardized,proxy_market_lsa,0.1,column_standardized,0.6572056317819029,0.5013092105988148,0.9234915696787332,112.27151764814155,58
14,decision_close_2024_2,proxy_market_lsa|lambda=1|scaling=column_standardized,proxy_market_lsa,1.0,column_standardized,0.5043175891046073,0.586265942615582,0.9755923079549254,107.9193058188293,58
14,decision_close_2024_2,proxy_market_lsa|lambda=10|scaling=column_standardized,proxy_market_lsa,10.0,column_standardized,0.2170542635658915,0.709721063987272,1.1793000426630045,118.58749569293722,58
14,decision_close_2024_2,history_transformer|lambda=0.001|scaling=fixed,history_transformer,0.001,fixed,0.6289171203871748,0.6329189750071949,2.0051493538079446,102.89166817478495,58
14,decision_close_2024_2,history_transformer|lambda=0.01|scaling=fixed,history_transformer,0.01,fixed,0.6128874637349213,0.6130401887547801,1.576375364555496,103.04279800887468,58
14,decision_close_2024_2,history_transformer|lambda=0.1|scaling=fixed,history_transformer,0.1,fixed,0.5962962962962962,0.5780942533423963,1.2169200849210948,104.07561981778434,58
14,decision_close_2024_2,history_transformer|lambda=1|scaling=fixed,history_transformer,1.0,fixed,0.5962962962962962,0.5529936737153878,1.0087075595881938,112.86206844900367,58
14,decision_close_2024_2,history_transformer|lambda=10|scaling=fixed,history_transformer,10.0,fixed,0.5042459554949482,0.6031276144723069,1.027661556029287,127.07428137483835,58
15,decision_close_2024_3,history|lambda=0.001|scaling=fixed,history,0.001,fixed,0.6592489199069459,0.5594315156236195,1.3638195769746346,134.5016625052404,59
15,decision_close_2024_3,history|lambda=0.01|scaling=fixed,history,0.01,fixed,0.6193181818181818,0.5211902615600881,0.9757858472195621,123.0208463527713,59
15,decision_close_2024_3,history|lambda=0.1|scaling=fixed,history,0.1,fixed,0.5575952526204869,0.5320371692225484,0.907009198859806,110.51099681583837,59
15,decision_close_2024_3,history|lambda=1|scaling=fixed,history,1.0,fixed,0.2646733111849391,0.6677583489125478,1.0820256776164292,107.79604964299905,59
15,decision_close_2024_3,history|lambda=10|scaling=fixed,history,10.0,fixed,0.21455938697318008,0.7469781674986967,1.2440012203403579,125.42830674717949,59
15,decision_close_2024_3,history_tfidf|lambda=0.001|scaling=row_only,history_tfidf,0.001,row_only,0.637504105090312,0.5686584044262135,1.4213730335931292,124.97399934288963,59
15,decision_close_2024_3,history_tfidf|lambda=0.01|scaling=row_only,history_tfidf,0.01,row_only,0.6150506096158269,0.5123629061645805,0.9614700352161408,116.72020918046944,59
15,decision_close_2024_3,history_tfidf|lambda=0.1|scaling=row_only,history_tfidf,0.1,row_only,0.5575952526204869,0.5226164001299543,0.890256087058743,109.19183948016146,59
15,decision_close_2024_3,history_tfidf|lambda=1|scaling=row_only,history_tfidf,1.0,row_only,0.2646733111849391,0.6625128500064587,1.074062458080781,107.87612733143945,59
15,decision_close_2024_3,history_tfidf|lambda=10|scaling=row_only,history_tfidf,10.0,row_only,0.21455938697318008,0.74624147863728,1.2425704409370217,125.3681221929617,59
15,decision_close_2024_3,history_tfidf|lambda=0.001|scaling=column_standardized,history_tfidf,0.001,column_standardized,0.6437543133195307,0.6224951807293592,2.0525589957350774,98.03588215019681,59
15,decision_close_2024_3,history_tfidf|lambda=0.01|scaling=column_standardized,history_tfidf,0.01,column_standardized,0.6437543133195307,0.5982038049276086,1.6492187901148703,98.03715318893508,59
15,decision_close_2024_3,history_tfidf|lambda=0.1|scaling=column_standardized,history_tfidf,0.1,column_standardized,0.6589454261585409,0.5615349330331854,1.279306820789106,98.04450169709877,59
15,decision_close_2024_3,history_tfidf|lambda=1|scaling=column_standardized,history_tfidf,1.0,column_standardized,0.6589454261585409,0.5153470588514023,0.9871711283095906,97.39453117560734,59
15,decision_close_2024_3,history_tfidf|lambda=10|scaling=column_standardized,history_tfidf,10.0,column_standardized,0.6126276512175962,0.5184252361506116,0.9015267426155972,101.71343858822226,59
15,decision_close_2024_3,history_lsa|lambda=0.001|scaling=row_only,history_lsa,0.001,row_only,0.5818532818532819,0.6286947133750698,1.6800999615971484,149.62714936081522,59
15,decision_close_2024_3,history_lsa|lambda=0.01|scaling=row_only,history_lsa,0.01,row_only,0.6183970856102003,0.5421888044573665,0.9771313069891848,131.49139100291836,59
15,decision_close_2024_3,history_lsa|lambda=0.1|scaling=row_only,history_lsa,0.1,row_only,0.5575952526204869,0.5231057899508388,0.8887021037749551,111.96785925995275,59
15,decision_close_2024_3,history_lsa|lambda=1|scaling=row_only,history_lsa,1.0,row_only,0.2646733111849391,0.6610323612658849,1.07184663773168,108.24669075213143,59
15,decision_close_2024_3,history_lsa|lambda=10|scaling=row_only,history_lsa,10.0,row_only,0.21455938697318008,0.7459879481164774,1.2421126835668506,125.3942575977365,59
15,decision_close_2024_3,history_lsa|lambda=0.001|scaling=column_standardized,history_lsa,0.001,column_standardized,0.5965367965367966,0.6587010907441428,2.3452979994210796,139.53767263366422,59
15,decision_close_2024_3,history_lsa|lambda=0.01|scaling=column_standardized,history_lsa,0.01,column_standardized,0.6075310760909138,0.5979130548382199,1.1569463233743027,140.49163160095193,59
15,decision_close_2024_3,history_lsa|lambda=0.1|scaling=column_standardized,history_lsa,0.1,column_standardized,0.6105761515005618,0.5166108913716371,0.8740987387710115,124.7824750853603,59
15,decision_close_2024_3,history_lsa|lambda=1|scaling=column_standardized,history_lsa,1.0,column_standardized,0.3722469732437263,0.6080815873592926,0.9974225113594497,111.47270390522097,59
15,decision_close_2024_3,history_lsa|lambda=10|scaling=column_standardized,history_lsa,10.0,column_standardized,0.21455938697318008,0.7337517113454437,1.216755998269455,123.38059591026655,59
15,decision_close_2024_3,history_qwen_all|lambda=0.001|scaling=fixed,history_qwen_all,0.001,fixed,0.5869125683060109,0.646004874038105,1.8244302255878637,145.8271558319719,59
15,decision_close_2024_3,history_qwen_all|lambda=0.01|scaling=fixed,history_qwen_all,0.01,fixed,0.5901443217785047,0.6064795181065495,1.1684759011813193,129.03611178303663,59
15,decision_close_2024_3,history_qwen_all|lambda=0.1|scaling=fixed,history_qwen_all,0.1,fixed,0.5742479568770649,0.56398886372725,0.9591627379132076,113.19848273120608,59
15,decision_close_2024_3,history_qwen_all|lambda=1|scaling=fixed,history_qwen_all,1.0,fixed,0.21455938697318008,0.6630434676605967,1.0812338087782314,108.22700327420296,59
15,decision_close_2024_3,history_qwen_all|lambda=10|scaling=fixed,history_qwen_all,10.0,fixed,0.21455938697318008,0.7448540582046133,1.2399882957830006,125.65138277907924,59
15,decision_close_2024_3,history_qwen_inflation|lambda=0.001|scaling=fixed,history_qwen_inflation,0.001,fixed,0.6451231527093596,0.5733842811587394,1.785072011344885,140.66093791248974,59
15,decision_close_2024_3,history_qwen_inflation|lambda=0.01|scaling=fixed,history_qwen_inflation,0.01,fixed,0.652884451271548,0.5236313362084775,1.1204270084035057,126.72866762354235,59
15,decision_close_2024_3,history_qwen_inflation|lambda=0.1|scaling=fixed,history_qwen_inflation,0.1,fixed,0.5742479568770649,0.5350683673555878,0.9408147088920171,113.39963013544717,59
15,decision_close_2024_3,history_qwen_inflation|lambda=1|scaling=fixed,history_qwen_inflation,1.0,fixed,0.21455938697318008,0.6633675335095015,1.0813277512067923,109.51172486610541,59
15,decision_close_2024_3,history_qwen_inflation|lambda=10|scaling=fixed,history_qwen_inflation,10.0,fixed,0.21455938697318008,0.7461500785546963,1.242863404290207,125.55255078569687,59
15,decision_close_2024_3,history_qwen_demand|lambda=0.001|scaling=fixed,history_qwen_demand,0.001,fixed,0.6283416417414424,0.6267176959313385,1.7255882257879158,136.7240065855456,59
15,decision_close_2024_3,history_qwen_demand|lambda=0.01|scaling=fixed,history_qwen_demand,0.01,fixed,0.6150506096158269,0.5646898927105598,1.0975147676121884,123.50091185305966,59
15,decision_close_2024_3,history_qwen_demand|lambda=0.1|scaling=fixed,history_qwen_demand,0.1,fixed,0.5742479568770649,0.5424947067410467,0.934208278020139,110.22012359376335,59
15,decision_close_2024_3,history_qwen_demand|lambda=1|scaling=fixed,history_qwen_demand,1.0,fixed,0.21455938697318008,0.6651007583997105,1.0812347338428736,107.45384228777489,59
15,decision_close_2024_3,history_qwen_demand|lambda=10|scaling=fixed,history_qwen_demand,10.0,fixed,0.21455938697318008,0.7463427024086632,1.2428966955361345,125.71070536866914,59
15,decision_close_2024_3,history_qwen_forward|lambda=0.001|scaling=fixed,history_qwen_forward,0.001,fixed,0.5930078776378587,0.6171309626988044,1.6479130900106382,134.36874624095577,59
15,decision_close_2024_3,history_qwen_forward|lambda=0.01|scaling=fixed,history_qwen_forward,0.01,fixed,0.5846017781501653,0.5687833744575581,1.0811250401266734,123.63772116135273,59
15,decision_close_2024_3,history_qwen_forward|lambda=0.1|scaling=fixed,history_qwen_forward,0.1,fixed,0.551994301994302,0.5517386263160902,0.9245216934964631,111.28684585387168,59
15,decision_close_2024_3,history_qwen_forward|lambda=1|scaling=fixed,history_qwen_forward,1.0,fixed,0.21455938697318008,0.664463440806819,1.0748207199289748,107.46195145016291,59
15,decision_close_2024_3,history_qwen_forward|lambda=10|scaling=fixed,history_qwen_forward,10.0,fixed,0.21455938697318008,0.7461222725879038,1.2417552797158502,125.26535498569775,59
15,decision_close_2024_3,history_qwen_scores_only|lambda=0.001|scaling=fixed,history_qwen_scores_only,0.001,fixed,0.5984081140083255,0.6116509204602197,1.6048453308943667,145.31228195788594,59
15,decision_close_2024_3,history_qwen_scores_only|lambda=0.01|scaling=fixed,history_qwen_scores_only,0.01,fixed,0.5762157382847038,0.5903969135817864,1.082405101629389,129.32700480814808,59
15,decision_close_2024_3,history_qwen_scores_only|lambda=0.1|scaling=fixed,history_qwen_scores_only,0.1,fixed,0.5575952526204869,0.5495837922365918,0.9219148164724114,113.32437231760508,59
15,decision_close_2024_3,history_qwen_scores_only|lambda=1|scaling=fixed,history_qwen_scores_only,1.0,fixed,0.21455938697318008,0.6708932698964732,1.0828307677676934,106.91204758784107,59
15,decision_close_2024_3,history_qwen_scores_only|lambda=10|scaling=fixed,history_qwen_scores_only,10.0,fixed,0.21455938697318008,0.7471452501328681,1.243664970553201,125.03709363656428,59
15,decision_close_2024_3,history_qwen_missing_only|lambda=0.001|scaling=fixed,history_qwen_missing_only,0.001,fixed,0.6451231527093596,0.5952439936177821,1.6056041971430284,134.6484471664613,59
15,decision_close_2024_3,history_qwen_missing_only|lambda=0.01|scaling=fixed,history_qwen_missing_only,0.01,fixed,0.6150506096158269,0.5439034806714336,1.0790085566492613,123.56845871678748,59
15,decision_close_2024_3,history_qwen_missing_only|lambda=0.1|scaling=fixed,history_qwen_missing_only,0.1,fixed,0.5742479568770649,0.5444840806256348,0.9458874661352114,111.22237710568024,59
15,decision_close_2024_3,history_qwen_missing_only|lambda=1|scaling=fixed,history_qwen_missing_only,1.0,fixed,0.21455938697318008,0.6601668713875231,1.0802636303145903,109.11021767373403,59
15,decision_close_2024_3,history_qwen_missing_only|lambda=10|scaling=fixed,history_qwen_missing_only,10.0,fixed,0.21455938697318008,0.7446812571378814,1.240303985319261,126.04549920373582,59
15,decision_close_2024_3,proxy_market|lambda=0.001|scaling=fixed,proxy_market,0.001,fixed,0.6066974568281359,0.6750796551027326,2.760741925698508,158.56665625275775,59
15,decision_close_2024_3,proxy_market|lambda=0.01|scaling=fixed,proxy_market,0.01,fixed,0.6218821070748048,0.6046494575102861,1.394503691792305,142.38345574795974,59
15,decision_close_2024_3,proxy_market|lambda=0.1|scaling=fixed,proxy_market,0.1,fixed,0.6760617760617761,0.5279919191590318,0.9744947894764061,118.6083878215877,59
15,decision_close_2024_3,proxy_market|lambda=1|scaling=fixed,proxy_market,1.0,fixed,0.4376079198802809,0.6224248783920745,1.0250279105178761,111.48876036272445,59
15,decision_close_2024_3,proxy_market|lambda=10|scaling=fixed,proxy_market,10.0,fixed,0.21455938697318008,0.7256184898936495,1.2076385953322135,125.31510741330837,59
15,decision_close_2024_3,proxy_market_lsa|lambda=0.001|scaling=row_only,proxy_market_lsa,0.001,row_only,0.6079883805374001,0.6630325879950122,2.731013580183086,158.2594514134643,59
15,decision_close_2024_3,proxy_market_lsa|lambda=0.01|scaling=row_only,proxy_market_lsa,0.01,row_only,0.6218821070748048,0.5965316400544083,1.3754712324701992,141.369906561916,59
15,decision_close_2024_3,proxy_market_lsa|lambda=0.1|scaling=row_only,proxy_market_lsa,0.1,row_only,0.6607251279382427,0.52437655286079,0.9669538426295358,118.53123428870644,59
15,decision_close_2024_3,proxy_market_lsa|lambda=1|scaling=row_only,proxy_market_lsa,1.0,row_only,0.4376079198802809,0.6192715040546237,1.0207486909790577,111.60678422247838,59
15,decision_close_2024_3,proxy_market_lsa|lambda=10|scaling=row_only,proxy_market_lsa,10.0,row_only,0.21455938697318008,0.7248556002891605,1.2062151979046989,125.26869924048498,59
15,decision_close_2024_3,proxy_market_lsa|lambda=0.001|scaling=column_standardized,proxy_market_lsa,0.001,column_standardized,0.6266546870320454,0.6915955885751843,2.729846886096732,162.44082884987205,59
15,decision_close_2024_3,proxy_market_lsa|lambda=0.01|scaling=column_standardized,proxy_market_lsa,0.01,column_standardized,0.6771241830065359,0.5813744017781064,1.3345580081204211,143.93161279328135,59
15,decision_close_2024_3,proxy_market_lsa|lambda=0.1|scaling=column_standardized,proxy_market_lsa,0.1,column_standardized,0.6696279920303502,0.499287461346878,0.9191692712593366,117.91164863456675,59
15,decision_close_2024_3,proxy_market_lsa|lambda=1|scaling=column_standardized,proxy_market_lsa,1.0,column_standardized,0.5228934404977962,0.5852709428659969,0.9737021730669951,111.94975845559236,59
15,decision_close_2024_3,proxy_market_lsa|lambda=10|scaling=column_standardized,proxy_market_lsa,10.0,column_standardized,0.21455938697318008,0.7145384356939158,1.1853648825642742,123.21478976969361,59
15,decision_close_2024_3,history_transformer|lambda=0.001|scaling=fixed,history_transformer,0.001,fixed,0.6410383325083869,0.6227785388887684,1.973557965372239,102.3078863663433,59
15,decision_close_2024_3,history_transformer|lambda=0.01|scaling=fixed,history_transformer,0.01,fixed,0.6250086758561335,0.6043456504270186,1.5539863893525587,102.56573011649685,59
15,decision_close_2024_3,history_transformer|lambda=0.1|scaling=fixed,history_transformer,0.1,fixed,0.6084175084175084,0.5724125513641206,1.203937344784383,104.59246416282782,59
15,decision_close_2024_3,history_transformer|lambda=1|scaling=fixed,history_transformer,1.0,fixed,0.6084175084175084,0.5505674775837582,1.0033537932252963,115.33953181829204,59
15,decision_close_2024_3,history_transformer|lambda=10|scaling=fixed,history_transformer,10.0,fixed,0.49256949256949256,0.6032493424631534,1.0266390463025505,130.3546856679832,59
16,decision_close_2024_4,history|lambda=0.001|scaling=fixed,history,0.001,fixed,0.6481146304675716,0.5648820188334589,1.3593541550186847,134.0825937184362,60
16,decision_close_2024_4,history|lambda=0.01|scaling=fixed,history,0.01,fixed,0.6078874024526199,0.5302805848837789,0.9814082144549431,122.81598871734465,60
16,decision_close_2024_4,history|lambda=0.1|scaling=fixed,history,0.1,fixed,0.5457380457380457,0.5414991402633301,0.9154623124627974,110.8262258963536,60
16,decision_close_2024_4,history|lambda=1|scaling=fixed,history,1.0,fixed,0.26731601731601734,0.6641898711685675,1.0765773110142853,108.79012514023567,60
16,decision_close_2024_4,history|lambda=10|scaling=fixed,history,10.0,fixed,0.21722846441947566,0.7381003799617424,1.2311807968063762,124.75195726997079,60
16,decision_close_2024_4,history_tfidf|lambda=0.001|scaling=row_only,history_tfidf,0.001,row_only,0.6274539020301733,0.5792667880429551,1.4226481133028075,125.70756202746006,60
16,decision_close_2024_4,history_tfidf|lambda=0.01|scaling=row_only,history_tfidf,0.01,row_only,0.6041666666666666,0.5210551650235152,0.9667117002366705,117.30412099202812,60
16,decision_close_2024_4,history_tfidf|lambda=0.1|scaling=row_only,history_tfidf,0.1,row_only,0.5457380457380457,0.5311637631360717,0.8975918939206936,109.59999028658419,60
16,decision_close_2024_4,history_tfidf|lambda=1|scaling=row_only,history_tfidf,1.0,row_only,0.26731601731601734,0.6590426744563367,1.0687590642236746,108.88748600469539,60
16,decision_close_2024_4,history_tfidf|lambda=10|scaling=row_only,history_tfidf,10.0,row_only,0.21722846441947566,0.7373863426343544,1.2297885277087137,124.70135618466735,60
16,decision_close_2024_4,history_tfidf|lambda=0.001|scaling=column_standardized,history_tfidf,0.001,column_standardized,0.6328649492583919,0.6432350901198824,2.074946561503251,101.74786524931415,60
16,decision_close_2024_4,history_tfidf|lambda=0.01|scaling=column_standardized,history_tfidf,0.01,column_standardized,0.6328649492583919,0.616786203574948,1.6653490702037934,101.75303150986232,60
16,decision_close_2024_4,history_tfidf|lambda=0.1|scaling=column_standardized,history_tfidf,0.1,column_standardized,0.6473385427102117,0.5760804131308863,1.2899102198575383,101.79371870197426,60
16,decision_close_2024_4,history_tfidf|lambda=1|scaling=column_standardized,history_tfidf,1.0,column_standardized,0.6473385427102117,0.5238077541512683,0.992899524720695,101.23939151761894,60
16,decision_close_2024_4,history_tfidf|lambda=10|scaling=column_standardized,history_tfidf,10.0,column_standardized,0.6004901960784313,0.5189924050134238,0.9007781166332455,104.61487160442992,60
16,decision_close_2024_4,history_lsa|lambda=0.001|scaling=row_only,history_lsa,0.001,row_only,0.5729656782288362,0.6268196739871328,1.6639241761686139,149.06041291321642,60
16,decision_close_2024_4,history_lsa|lambda=0.01|scaling=row_only,history_lsa,0.01,row_only,0.6080286738351254,0.5485806386998283,0.9799351361359019,129.3172833660212,60
16,decision_close_2024_4,history_lsa|lambda=0.1|scaling=row_only,history_lsa,0.1,row_only,0.5457380457380457,0.5314961123493384,0.895866002488055,112.04447643390431,60
16,decision_close_2024_4,history_lsa|lambda=1|scaling=row_only,history_lsa,1.0,row_only,0.26731601731601734,0.6576713995445943,1.0666754773907114,109.26576138650435,60
16,decision_close_2024_4,history_lsa|lambda=10|scaling=row_only,history_lsa,10.0,row_only,0.21722846441947566,0.7371479727585925,1.2293538326281148,124.73823503870123,60
16,decision_close_2024_4,history_lsa|lambda=0.001|scaling=column_standardized,history_lsa,0.001,column_standardized,0.6010025062656642,0.6485969323087034,2.3092382837738445,139.54830651511776,60
16,decision_close_2024_4,history_lsa|lambda=0.01|scaling=column_standardized,history_lsa,0.01,column_standardized,0.5981315313319301,0.6025474595324796,1.1558547619214783,139.90984003162268,60
16,decision_close_2024_4,history_lsa|lambda=0.1|scaling=column_standardized,history_lsa,0.1,column_standardized,0.5992741182494504,0.5243670333789354,0.8804866927261087,123.39150780250678,60
16,decision_close_2024_4,history_lsa|lambda=1|scaling=column_standardized,history_lsa,1.0,column_standardized,0.37495700034399726,0.6059646662593658,0.9937541526813781,112.575756751885,60
16,decision_close_2024_4,history_lsa|lambda=10|scaling=column_standardized,history_lsa,10.0,column_standardized,0.21722846441947566,0.7252861246493888,1.2046571197246427,122.9781964762657,60
16,decision_close_2024_4,history_qwen_all|lambda=0.001|scaling=fixed,history_qwen_all,0.001,fixed,0.5905555555555555,0.6416918052139972,1.8036879035226314,144.82079003129323,60
16,decision_close_2024_4,history_qwen_all|lambda=0.01|scaling=fixed,history_qwen_all,0.01,fixed,0.579430434036713,0.6061848068540896,1.1621237057468394,128.32832326024894,60
16,decision_close_2024_4,history_qwen_all|lambda=0.1|scaling=fixed,history_qwen_all,0.1,fixed,0.5630511463844797,0.5672896269103753,0.9600824302914658,113.02376691344908,60
16,decision_close_2024_4,history_qwen_all|lambda=1|scaling=fixed,history_qwen_all,1.0,fixed,0.21722846441947566,0.6581577384503319,1.0741260501490189,108.80609358245958,60
16,decision_close_2024_4,history_qwen_all|lambda=10|scaling=fixed,history_qwen_all,10.0,fixed,0.21722846441947566,0.7358956733993094,1.2270698927188795,124.87080564501441,60
16,decision_close_2024_4,history_qwen_inflation|lambda=0.001|scaling=fixed,history_qwen_inflation,0.001,fixed,0.6340473086235798,0.5873970504406629,1.785955635925382,141.05120619749277,60
16,decision_close_2024_4,history_qwen_inflation|lambda=0.01|scaling=fixed,history_qwen_inflation,0.01,fixed,0.6413037634408602,0.5382880476457288,1.1320663753894433,127.36048741440784,60
16,decision_close_2024_4,history_qwen_inflation|lambda=0.1|scaling=fixed,history_qwen_inflation,0.1,fixed,0.5630511463844797,0.5441923852951925,0.947866925264243,114.44149845592693,60
16,decision_close_2024_4,history_qwen_inflation|lambda=1|scaling=fixed,history_qwen_inflation,1.0,fixed,0.21722846441947566,0.6591471033219671,1.0748936180693056,110.7898820688734,60
16,decision_close_2024_4,history_qwen_inflation|lambda=10|scaling=fixed,history_qwen_inflation,10.0,fixed,0.21722846441947566,0.7372133252601256,1.229958277741698,124.91642753654087,60
16,decision_close_2024_4,history_qwen_demand|lambda=0.001|scaling=fixed,history_qwen_demand,0.001,fixed,0.6318611378977821,0.6214867285429562,1.7052182619595275,134.74720390916076,60
16,decision_close_2024_4,history_qwen_demand|lambda=0.01|scaling=fixed,history_qwen_demand,0.01,fixed,0.6041666666666666,0.5639724817313077,1.0912320364944788,121.783839538557,60
16,decision_close_2024_4,history_qwen_demand|lambda=0.1|scaling=fixed,history_qwen_demand,0.1,fixed,0.5630511463844797,0.5460447399646122,0.9359469268727486,109.17395968648793,60
16,decision_close_2024_4,history_qwen_demand|lambda=1|scaling=fixed,history_qwen_demand,1.0,fixed,0.21722846441947566,0.6607677587467927,1.074979849593032,107.68510785230002,60
16,decision_close_2024_4,history_qwen_demand|lambda=10|scaling=fixed,history_qwen_demand,10.0,fixed,0.21722846441947566,0.737462056893533,1.2300759021291758,124.88039023429573,60
16,decision_close_2024_4,history_qwen_forward|lambda=0.001|scaling=fixed,history_qwen_forward,0.001,fixed,0.5828360329639102,0.6194974996623767,1.6364045689559652,133.6122910567444,60
16,decision_close_2024_4,history_qwen_forward|lambda=0.01|scaling=fixed,history_qwen_forward,0.01,fixed,0.5739192600049606,0.5739979244808072,1.0813911540031893,123.10043517698627,60
16,decision_close_2024_4,history_qwen_forward|lambda=0.1|scaling=fixed,history_qwen_forward,0.1,fixed,0.5408868148594176,0.55793246865731,0.9290070253636392,111.35820505006805,60
16,decision_close_2024_4,history_qwen_forward|lambda=1|scaling=fixed,history_qwen_forward,1.0,fixed,0.21722846441947566,0.6603546073216368,1.0687330069423082,108.38008590244179,60
16,decision_close_2024_4,history_qwen_forward|lambda=10|scaling=fixed,history_qwen_forward,10.0,fixed,0.21722846441947566,0.7372193700521723,1.2289162515712049,124.58757937266559,60
16,decision_close_2024_4,history_qwen_scores_only|lambda=0.001|scaling=fixed,history_qwen_scores_only,0.001,fixed,0.6017041500912469,0.6079229879145764,1.587775212996296,144.44247480200568,60
16,decision_close_2024_4,history_qwen_scores_only|lambda=0.01|scaling=fixed,history_qwen_scores_only,0.01,fixed,0.5661302681992337,0.590858399625749,1.077962820403483,128.7377441204667,60
16,decision_close_2024_4,history_qwen_scores_only|lambda=0.1|scaling=fixed,history_qwen_scores_only,0.1,fixed,0.5457380457380457,0.5545391061363995,0.9250183438907804,113.24333155224512,60
16,decision_close_2024_4,history_qwen_scores_only|lambda=1|scaling=fixed,history_qwen_scores_only,1.0,fixed,0.21722846441947566,0.6668086337890232,1.0768702061738271,107.57707863786308,60
16,decision_close_2024_4,history_qwen_scores_only|lambda=10|scaling=fixed,history_qwen_scores_only,10.0,fixed,0.21722846441947566,0.7382617177269869,1.2308461011147998,124.3024695410385,60
16,decision_close_2024_4,history_qwen_missing_only|lambda=0.001|scaling=fixed,history_qwen_missing_only,0.001,fixed,0.6340473086235798,0.6015211827872432,1.5987497547201233,133.99607033979456,60
16,decision_close_2024_4,history_qwen_missing_only|lambda=0.01|scaling=fixed,history_qwen_missing_only,0.01,fixed,0.6041666666666666,0.5529556845321386,1.0833448941647208,123.12969874855519,60
16,decision_close_2024_4,history_qwen_missing_only|lambda=0.1|scaling=fixed,history_qwen_missing_only,0.1,fixed,0.5630511463844797,0.5517831359452441,0.9511163433482068,111.34448706368502,60
16,decision_close_2024_4,history_qwen_missing_only|lambda=1|scaling=fixed,history_qwen_missing_only,1.0,fixed,0.21722846441947566,0.6555633660165407,1.0733967656988057,109.97550413101649,60
16,decision_close_2024_4,history_qwen_missing_only|lambda=10|scaling=fixed,history_qwen_missing_only,10.0,fixed,0.21722846441947566,0.7357252751718651,1.2273794897098054,125.31877106711441,60
16,decision_close_2024_4,proxy_market|lambda=0.001|scaling=fixed,proxy_market,0.001,fixed,0.5982661583151779,0.6923191220902195,2.7577947415757778,160.5519589665861,60
16,decision_close_2024_4,proxy_market|lambda=0.01|scaling=fixed,proxy_market,0.01,fixed,0.6128384687208217,0.6191509541972795,1.4039492913242329,144.50264761311354,60
16,decision_close_2024_4,proxy_market|lambda=0.1|scaling=fixed,proxy_market,0.1,fixed,0.6635786307917456,0.5404269378969209,0.9856578536676401,120.69045243361266,60
16,decision_close_2024_4,proxy_market|lambda=1|scaling=fixed,proxy_market,1.0,fixed,0.42835692835692835,0.6236490625133359,1.0251680683038298,113.50116481558477,60
16,decision_close_2024_4,proxy_market|lambda=10|scaling=fixed,proxy_market,10.0,fixed,0.21722846441947566,0.7179974448993792,1.1966655651461957,125.28274734363536,60
16,decision_close_2024_4,proxy_market_lsa|lambda=0.001|scaling=row_only,proxy_market_lsa,0.001,row_only,0.5993789891323098,0.6671342041707045,2.704196365085103,157.99405039194096,60
16,decision_close_2024_4,proxy_market_lsa|lambda=0.01|scaling=row_only,proxy_market_lsa,0.01,row_only,0.6128384687208217,0.6086575414469704,1.3806778244728133,142.3414230538866,60
16,decision_close_2024_4,proxy_market_lsa|lambda=0.1|scaling=row_only,proxy_market_lsa,0.1,row_only,0.6483653741718257,0.5363362093222535,0.9775243346522842,120.44600985660972,60
16,decision_close_2024_4,proxy_market_lsa|lambda=1|scaling=row_only,proxy_market_lsa,1.0,row_only,0.42835692835692835,0.620582279501129,1.020988806326522,113.62914110968858,60
16,decision_close_2024_4,proxy_market_lsa|lambda=10|scaling=row_only,proxy_market_lsa,10.0,row_only,0.21722846441947566,0.7172658572216655,1.195290700200711,125.25133760549956,60
16,decision_close_2024_4,proxy_market_lsa|lambda=0.001|scaling=column_standardized,proxy_market_lsa,0.001,column_standardized,0.6314574314574314,0.6804714338036878,2.686512614060772,162.21308392075397,60
16,decision_close_2024_4,proxy_market_lsa|lambda=0.01|scaling=column_standardized,proxy_market_lsa,0.01,column_standardized,0.6666321660629061,0.5891528810252901,1.3339602833529847,143.54273006108482,60
16,decision_close_2024_4,proxy_market_lsa|lambda=0.1|scaling=column_standardized,proxy_market_lsa,0.1,column_standardized,0.6574074074074074,0.5107530114279341,0.9293251369291156,118.42596055562176,60
16,decision_close_2024_4,proxy_market_lsa|lambda=1|scaling=column_standardized,proxy_market_lsa,1.0,column_standardized,0.5111704711024769,0.587080167837395,0.9744536192758108,113.86192671271708,60
16,decision_close_2024_4,proxy_market_lsa|lambda=10|scaling=column_standardized,proxy_market_lsa,10.0,column_standardized,0.21722846441947566,0.7072596225222836,1.1749678469756366,123.38090467407741,60
16,decision_close_2024_4,history_transformer|lambda=0.001|scaling=fixed,history_transformer,0.001,fixed,0.6281141320508344,0.6375831293594049,1.9745681516857794,107.74318948353455,60
16,decision_close_2024_4,history_transformer|lambda=0.01|scaling=fixed,history_transformer,0.01,fixed,0.612207860033947,0.6176930982674382,1.5584460312804447,107.82930952388448,60
16,decision_close_2024_4,history_transformer|lambda=0.1|scaling=fixed,history_transformer,0.1,fixed,0.5957340091338666,0.5842877492532015,1.2108738459047117,109.24502861305591,60
16,decision_close_2024_4,history_transformer|lambda=1|scaling=fixed,history_transformer,1.0,fixed,0.5957340091338666,0.5591086203256717,1.0090370580907853,119.36463791234857,60
16,decision_close_2024_4,history_transformer|lambda=10|scaling=fixed,history_transformer,10.0,fixed,0.481889338731444,0.602101090609498,1.0233357646960344,132.48505817510718,60
17,decision_close_2024_5,history|lambda=0.001|scaling=fixed,history,0.001,fixed,0.6375668047799196,0.5655016708817605,1.3516218227253085,134.14392383485594,61
17,decision_close_2024_5,history|lambda=0.01|scaling=fixed,history,0.01,fixed,0.611102098204629,0.5256547528987381,0.97367304370817,123.04108900743289,61
17,decision_close_2024_5,history|lambda=0.1|scaling=fixed,history,0.1,fixed,0.5347985347985348,0.5410421736724039,0.9133752264791521,111.27236658139137,61
17,decision_close_2024_5,history|lambda=1|scaling=fixed,history,1.0,fixed,0.2698412698412698,0.6589708403164496,1.0693526941821336,109.41969012395901,61
17,decision_close_2024_5,history|lambda=10|scaling=fixed,history,10.0,fixed,0.21978021978021978,0.729330483094764,1.2185197917928388,123.95195664025115,61
17,decision_close_2024_5,history_tfidf|lambda=0.001|scaling=row_only,history_tfidf,0.001,row_only,0.630973398186513,0.5730812709853331,1.406598706738475,125.65644221590006,61
17,decision_close_2024_5,history_tfidf|lambda=0.01|scaling=row_only,history_tfidf,0.01,row_only,0.6073232323232324,0.5161430024185261,0.9586518483405895,117.7225663123654,61
17,decision_close_2024_5,history_tfidf|lambda=0.1|scaling=row_only,history_tfidf,0.1,row_only,0.548582995951417,0.5301340805317426,0.8949822968920781,110.06797745968794,61
17,decision_close_2024_5,history_tfidf|lambda=1|scaling=row_only,history_tfidf,1.0,row_only,0.2698412698412698,0.6539037893742236,1.0616577677042394,109.52017316678736,61
17,decision_close_2024_5,history_tfidf|lambda=10|scaling=row_only,history_tfidf,10.0,row_only,0.21978021978021978,0.7286360528899247,1.2171616860400571,123.90882621038236,61
17,decision_close_2024_5,history_tfidf|lambda=0.001|scaling=column_standardized,history_tfidf,0.001,column_standardized,0.6365079365079365,0.632690256144409,2.0409367932750877,100.19231771898671,61
17,decision_close_2024_5,history_tfidf|lambda=0.01|scaling=column_standardized,history_tfidf,0.01,column_standardized,0.6365079365079365,0.6066751403214933,1.6380899825059518,100.19127970926964,61
17,decision_close_2024_5,history_tfidf|lambda=0.1|scaling=column_standardized,history_tfidf,0.1,column_standardized,0.6506987577639752,0.5666446107769614,1.2690440670463876,100.17332686170347,61
17,decision_close_2024_5,history_tfidf|lambda=1|scaling=column_standardized,history_tfidf,1.0,column_standardized,0.6506987577639752,0.5154702350127722,0.9782589073391417,99.95038025364568,61
17,decision_close_2024_5,history_tfidf|lambda=10|scaling=column_standardized,history_tfidf,10.0,column_standardized,0.6035714285714285,0.5129990674006271,0.8920990073925614,104.59939279414301,61
17,decision_close_2024_5,history_lsa|lambda=0.001|scaling=row_only,history_lsa,0.001,row_only,0.5631718553678626,0.6333797868882796,1.6592751935227918,147.07212688275735,61
17,decision_close_2024_5,history_lsa|lambda=0.01|scaling=row_only,history_lsa,0.01,row_only,0.6113888888888889,0.54420773485391,0.9731326940075895,128.5216813974512,61
17,decision_close_2024_5,history_lsa|lambda=0.1|scaling=row_only,history_lsa,0.1,row_only,0.548582995951417,0.5309022360512655,0.8937892831583741,112.38178420885082,61
17,decision_close_2024_5,history_lsa|lambda=1|scaling=row_only,history_lsa,1.0,row_only,0.2698412698412698,0.6526921428867599,1.0597760870065824,109.92954264313634,61
17,decision_close_2024_5,history_lsa|lambda=10|scaling=row_only,history_lsa,10.0,row_only,0.21978021978021978,0.728416078456171,1.2167548908837662,123.95915017630537,61
17,decision_close_2024_5,history_lsa|lambda=0.001|scaling=column_standardized,history_lsa,0.001,column_standardized,0.5904944353220215,0.6688041342009887,2.3313317465653007,137.48313540090695,61
17,decision_close_2024_5,history_lsa|lambda=0.01|scaling=column_standardized,history_lsa,0.01,column_standardized,0.6020215007678845,0.6002675766453616,1.1500767619128722,138.04760217338043,61
17,decision_close_2024_5,history_lsa|lambda=0.1|scaling=column_standardized,history_lsa,0.1,column_standardized,0.588791137178234,0.5242343711182926,0.8789034018703554,122.87422576298505,61
17,decision_close_2024_5,history_lsa|lambda=1|scaling=column_standardized,history_lsa,1.0,column_standardized,0.37754097967216266,0.6023767426759258,0.9885964509146427,113.41334139943069,61
17,decision_close_2024_5,history_lsa|lambda=10|scaling=column_standardized,history_lsa,10.0,column_standardized,0.21978021978021978,0.7169270902002811,1.1927163705507697,122.45806498407029,61
17,decision_close_2024_5,history_qwen_all|lambda=0.001|scaling=fixed,history_qwen_all,0.001,fixed,0.580770202020202,0.6463886919339555,1.794252807162047,143.29962690390184,61
17,decision_close_2024_5,history_qwen_all|lambda=0.01|scaling=fixed,history_qwen_all,0.01,fixed,0.5824587706146926,0.6017379824374458,1.1533567278304753,127.07621767498443,61
17,decision_close_2024_5,history_qwen_all|lambda=0.1|scaling=fixed,history_qwen_all,0.1,fixed,0.5658038991372325,0.5638668492550262,0.9549339870179264,112.1557313891958,61
17,decision_close_2024_5,history_qwen_all|lambda=1|scaling=fixed,history_qwen_all,1.0,fixed,0.21978021978021978,0.6520988117333932,1.065813506005885,108.6594922029975,61
17,decision_close_2024_5,history_qwen_all|lambda=10|scaling=fixed,history_qwen_all,10.0,fixed,0.21978021978021978,0.7270724460286352,1.2143473422942679,123.91206230579147,61
17,decision_close_2024_5,history_qwen_inflation|lambda=0.001|scaling=fixed,history_qwen_inflation,0.001,fixed,0.6239316239316239,0.5876411823354641,1.7709173090354755,140.70377444070812,61
17,decision_close_2024_5,history_qwen_inflation|lambda=0.01|scaling=fixed,history_qwen_inflation,0.01,fixed,0.6441446725317693,0.5331899723250837,1.121463876354226,127.23601754757969,61
17,decision_close_2024_5,history_qwen_inflation|lambda=0.1|scaling=fixed,history_qwen_inflation,0.1,fixed,0.5658038991372325,0.5432153283316921,0.9446792481383363,114.61969471604043,61
17,decision_close_2024_5,history_qwen_inflation|lambda=1|scaling=fixed,history_qwen_inflation,1.0,fixed,0.21978021978021978,0.6536458986518985,1.0672313987236612,111.27357477130253,61
17,decision_close_2024_5,history_qwen_inflation|lambda=10|scaling=fixed,history_qwen_inflation,10.0,fixed,0.21978021978021978,0.7284257450136224,1.2172710633401305,124.09027395725478,61
17,decision_close_2024_5,history_qwen_demand|lambda=0.001|scaling=fixed,history_qwen_demand,0.001,fixed,0.6219969278033793,0.6245493036592882,1.6945771072658116,133.65160714245457,61
17,decision_close_2024_5,history_qwen_demand|lambda=0.01|scaling=fixed,history_qwen_demand,0.01,fixed,0.6073232323232324,0.5589194833750876,1.0817695649546912,120.88182135378364,61
17,decision_close_2024_5,history_qwen_demand|lambda=0.1|scaling=fixed,history_qwen_demand,0.1,fixed,0.5658038991372325,0.5424849336474938,0.93065346210753,108.5405420639878,61
17,decision_close_2024_5,history_qwen_demand|lambda=1|scaling=fixed,history_qwen_demand,1.0,fixed,0.21978021978021978,0.6549262413750957,1.0670133710800644,107.61531277812574,61
17,decision_close_2024_5,history_qwen_demand|lambda=10|scaling=fixed,history_qwen_demand,10.0,fixed,0.21978021978021978,0.7286736529453485,1.2173909706491206,123.93681897737493,61
17,decision_close_2024_5,history_qwen_forward|lambda=0.001|scaling=fixed,history_qwen_forward,0.001,fixed,0.5732013457556936,0.6198625947104001,1.6257896704509365,133.60100060189745,61
17,decision_close_2024_5,history_qwen_forward|lambda=0.01|scaling=fixed,history_qwen_forward,0.01,fixed,0.5769475965829401,0.570986310218103,1.0748442206855766,123.25880842113708,61
17,decision_close_2024_5,history_qwen_forward|lambda=0.1|scaling=fixed,history_qwen_forward,0.1,fixed,0.5305865305865306,0.5574250976062294,0.9268748814947159,111.78100876588233,61
17,decision_close_2024_5,history_qwen_forward|lambda=1|scaling=fixed,history_qwen_forward,1.0,fixed,0.21978021978021978,0.6548166384322254,1.061121781837438,108.99684422145003,61
17,decision_close_2024_5,history_qwen_forward|lambda=10|scaling=fixed,history_qwen_forward,10.0,fixed,0.21978021978021978,0.7284273446599208,1.21623996469667,123.78951881591534,61
17,decision_close_2024_5,history_qwen_scores_only|lambda=0.001|scaling=fixed,history_qwen_scores_only,0.001,fixed,0.5913461538461539,0.611445903790503,1.5798694240580353,142.99975080847048,61
17,decision_close_2024_5,history_qwen_scores_only|lambda=0.01|scaling=fixed,history_qwen_scores_only,0.01,fixed,0.5693982420554429,0.585545731123434,1.0691995123786175,127.54562413575306,61
17,decision_close_2024_5,history_qwen_scores_only|lambda=0.1|scaling=fixed,history_qwen_scores_only,0.1,fixed,0.548582995951417,0.5515740931064336,0.9207467160752129,112.4214601194357,61
17,decision_close_2024_5,history_qwen_scores_only|lambda=1|scaling=fixed,history_qwen_scores_only,1.0,fixed,0.21978021978021978,0.6612931596862435,1.069421854140461,107.50253745172328,61
17,decision_close_2024_5,history_qwen_scores_only|lambda=10|scaling=fixed,history_qwen_scores_only,10.0,fixed,0.21978021978021978,0.7295054333180409,1.2182134977198462,123.38693750891504,61
17,decision_close_2024_5,history_qwen_missing_only|lambda=0.001|scaling=fixed,history_qwen_missing_only,0.001,fixed,0.6239316239316239,0.6018495757464681,1.587399351296036,133.94078167090228,61
17,decision_close_2024_5,history_qwen_missing_only|lambda=0.01|scaling=fixed,history_qwen_missing_only,0.01,fixed,0.6073232323232324,0.5481023926412067,1.0741722381757621,123.23959692179638,61
17,decision_close_2024_5,history_qwen_missing_only|lambda=0.1|scaling=fixed,history_qwen_missing_only,0.1,fixed,0.5658038991372325,0.550667623845611,0.9478657407439082,111.69638805151673,61
17,decision_close_2024_5,history_qwen_missing_only|lambda=1|scaling=fixed,history_qwen_missing_only,1.0,fixed,0.21978021978021978,0.6496963374948298,1.0651959086029297,110.50701942910447,61
17,decision_close_2024_5,history_qwen_missing_only|lambda=10|scaling=fixed,history_qwen_missing_only,10.0,fixed,0.21978021978021978,0.7268872591411679,1.214626855148196,124.47267248769316,61
17,decision_close_2024_5,proxy_market|lambda=0.001|scaling=fixed,proxy_market,0.001,fixed,0.5873917748917749,0.6916975162640242,2.729848197970461,162.63187916415285,61
17,decision_close_2024_5,proxy_market|lambda=0.01|scaling=fixed,proxy_market,0.01,fixed,0.6042700045496411,0.6182317700742138,1.3944864784354463,146.81803948570786,61
17,decision_close_2024_5,proxy_market|lambda=0.1|scaling=fixed,proxy_market,0.1,fixed,0.6519717473434165,0.5433845313823613,0.9855894819231314,122.73022233534844,61
17,decision_close_2024_5,proxy_market|lambda=1|scaling=fixed,proxy_market,1.0,fixed,0.41986633249791144,0.6221682161120445,1.0223531106981276,115.0018940541637,61
17,decision_close_2024_5,proxy_market|lambda=10|scaling=fixed,proxy_market,10.0,fixed,0.21978021978021978,0.7102973293155778,1.1856065142214764,125.06240084264829,61
17,decision_close_2024_5,proxy_market_lsa|lambda=0.001|scaling=row_only,proxy_market_lsa,0.001,row_only,0.5886328725038402,0.6720153948137289,2.6804255366659473,159.08749438862367,61
17,decision_close_2024_5,proxy_market_lsa|lambda=0.01|scaling=row_only,proxy_market_lsa,0.01,row_only,0.6173540680640072,0.6049967026010643,1.3690351414970374,143.78567984537122,61
17,decision_close_2024_5,proxy_market_lsa|lambda=0.1|scaling=row_only,proxy_market_lsa,0.1,row_only,0.6368760064412239,0.5388461319879785,0.977153616654761,122.26941906724939,61
17,decision_close_2024_5,proxy_market_lsa|lambda=1|scaling=row_only,proxy_market_lsa,1.0,row_only,0.41986633249791144,0.6192043232416039,1.018297859273923,115.13752768378468,61
17,decision_close_2024_5,proxy_market_lsa|lambda=10|scaling=row_only,proxy_market_lsa,10.0,row_only,0.21978021978021978,0.7095974737329162,1.1842811094571204,125.04587425051959,61
17,decision_close_2024_5,proxy_market_lsa|lambda=0.001|scaling=column_standardized,proxy_market_lsa,0.001,column_standardized,0.620899470899471,0.7011892049682105,2.7138448058909095,163.25216596461968,61
17,decision_close_2024_5,proxy_market_lsa|lambda=0.01|scaling=column_standardized,proxy_market_lsa,0.01,column_standardized,0.67067257010331,0.5853553089350326,1.322987642663759,144.1454361257034,61
17,decision_close_2024_5,proxy_market_lsa|lambda=0.1|scaling=column_standardized,proxy_market_lsa,0.1,column_standardized,0.645986642380085,0.5124059066858782,0.9285031073737552,119.12091484190665,61
17,decision_close_2024_5,proxy_market_lsa|lambda=1|scaling=column_standardized,proxy_market_lsa,1.0,column_standardized,0.5003648969166211,0.58625329416588,0.9723838002312465,115.28905054550226,61
17,decision_close_2024_5,proxy_market_lsa|lambda=10|scaling=column_standardized,proxy_market_lsa,10.0,column_standardized,0.21978021978021978,0.6999033277382015,1.164489175592131,123.36063826671365,61
17,decision_close_2024_5,history_transformer|lambda=0.001|scaling=fixed,history_transformer,0.001,fixed,0.632004101486789,0.6271337977653999,1.942351768316433,109.8977283752765,61
17,decision_close_2024_5,history_transformer|lambda=0.01|scaling=fixed,history_transformer,0.01,fixed,0.6161505123636961,0.60760654763348,1.5334775664587492,109.83382733833608,61
17,decision_close_2024_5,history_transformer|lambda=0.1|scaling=fixed,history_transformer,0.1,fixed,0.5997239475500346,0.5750968440850291,1.192919326377003,110.9408044997484,61
17,decision_close_2024_5,history_transformer|lambda=1|scaling=fixed,history_transformer,1.0,fixed,0.5997239475500346,0.5525184288366276,0.9981290599090347,121.05326001049724,61
17,decision_close_2024_5,history_transformer|lambda=10|scaling=fixed,history_transformer,10.0,fixed,0.4850062218483271,0.5978766983715592,1.016751814046228,133.54720116221588,61
18,decision_close_2024_6,history|lambda=0.001|scaling=fixed,history,0.001,fixed,0.627515853322305,0.5657483713836743,1.3431950106125068,133.08034932037367,62
18,decision_close_2024_6,history|lambda=0.01|scaling=fixed,history,0.01,fixed,0.6014234415768943,0.527249331015034,0.9723510858023566,122.08895743225017,62
18,decision_close_2024_6,history|lambda=0.1|scaling=fixed,history,0.1,fixed,0.5376845376845377,0.5378146747535206,0.9090617214905229,110.01391161785854,62
18,decision_close_2024_6,history|lambda=1|scaling=fixed,history,1.0,fixed,0.2722567287784679,0.6526623199275029,1.0609520597458306,108.45710796301773,62
18,decision_close_2024_6,history|lambda=10|scaling=fixed,history,10.0,fixed,0.2222222222222222,0.7206844900220896,1.2060340304859638,122.76408893266495,62
18,decision_close_2024_6,history_tfidf|lambda=0.001|scaling=row_only,history_tfidf,0.001,row_only,0.6342694342694343,0.5655029299289545,1.3887937862561148,124.2496037536679,62
18,decision_close_2024_6,history_tfidf|lambda=0.01|scaling=row_only,history_tfidf,0.01,row_only,0.6102941176470589,0.5128843615004822,0.9524645148780497,116.51788897881812,62
18,decision_close_2024_6,history_tfidf|lambda=0.1|scaling=row_only,history_tfidf,0.1,row_only,0.5512820512820512,0.5263427236469234,0.8899945959831702,108.80791735202456,62
18,decision_close_2024_6,history_tfidf|lambda=1|scaling=row_only,history_tfidf,1.0,row_only,0.2722567287784679,0.6476789347484353,1.0533829586253334,108.57140499906794,62
18,decision_close_2024_6,history_tfidf|lambda=10|scaling=row_only,history_tfidf,10.0,row_only,0.2222222222222222,0.7200082016750905,1.204708001843284,122.72948235508339,62
18,decision_close_2024_6,history_tfidf|lambda=0.001|scaling=column_standardized,history_tfidf,0.001,column_standardized,0.63992673992674,0.6224857412860262,2.0080555296849476,99.5224824078952,62
18,decision_close_2024_6,history_tfidf|lambda=0.01|scaling=column_standardized,history_tfidf,0.01,column_standardized,0.63992673992674,0.5968928117946916,1.6118217859005504,99.52274167940045,62
18,decision_close_2024_6,history_tfidf|lambda=0.1|scaling=column_standardized,history_tfidf,0.1,column_standardized,0.6538553234205408,0.5575451034600861,1.2491745430409185,99.5169156529911,62
18,decision_close_2024_6,history_tfidf|lambda=1|scaling=column_standardized,history_tfidf,1.0,column_standardized,0.6538553234205408,0.5075854510303737,0.9645996174152821,99.37958230583867,62
18,decision_close_2024_6,history_tfidf|lambda=10|scaling=column_standardized,history_tfidf,10.0,column_standardized,0.6064814814814815,0.5069165514411891,0.883262710265712,104.38454600879429,62
18,decision_close_2024_6,history_lsa|lambda=0.001|scaling=row_only,history_lsa,0.001,row_only,0.5673864147548358,0.6311046487795523,1.6456671658367652,145.32345588868898,62
18,decision_close_2024_6,history_lsa|lambda=0.01|scaling=row_only,history_lsa,0.01,row_only,0.6145454545454546,0.5426698141574701,0.969249691590975,127.16425152513432,62
18,decision_close_2024_6,history_lsa|lambda=0.1|scaling=row_only,history_lsa,0.1,row_only,0.5512820512820512,0.52728344044422,0.8890742084844473,111.02194857709613,62
18,decision_close_2024_6,history_lsa|lambda=1|scaling=row_only,history_lsa,1.0,row_only,0.2722567287784679,0.6465962477053968,1.0516780464185527,109.02981706422102,62
18,decision_close_2024_6,history_lsa|lambda=10|scaling=row_only,history_lsa,10.0,row_only,0.2222222222222222,0.7198054199067233,1.204327722646632,122.79547195368077,62
18,decision_close_2024_6,history_lsa|lambda=0.001|scaling=column_standardized,history_lsa,0.001,column_standardized,0.5947089947089947,0.662892907465379,2.302130469664606,135.94345425599363,62
18,decision_close_2024_6,history_lsa|lambda=0.01|scaling=column_standardized,history_lsa,0.01,column_standardized,0.6056644880174292,0.595522262640594,1.1411354539556051,136.48528922414323,62
18,decision_close_2024_6,history_lsa|lambda=0.1|scaling=column_standardized,history_lsa,0.1,column_standardized,0.591921027632068,0.5209742353956833,0.8745494265206563,120.97864206779415,62
18,decision_close_2024_6,history_lsa|lambda=1|scaling=column_standardized,history_lsa,1.0,column_standardized,0.3800075053945023,0.5978612407784484,0.9825879612772759,113.02467315391844,62
18,decision_close_2024_6,history_lsa|lambda=10|scaling=column_standardized,history_lsa,10.0,column_standardized,0.2222222222222222,0.7087005968754542,1.180965927202646,121.60281630623523,62
18,decision_close_2024_6,history_qwen_all|lambda=0.001|scaling=fixed,history_qwen_all,0.001,fixed,0.5714630467571644,0.6500180492281723,1.7847101240669812,141.06452585923893,62
18,decision_close_2024_6,history_qwen_all|lambda=0.01|scaling=fixed,history_qwen_all,0.01,fixed,0.5730158730158731,0.6067543769147896,1.1557714287843137,125.05266212771686,62
18,decision_close_2024_6,history_qwen_all|lambda=0.1|scaling=fixed,history_qwen_all,0.1,fixed,0.5684117701661561,0.5647055997601926,0.9560211087336121,110.65239239439447,62
18,decision_close_2024_6,history_qwen_all|lambda=1|scaling=fixed,history_qwen_all,1.0,fixed,0.2222222222222222,0.6480759675735852,1.0603884154204803,108.065817704841,62
18,decision_close_2024_6,history_qwen_all|lambda=10|scaling=fixed,history_qwen_all,10.0,fixed,0.2222222222222222,0.7187940381028375,1.2024031948585066,122.8491623509327,62
18,decision_close_2024_6,history_qwen_inflation|lambda=0.001|scaling=fixed,history_qwen_inflation,0.001,fixed,0.6142826306760732,0.5871260433781992,1.7551975933764683,139.05226926631966,62
18,decision_close_2024_6,history_qwen_inflation|lambda=0.01|scaling=fixed,history_qwen_inflation,0.01,fixed,0.6338059701492537,0.535757384853374,1.1189671103154413,125.75632087784324,62
18,decision_close_2024_6,history_qwen_inflation|lambda=0.1|scaling=fixed,history_qwen_inflation,0.1,fixed,0.5684117701661561,0.5423621146661366,0.9430553140230562,112.95956796473628,62
18,decision_close_2024_6,history_qwen_inflation|lambda=1|scaling=fixed,history_qwen_inflation,1.0,fixed,0.2222222222222222,0.6484677425313451,1.0602781511075874,110.42197792060064,62
18,decision_close_2024_6,history_qwen_inflation|lambda=10|scaling=fixed,history_qwen_inflation,10.0,fixed,0.2222222222222222,0.7199130257625541,1.2049762752714825,122.93545995049608,62
18,decision_close_2024_6,history_qwen_demand|lambda=0.001|scaling=fixed,history_qwen_demand,0.001,fixed,0.6125925925925926,0.6244712099149189,1.6815978099657702,131.87712768222067,62
18,decision_close_2024_6,history_qwen_demand|lambda=0.01|scaling=fixed,history_qwen_demand,0.01,fixed,0.5975425900799035,0.5623419026262775,1.0820674322549009,119.24549696610944,62
18,decision_close_2024_6,history_qwen_demand|lambda=0.1|scaling=fixed,history_qwen_demand,0.1,fixed,0.5684117701661561,0.5428774839176568,0.9310209457112898,106.90440588489405,62
18,decision_close_2024_6,history_qwen_demand|lambda=1|scaling=fixed,history_qwen_demand,1.0,fixed,0.2222222222222222,0.6497620702395253,1.0601050905142273,106.97348897610932,62
18,decision_close_2024_6,history_qwen_demand|lambda=10|scaling=fixed,history_qwen_demand,10.0,fixed,0.2222222222222222,0.7201520761303445,1.2050875720331247,122.80581148566989,62
18,decision_close_2024_6,history_qwen_forward|lambda=0.001|scaling=fixed,history_qwen_forward,0.001,fixed,0.5640158553202032,0.6245585502518937,1.6189783243258602,132.24000786441465,62
18,decision_close_2024_6,history_qwen_forward|lambda=0.01|scaling=fixed,history_qwen_forward,0.01,fixed,0.5675865800865801,0.577459208365999,1.0786381412114612,122.01537809576341,62
18,decision_close_2024_6,history_qwen_forward|lambda=0.1|scaling=fixed,history_qwen_forward,0.1,fixed,0.5334314807999019,0.5570663421330367,0.9265018834101345,110.29371931823765,62
18,decision_close_2024_6,history_qwen_forward|lambda=1|scaling=fixed,history_qwen_forward,1.0,fixed,0.2222222222222222,0.6495930067219473,1.0542264148883163,108.19014740684922,62
18,decision_close_2024_6,history_qwen_forward|lambda=10|scaling=fixed,history_qwen_forward,10.0,fixed,0.2222222222222222,0.7199098505646646,1.2039555765045544,122.65952943939409,62
18,decision_close_2024_6,history_qwen_scores_only|lambda=0.001|scaling=fixed,history_qwen_scores_only,0.001,fixed,0.5815073815073816,0.6123234471030622,1.5699202704338333,140.93438806587426,62
18,decision_close_2024_6,history_qwen_scores_only|lambda=0.01|scaling=fixed,history_qwen_scores_only,0.01,fixed,0.5599999999999999,0.5863473383329916,1.06744379552128,125.67532995921684,62
18,decision_close_2024_6,history_qwen_scores_only|lambda=0.1|scaling=fixed,history_qwen_scores_only,0.1,fixed,0.5512820512820512,0.5491056667141543,0.9175699033124964,110.76836311843944,62
18,decision_close_2024_6,history_qwen_scores_only|lambda=1|scaling=fixed,history_qwen_scores_only,1.0,fixed,0.2222222222222222,0.6550354525932254,1.061131826890101,106.77166330039957,62
18,decision_close_2024_6,history_qwen_scores_only|lambda=10|scaling=fixed,history_qwen_scores_only,10.0,fixed,0.2222222222222222,0.7208631680849861,1.2057426425600215,122.23070607727924,62
18,decision_close_2024_6,history_qwen_missing_only|lambda=0.001|scaling=fixed,history_qwen_missing_only,0.001,fixed,0.6142826306760732,0.6017375557234226,1.575319469293534,132.6250006160902,62
18,decision_close_2024_6,history_qwen_missing_only|lambda=0.01|scaling=fixed,history_qwen_missing_only,0.01,fixed,0.5975425900799035,0.5511508063382952,1.0732344368755884,122.0358534341663,62
18,decision_close_2024_6,history_qwen_missing_only|lambda=0.1|scaling=fixed,history_qwen_missing_only,0.1,fixed,0.5684117701661561,0.5505564120097004,0.9473309186688796,110.20763817201819,62
18,decision_close_2024_6,history_qwen_missing_only|lambda=1|scaling=fixed,history_qwen_missing_only,1.0,fixed,0.2222222222222222,0.6456649749118271,1.0597224314105358,109.7357534135849,62
18,decision_close_2024_6,history_qwen_missing_only|lambda=10|scaling=fixed,history_qwen_missing_only,10.0,fixed,0.2222222222222222,0.7186062842609341,1.202669810692974,123.38344977203995,62
18,decision_close_2024_6,proxy_market|lambda=0.001|scaling=fixed,proxy_market,0.001,fixed,0.5922827903091061,0.6830077744429776,2.6917386563479844,160.9193123664472,62
18,decision_close_2024_6,proxy_market|lambda=0.01|scaling=fixed,proxy_market,0.01,fixed,0.6088294257013905,0.6119249541053743,1.3799200576976691,145.39911340574298,62
18,decision_close_2024_6,proxy_market|lambda=0.1|scaling=fixed,proxy_market,0.1,fixed,0.6553319623971797,0.5391328668147916,0.9785953572027365,121.55474742782934,62
18,decision_close_2024_6,proxy_market|lambda=1|scaling=fixed,proxy_market,1.0,fixed,0.42344497607655507,0.6182843824509123,1.01700766879051,114.82024737332861,62
18,decision_close_2024_6,proxy_market|lambda=10|scaling=fixed,proxy_market,10.0,fixed,0.2222222222222222,0.7025288142111011,1.1744676334502404,124.39775240445667,62
18,decision_close_2024_6,proxy_market_lsa|lambda=0.001|scaling=row_only,proxy_market_lsa,0.001,row_only,0.5935589808782246,0.6618759775063139,2.6400176309224417,158.32077683554863,62
18,decision_close_2024_6,proxy_market_lsa|lambda=0.01|scaling=row_only,proxy_market_lsa,0.01,row_only,0.6215686274509804,0.59857245653839,1.3544223744034019,142.6545742844273,62
18,decision_close_2024_6,proxy_market_lsa|lambda=0.1|scaling=row_only,proxy_market_lsa,0.1,row_only,0.6402948098600273,0.534749139086348,0.9704211220420981,121.08964253281667,62
18,decision_close_2024_6,proxy_market_lsa|lambda=1|scaling=row_only,proxy_market_lsa,1.0,row_only,0.42344497607655507,0.6154248000806881,1.0130808012989738,114.98663461769544,62
18,decision_close_2024_6,proxy_market_lsa|lambda=10|scaling=row_only,proxy_market_lsa,10.0,row_only,0.2222222222222222,0.7018583362632379,1.1731889244657296,124.398993475576,62
18,decision_close_2024_6,proxy_market_lsa|lambda=0.001|scaling=column_standardized,proxy_market_lsa,0.001,column_standardized,0.6254150702426564,0.6899881856303675,2.671099390752496,162.41187256498543,62
18,decision_close_2024_6,proxy_market_lsa|lambda=0.01|scaling=column_standardized,proxy_market_lsa,0.01,column_standardized,0.6744390484460596,0.5781481291681091,1.3074294268473448,142.84170033197807,62
18,decision_close_2024_6,proxy_market_lsa|lambda=0.1|scaling=column_standardized,proxy_market_lsa,0.1,column_standardized,0.6496296296296297,0.5091771357205086,0.9229893246521178,117.75324025913375,62
18,decision_close_2024_6,proxy_market_lsa|lambda=1|scaling=column_standardized,proxy_market_lsa,1.0,column_standardized,0.5038684004201245,0.5833490393261608,0.9682139313435667,115.33286936090522,62
18,decision_close_2024_6,proxy_market_lsa|lambda=10|scaling=column_standardized,proxy_market_lsa,10.0,column_standardized,0.2222222222222222,0.6924919275376121,1.1539534446384265,122.94233785353407,62
18,decision_close_2024_6,history_transformer|lambda=0.001|scaling=fixed,history_transformer,0.001,fixed,0.6356470887363336,0.6174137650854054,1.9129152218706011,112.57766873074324,62
18,decision_close_2024_6,history_transformer|lambda=0.01|scaling=fixed,history_transformer,0.01,fixed,0.619846748922836,0.5988226478464909,1.5118984253566712,112.08900579336806,62
18,decision_close_2024_6,history_transformer|lambda=0.1|scaling=fixed,history_transformer,0.1,fixed,0.6034683512944383,0.5681164191269503,1.1787273506867044,111.62876189060962,62
18,decision_close_2024_6,history_transformer|lambda=1|scaling=fixed,history_transformer,1.0,fixed,0.6034683512944383,0.5478166029890217,0.9896944871336046,119.24220794777203,62
18,decision_close_2024_6,history_transformer|lambda=10|scaling=fixed,history_transformer,10.0,fixed,0.48796528809853257,0.5933994508188655,1.009971773797719,133.3604511837474,62
19,decision_close_2024_7,history|lambda=0.001|scaling=fixed,history,0.001,fixed,0.6179256179256178,0.5765757980879869,1.3467248591874672,132.85539642741543,63
19,decision_close_2024_7,history|lambda=0.01|scaling=fixed,history,0.01,fixed,0.5922136970730322,0.532277338715003,0.9737890648931412,121.98584107198823,63
19,decision_close_2024_7,history|lambda=0.1|scaling=fixed,history,0.1,fixed,0.5404244138421354,0.5340521077268734,0.9034104155538265,109.66530446553047,63
19,decision_close_2024_7,history|lambda=1|scaling=fixed,history,1.0,fixed,0.2745694022289767,0.6458030858163237,1.051772774959715,106.79652854305922,63
19,decision_close_2024_7,history|lambda=10|scaling=fixed,history,10.0,fixed,0.22456140350877193,0.7121702544873448,1.193732446304936,121.3961840596954,63
19,decision_close_2024_7,history_tfidf|lambda=0.001|scaling=row_only,history_tfidf,0.001,row_only,0.6373626373626374,0.5574691573318508,1.3698126244838744,123.48419300512515,63
19,decision_close_2024_7,history_tfidf|lambda=0.01|scaling=row_only,history_tfidf,0.01,row_only,0.6130952380952381,0.5094261970857056,0.9452498285459623,116.27945103609171,63
19,decision_close_2024_7,history_tfidf|lambda=0.1|scaling=row_only,history_tfidf,0.1,row_only,0.5538461538461538,0.521728328321433,0.8834345106913235,108.46106831585003,63
19,decision_close_2024_7,history_tfidf|lambda=1|scaling=row_only,history_tfidf,1.0,row_only,0.2745694022289767,0.6408793968961053,1.0442976116817217,106.92274739704392,63
19,decision_close_2024_7,history_tfidf|lambda=10|scaling=row_only,history_tfidf,10.0,row_only,0.22456140350877193,0.7115086556107222,1.1924333973552632,121.36869619675275,63
19,decision_close_2024_7,history_tfidf|lambda=0.001|scaling=column_standardized,history_tfidf,0.001,column_standardized,0.6431414356787492,0.6126050177965398,1.9761863389826693,98.5170957146285,63
19,decision_close_2024_7,history_tfidf|lambda=0.01|scaling=column_standardized,history_tfidf,0.01,column_standardized,0.6431414356787492,0.5874184179799334,1.5862663909774968,98.51616047489242,63
19,decision_close_2024_7,history_tfidf|lambda=0.1|scaling=column_standardized,history_tfidf,0.1,column_standardized,0.6568262087443674,0.5486983546096615,1.2295176908241363,98.49977752787275,63
19,decision_close_2024_7,history_tfidf|lambda=1|scaling=column_standardized,history_tfidf,1.0,column_standardized,0.6568262087443674,0.49961115523378546,0.9502026319483783,98.32376389144594,63
19,decision_close_2024_7,history_tfidf|lambda=10|scaling=column_standardized,history_tfidf,10.0,column_standardized,0.6092342342342342,0.49989352593625,0.8728409018091684,103.531456739745,63
19,decision_close_2024_7,history_lsa|lambda=0.001|scaling=row_only,history_lsa,0.001,row_only,0.5713290670845849,0.6270338050251526,1.6287062877801428,144.54228067252134,63
19,decision_close_2024_7,history_lsa|lambda=0.01|scaling=row_only,history_lsa,0.01,row_only,0.617516339869281,0.5404489828178848,0.9635833239850243,126.79280824206215,63
19,decision_close_2024_7,history_lsa|lambda=0.1|scaling=row_only,history_lsa,0.1,row_only,0.5538461538461538,0.5226980380301829,0.8826260692825325,110.57228335247429,63
19,decision_close_2024_7,history_lsa|lambda=1|scaling=row_only,history_lsa,1.0,row_only,0.2745694022289767,0.6398997955328429,1.042743406848786,107.43510857257017,63
19,decision_close_2024_7,history_lsa|lambda=10|scaling=row_only,history_lsa,10.0,row_only,0.22456140350877193,0.7113214862301387,1.1920776197826732,121.45150923397907,63
19,decision_close_2024_7,history_lsa|lambda=0.001|scaling=column_standardized,history_lsa,0.001,column_standardized,0.5986516470387439,0.653061093380171,2.2683469495416317,135.26766967988257,63
19,decision_close_2024_7,history_lsa|lambda=0.01|scaling=column_standardized,history_lsa,0.01,column_standardized,0.6090832914362326,0.5874977518745397,1.1272463593373105,135.6820633045374,63
19,decision_close_2024_7,history_lsa|lambda=0.1|scaling=column_standardized,history_lsa,0.1,column_standardized,0.5948794172391167,0.5151799687141139,0.8668357857330646,119.8130470205641,63
19,decision_close_2024_7,history_lsa|lambda=1|scaling=column_standardized,history_lsa,1.0,column_standardized,0.3823644077514046,0.5923471863287547,0.9753189152611234,111.98110147030397,63
19,decision_close_2024_7,history_lsa|lambda=10|scaling=column_standardized,history_lsa,10.0,column_standardized,0.22456140350877193,0.7005547193496036,1.169326902449074,120.55938521028854,63
19,decision_close_2024_7,history_qwen_all|lambda=0.001|scaling=fixed,history_qwen_all,0.001,fixed,0.5625974025974027,0.6618128629073543,1.7852119893808058,139.87566094778015,63
19,decision_close_2024_7,history_qwen_all|lambda=0.01|scaling=fixed,history_qwen_all,0.01,fixed,0.5640617900954111,0.6129358291912007,1.1574322754567723,124.09032227445172,63
19,decision_close_2024_7,history_qwen_all|lambda=0.1|scaling=fixed,history_qwen_all,0.1,fixed,0.5708859042192375,0.5634481328547714,0.9532819955350235,109.63794306987994,63
19,decision_close_2024_7,history_qwen_all|lambda=1|scaling=fixed,history_qwen_all,1.0,fixed,0.22456140350877193,0.6429723089753893,1.0535063867712884,106.70119135214263,63
19,decision_close_2024_7,history_qwen_all|lambda=10|scaling=fixed,history_qwen_all,10.0,fixed,0.22456140350877193,0.7105940378835689,1.1905706547877453,121.59242084189307,63
19,decision_close_2024_7,history_qwen_inflation|lambda=0.001|scaling=fixed,history_qwen_inflation,0.001,fixed,0.6050672587175133,0.5964057667725978,1.7504125181524932,138.49391523426314,63
19,decision_close_2024_7,history_qwen_inflation|lambda=0.01|scaling=fixed,history_qwen_inflation,0.01,fixed,0.6239809863339275,0.540242643484319,1.117622621435953,125.35513711249904,63
19,decision_close_2024_7,history_qwen_inflation|lambda=0.1|scaling=fixed,history_qwen_inflation,0.1,fixed,0.5708859042192375,0.5401855389036734,0.9388458492548094,112.3467664741722,63
19,decision_close_2024_7,history_qwen_inflation|lambda=1|scaling=fixed,history_qwen_inflation,1.0,fixed,0.22456140350877193,0.6425002213823185,1.0522413887925341,108.83485734065317,63
19,decision_close_2024_7,history_qwen_inflation|lambda=10|scaling=fixed,history_qwen_inflation,10.0,fixed,0.22456140350877193,0.7115135935268131,1.1928404834806454,121.59558454311033,63
19,decision_close_2024_7,history_qwen_demand|lambda=0.001|scaling=fixed,history_qwen_demand,0.001,fixed,0.6036148648648649,0.6345483098831027,1.6800895920227743,130.93447161370528,63
19,decision_close_2024_7,history_qwen_demand|lambda=0.01|scaling=fixed,history_qwen_demand,0.01,fixed,0.5882352941176471,0.5680845092879612,1.0833618455344247,118.47549813522897,63
19,decision_close_2024_7,history_qwen_demand|lambda=0.1|scaling=fixed,history_qwen_demand,0.1,fixed,0.5708859042192375,0.5412436370752158,0.9278123046241299,106.03132474899026,63
19,decision_close_2024_7,history_qwen_demand|lambda=1|scaling=fixed,history_qwen_demand,1.0,fixed,0.22456140350877193,0.643769253597212,1.0520707689489357,105.57684369628858,63
19,decision_close_2024_7,history_qwen_demand|lambda=10|scaling=fixed,history_qwen_demand,10.0,fixed,0.22456140350877193,0.7117439278475504,1.1929432779509088,121.4879899944854,63
19,decision_close_2024_7,history_qwen_forward|lambda=0.001|scaling=fixed,history_qwen_forward,0.001,fixed,0.5552469465512944,0.6372576093223131,1.6229109555598753,131.87733994501286,63
19,decision_close_2024_7,history_qwen_forward|lambda=0.01|scaling=fixed,history_qwen_forward,0.01,fixed,0.5586854460093896,0.5844207123723367,1.0816796534366293,121.75435015590077,63
19,decision_close_2024_7,history_qwen_forward|lambda=0.1|scaling=fixed,history_qwen_forward,0.1,fixed,0.5361305361305361,0.5550800167914055,0.9231005978392145,109.76564466543303,63
19,decision_close_2024_7,history_qwen_forward|lambda=1|scaling=fixed,history_qwen_forward,1.0,fixed,0.22456140350877193,0.6435549119095205,1.0462219993678086,106.6707794172665,63
19,decision_close_2024_7,history_qwen_forward|lambda=10|scaling=fixed,history_qwen_forward,10.0,fixed,0.22456140350877193,0.7115054181766264,1.191829473442804,121.34496773096814,63
19,decision_close_2024_7,history_qwen_scores_only|lambda=0.001|scaling=fixed,history_qwen_scores_only,0.001,fixed,0.5721468074409252,0.6240624136145437,1.5726757449525397,139.84229898189182,63
19,decision_close_2024_7,history_qwen_scores_only|lambda=0.01|scaling=fixed,history_qwen_scores_only,0.01,fixed,0.5510906298003072,0.5910620270027772,1.068362680286878,124.8006553007485,63
19,decision_close_2024_7,history_qwen_scores_only|lambda=0.1|scaling=fixed,history_qwen_scores_only,0.1,fixed,0.5538461538461538,0.5455166351947573,0.9124350242002476,109.85663542744871,63
19,decision_close_2024_7,history_qwen_scores_only|lambda=1|scaling=fixed,history_qwen_scores_only,1.0,fixed,0.22456140350877193,0.6481839726953204,1.0520203298276751,105.30469889763623,63
19,decision_close_2024_7,history_qwen_scores_only|lambda=10|scaling=fixed,history_qwen_scores_only,10.0,fixed,0.22456140350877193,0.7123514320715344,1.1934541596169688,120.89306942738922,63
19,decision_close_2024_7,history_qwen_missing_only|lambda=0.001|scaling=fixed,history_qwen_missing_only,0.001,fixed,0.6050672587175133,0.6116443740045759,1.574630497445898,132.23509699872247,63
19,decision_close_2024_7,history_qwen_missing_only|lambda=0.01|scaling=fixed,history_qwen_missing_only,0.01,fixed,0.5882352941176471,0.5562000846188394,1.0735182260970186,121.75847357168814,63
19,decision_close_2024_7,history_qwen_missing_only|lambda=0.1|scaling=fixed,history_qwen_missing_only,0.1,fixed,0.5708859042192375,0.5487824326778902,0.9436589811353302,109.67539281807669,63
19,decision_close_2024_7,history_qwen_missing_only|lambda=1|scaling=fixed,history_qwen_missing_only,1.0,fixed,0.22456140350877193,0.6405831121904305,1.052820456202883,108.22869486846022,63
19,decision_close_2024_7,history_qwen_missing_only|lambda=10|scaling=fixed,history_qwen_missing_only,10.0,fixed,0.22456140350877193,0.7104048275322833,1.19082598137707,122.10146785919001,63
19,decision_close_2024_7,proxy_market|lambda=0.001|scaling=fixed,proxy_market,0.001,fixed,0.5819763729246488,0.6852175778861319,2.665362613676725,159.12109331185792,63
19,decision_close_2024_7,proxy_market|lambda=0.01|scaling=fixed,proxy_market,0.01,fixed,0.6130898684169596,0.6066319166408409,1.3657044936993226,143.5678694474665,63
19,decision_close_2024_7,proxy_market|lambda=0.1|scaling=fixed,proxy_market,0.1,fixed,0.6584885280537455,0.5329693959468451,0.9690600426037888,119.82178527247662,63
19,decision_close_2024_7,proxy_market|lambda=1|scaling=fixed,proxy_market,1.0,fixed,0.42684242251197607,0.613013139472391,1.0099604422720563,113.84902020314523,63
19,decision_close_2024_7,proxy_market|lambda=10|scaling=fixed,proxy_market,10.0,fixed,0.22456140350877193,0.6947375181540427,1.1633010706604658,123.48814446559919,63
19,decision_close_2024_7,proxy_market_lsa|lambda=0.001|scaling=row_only,proxy_market_lsa,0.001,row_only,0.5981566820276498,0.6538597316065573,2.603392375378491,155.83939994436926,63
19,decision_close_2024_7,proxy_market_lsa|lambda=0.01|scaling=row_only,proxy_market_lsa,0.01,row_only,0.6255112797807295,0.5916801227911346,1.338562471857088,140.88983558493837,63
19,decision_close_2024_7,proxy_market_lsa|lambda=0.1|scaling=row_only,proxy_market_lsa,0.1,row_only,0.6435095056120365,0.528609482275967,0.960955338994512,119.40681374682538,63
19,decision_close_2024_7,proxy_market_lsa|lambda=1|scaling=row_only,proxy_market_lsa,1.0,row_only,0.42684242251197607,0.6102201587905528,1.0061203595571084,114.04696482833776,63
19,decision_close_2024_7,proxy_market_lsa|lambda=10|scaling=row_only,proxy_market_lsa,10.0,row_only,0.22456140350877193,0.6940915312003414,1.1620625234103357,123.50704723625884,63
19,decision_close_2024_7,proxy_market_lsa|lambda=0.001|scaling=column_standardized,proxy_market_lsa,0.001,column_standardized,0.6296296296296297,0.6796388445652326,2.6311542337524956,159.96922716237484,63
19,decision_close_2024_7,proxy_market_lsa|lambda=0.01|scaling=column_standardized,proxy_market_lsa,0.01,column_standardized,0.6779585446023993,0.5699120857700549,1.290003491727009,140.8764551057681,63
19,decision_close_2024_7,proxy_market_lsa|lambda=0.1|scaling=column_standardized,proxy_market_lsa,0.1,column_standardized,0.6530484330484331,0.5032068958587987,0.9139503302065514,116.19252379093011,63
19,decision_close_2024_7,proxy_market_lsa|lambda=1|scaling=column_standardized,proxy_market_lsa,1.0,column_standardized,0.507187509002391,0.5787357231182222,0.9620075557896124,114.63194418785966,63
19,decision_close_2024_7,proxy_market_lsa|lambda=10|scaling=column_standardized,proxy_market_lsa,10.0,column_standardized,0.22456140350877193,0.6850080824425198,1.1433234241985402,122.27422834947956,63
19,decision_close_2024_7,history_transformer|lambda=0.001|scaling=fixed,history_transformer,0.001,fixed,0.639065892155137,0.6076176971754153,1.8827340414519562,111.68841326882588,63
19,decision_close_2024_7,history_transformer|lambda=0.01|scaling=fixed,history_transformer,0.01,fixed,0.6233189711450581,0.5893619824911759,1.488505823445561,111.35221016714343,63
19,decision_close_2024_7,history_transformer|lambda=0.1|scaling=fixed,history_transformer,0.1,fixed,0.6069892085466387,0.5594699647643235,1.1618454511728105,111.2507013179225,63
19,decision_close_2024_7,history_transformer|lambda=1|scaling=fixed,history_transformer,1.0,fixed,0.6069892085466387,0.540917433902741,0.978508612125544,119.0664915378411,63
19,decision_close_2024_7,history_transformer|lambda=10|scaling=fixed,history_transformer,10.0,fixed,0.4907782276203329,0.5879034254261069,1.0018906920296968,133.36791576154292,63
20,decision_close_2024_8,history|lambda=0.001|scaling=fixed,history,0.001,fixed,0.6213444213444214,0.5731109496913702,1.3344149643903596,131.97643511421137,64
20,decision_close_2024_8,history|lambda=0.01|scaling=fixed,history,0.01,fixed,0.5953435875268663,0.529640740635021,0.9676709910740287,121.24426674268011,64
20,decision_close_2024_8,history|lambda=0.1|scaling=fixed,history,0.1,fixed,0.543028987473432,0.5296003184410438,0.8972188721759433,108.80728955626444,64
20,decision_close_2024_8,history|lambda=1|scaling=fixed,history,1.0,fixed,0.27678571428571425,0.6390767138570053,1.0427720311131268,105.38288851909789,64
20,decision_close_2024_8,history|lambda=10|scaling=fixed,history,10.0,fixed,0.2268041237113402,0.7038667285301476,1.1817345012666909,120.09107281990825,64
20,decision_close_2024_8,history_tfidf|lambda=0.001|scaling=row_only,history_tfidf,0.001,row_only,0.6402711716144552,0.5496458682558376,1.3514847921424553,121.80137007533665,64
20,decision_close_2024_8,history_tfidf|lambda=0.01|scaling=row_only,history_tfidf,0.01,row_only,0.6157407407407408,0.503785050211222,0.9358466502609126,115.11804232118237,64
20,decision_close_2024_8,history_tfidf|lambda=0.1|scaling=row_only,history_tfidf,0.1,row_only,0.5562851782363977,0.5167822240688462,0.8766809938582577,107.54107904471573,64
20,decision_close_2024_8,history_tfidf|lambda=1|scaling=row_only,history_tfidf,1.0,row_only,0.27678571428571425,0.634219354707753,1.0353993697490536,105.52293933227794,64
20,decision_close_2024_8,history_tfidf|lambda=10|scaling=row_only,history_tfidf,10.0,row_only,0.2268041237113402,0.7032195122051491,1.1804618262564093,120.07042837500704,64
20,decision_close_2024_8,history_tfidf|lambda=0.001|scaling=column_standardized,history_tfidf,0.001,column_standardized,0.6461697722567288,0.6030330758815041,1.9453192551793839,97.03849924379105,64
20,decision_close_2024_8,history_tfidf|lambda=0.01|scaling=column_standardized,history_tfidf,0.01,column_standardized,0.6461697722567288,0.5782403377473537,1.5615387923354804,97.04207247703637,64
20,decision_close_2024_8,history_tfidf|lambda=0.1|scaling=column_standardized,history_tfidf,0.1,column_standardized,0.6596273291925466,0.5401334059928593,1.210598155693061,97.0670774740249,64
20,decision_close_2024_8,history_tfidf|lambda=1|scaling=column_standardized,history_tfidf,1.0,column_standardized,0.6596273291925466,0.49196303256875323,0.9366560838826643,97.1260601124527,64
20,decision_close_2024_8,history_tfidf|lambda=10|scaling=column_standardized,history_tfidf,10.0,column_standardized,0.6118421052631579,0.493398649461254,0.8633473668729366,102.78609128318858,64
20,decision_close_2024_8,history_lsa|lambda=0.001|scaling=row_only,history_lsa,0.001,row_only,0.5750253036437246,0.6183199390880361,1.6067548310418591,142.9088548014387,64
20,decision_close_2024_8,history_lsa|lambda=0.01|scaling=row_only,history_lsa,0.01,row_only,0.6203174603174603,0.5341857177935798,0.9537546123003531,125.68758347154638,64
20,decision_close_2024_8,history_lsa|lambda=0.1|scaling=row_only,history_lsa,0.1,row_only,0.5562851782363977,0.5175564508609583,0.8756623844431319,109.63319120029945,64
20,decision_close_2024_8,history_lsa|lambda=1|scaling=row_only,history_lsa,1.0,row_only,0.27678571428571425,0.6332652190076912,1.0338853602095779,106.05390813127204,64
20,decision_close_2024_8,history_lsa|lambda=10|scaling=row_only,history_lsa,10.0,row_only,0.2268041237113402,0.7030390398616617,1.1801173904609783,120.16222130578714,64
20,decision_close_2024_8,history_lsa|lambda=0.001|scaling=column_standardized,history_lsa,0.001,column_standardized,0.6023478835978836,0.6431766661907943,2.2348397146620216,133.6996397735481,64
20,decision_close_2024_8,history_lsa|lambda=0.01|scaling=column_standardized,history_lsa,0.01,column_standardized,0.6122979871882418,0.5791916885341621,1.1129846294909977,134.03891483584582,64
20,decision_close_2024_8,history_lsa|lambda=0.1|scaling=column_standardized,history_lsa,0.1,column_standardized,0.5976800260671228,0.5089119248448888,0.8583217792455766,118.1198742204476,64
20,decision_close_2024_8,history_lsa|lambda=1|scaling=column_standardized,history_lsa,1.0,column_standardized,0.3846188360927895,0.5861324550324489,0.9670536215495831,110.86807385358274,64
20,decision_close_2024_8,history_lsa|lambda=10|scaling=column_standardized,history_lsa,10.0,column_standardized,0.2268041237113402,0.692491318008075,1.1578003845899043,119.46004215490575,64
20,decision_close_2024_8,history_qwen_all|lambda=0.001|scaling=fixed,history_qwen_all,0.001,fixed,0.5661624649859944,0.6563116683473957,1.7655759903651074,138.06916141424685,64
20,decision_close_2024_8,history_qwen_all|lambda=0.01|scaling=fixed,history_qwen_all,0.01,fixed,0.5670201797024599,0.6089148922020162,1.1486909325360437,122.51788538809527,64
20,decision_close_2024_8,history_qwen_all|lambda=0.1|scaling=fixed,history_qwen_all,0.1,fixed,0.5732363315696648,0.5600592526848115,0.9483789276757244,108.1237712279806,64
20,decision_close_2024_8,history_qwen_all|lambda=1|scaling=fixed,history_qwen_all,1.0,fixed,0.2268041237113402,0.6376890183973549,1.046396276514069,105.56817798098425,64
20,decision_close_2024_8,history_qwen_all|lambda=10|scaling=fixed,history_qwen_all,10.0,fixed,0.2268041237113402,0.7025634695049465,1.1789835431684517,120.38750646230393,64
20,decision_close_2024_8,history_qwen_inflation|lambda=0.001|scaling=fixed,history_qwen_inflation,0.001,fixed,0.6087634952766532,0.5915075202939017,1.730571870357722,137.21919553596175,64
20,decision_close_2024_8,history_qwen_inflation|lambda=0.01|scaling=fixed,history_qwen_inflation,0.01,fixed,0.6267821067821068,0.5365890939802898,1.1083069222851298,124.25331767864645,64
20,decision_close_2024_8,history_qwen_inflation|lambda=0.1|scaling=fixed,history_qwen_inflation,0.1,fixed,0.5732363315696648,0.5364214742636624,0.9331376386323945,111.17477219933579,64
20,decision_close_2024_8,history_qwen_inflation|lambda=1|scaling=fixed,history_qwen_inflation,1.0,fixed,0.2268041237113402,0.6365113931106365,1.044182477025143,107.49899790069693,64
20,decision_close_2024_8,history_qwen_inflation|lambda=10|scaling=fixed,history_qwen_inflation,10.0,fixed,0.2268041237113402,0.7033102754298879,1.1809877914721572,120.31518592307766,64
20,decision_close_2024_8,history_qwen_demand|lambda=0.001|scaling=fixed,history_qwen_demand,0.001,fixed,0.6070870870870871,0.6302110391469951,1.6627105405961387,129.47100765016071,64
20,decision_close_2024_8,history_qwen_demand|lambda=0.01|scaling=fixed,history_qwen_demand,0.01,fixed,0.5913165266106443,0.565286267470752,1.0761592366606534,117.19071343439765,64
20,decision_close_2024_8,history_qwen_demand|lambda=0.1|scaling=fixed,history_qwen_demand,0.1,fixed,0.5732363315696648,0.5380991459688579,0.9231634470317307,104.73221510846454,64
20,decision_close_2024_8,history_qwen_demand|lambda=1|scaling=fixed,history_qwen_demand,1.0,fixed,0.2268041237113402,0.6377628072992256,1.0440216701377625,104.40103556723193,64
20,decision_close_2024_8,history_qwen_demand|lambda=10|scaling=fixed,history_qwen_demand,10.0,fixed,0.2268041237113402,0.7035323994030871,1.1810826323075156,120.2282419618943,64
20,decision_close_2024_8,history_qwen_forward|lambda=0.001|scaling=fixed,history_qwen_forward,0.001,fixed,0.5588120089398861,0.6332379257420178,1.606758253499882,130.88653908739468,64
20,decision_close_2024_8,history_qwen_forward|lambda=0.01|scaling=fixed,history_qwen_forward,0.01,fixed,0.5616438356164384,0.5815992841048321,1.0746555329028908,120.88143304944757,64
20,decision_close_2024_8,history_qwen_forward|lambda=0.1|scaling=fixed,history_qwen_forward,0.1,fixed,0.5386946386946386,0.551505076937407,0.9181846456796777,108.75316049543973,64
20,decision_close_2024_8,history_qwen_forward|lambda=1|scaling=fixed,history_qwen_forward,1.0,fixed,0.2268041237113402,0.6375132890456856,1.0382126823649265,105.37915378391942,64
20,decision_close_2024_8,history_qwen_forward|lambda=10|scaling=fixed,history_qwen_forward,10.0,fixed,0.2268041237113402,0.7032975011352948,1.1799864469422126,120.08814232161403,64
20,decision_close_2024_8,history_qwen_scores_only|lambda=0.001|scaling=fixed,history_qwen_scores_only,0.001,fixed,0.5754147812971343,0.6191906371175719,1.5564098076732458,138.11767770900713,64
20,decision_close_2024_8,history_qwen_scores_only|lambda=0.01|scaling=fixed,history_qwen_scores_only,0.01,fixed,0.5542652329749104,0.5870163086793053,1.0605937593252273,123.30179192712554,64
20,decision_close_2024_8,history_qwen_scores_only|lambda=0.1|scaling=fixed,history_qwen_scores_only,0.1,fixed,0.5562851782363977,0.5409901283615821,0.9063831404314167,108.43299933554412,64
20,decision_close_2024_8,history_qwen_scores_only|lambda=1|scaling=fixed,history_qwen_scores_only,1.0,fixed,0.2268041237113402,0.6414496989347158,1.0430617033198724,104.08676911038786,64
20,decision_close_2024_8,history_qwen_scores_only|lambda=10|scaling=fixed,history_qwen_scores_only,10.0,fixed,0.2268041237113402,0.704049670644918,1.1814679493978597,119.61732312804175,64
20,decision_close_2024_8,history_qwen_missing_only|lambda=0.001|scaling=fixed,history_qwen_missing_only,0.001,fixed,0.6087634952766532,0.6074238058523407,1.5585147235237673,131.22023030579578,64
20,decision_close_2024_8,history_qwen_missing_only|lambda=0.01|scaling=fixed,history_qwen_missing_only,0.01,fixed,0.5913165266106443,0.5531851630137363,1.0658319533163603,120.87078212998306,64
20,decision_close_2024_8,history_qwen_missing_only|lambda=0.1|scaling=fixed,history_qwen_missing_only,0.1,fixed,0.5732363315696648,0.5454055227877517,0.9385056739139086,108.65665315160297,64
20,decision_close_2024_8,history_qwen_missing_only|lambda=1|scaling=fixed,history_qwen_missing_only,1.0,fixed,0.2268041237113402,0.63533415417015,1.045710856760861,106.94643533868091,64
20,decision_close_2024_8,history_qwen_missing_only|lambda=10|scaling=fixed,history_qwen_missing_only,10.0,fixed,0.2268041237113402,0.7023734465150641,1.179228791684714,120.87191691114572,64
20,decision_close_2024_8,proxy_market|lambda=0.001|scaling=fixed,proxy_market,0.001,fixed,0.586574074074074,0.6755916464422465,2.6270706642585773,157.2890960013019,64
20,decision_close_2024_8,proxy_market|lambda=0.01|scaling=fixed,proxy_market,0.01,fixed,0.6170798068331275,0.5984443765760392,1.3483272042955763,141.7440883949376,64
20,decision_close_2024_8,proxy_market|lambda=0.1|scaling=fixed,proxy_market,0.1,fixed,0.661459413377572,0.526627600441441,0.9592931656265832,118.03856965953956,64
20,decision_close_2024_8,proxy_market|lambda=1|scaling=fixed,proxy_market,1.0,fixed,0.4300720938147838,0.6074112134770455,1.002454641946619,112.92769373145018,64
20,decision_close_2024_8,proxy_market|lambda=10|scaling=fixed,proxy_market,10.0,fixed,0.2268041237113402,0.6870430913861563,1.1522739391129453,122.56577549587415,64
20,decision_close_2024_8,proxy_market_lsa|lambda=0.001|scaling=row_only,proxy_market_lsa,0.001,row_only,0.602457757296467,0.6437801182047058,2.563863610607733,153.41255258659717,64
20,decision_close_2024_8,proxy_market_lsa|lambda=0.01|scaling=row_only,proxy_market_lsa,0.01,row_only,0.6292075163398693,0.5833227670714763,1.3209209281000933,138.8108835764609,64
20,decision_close_2024_8,proxy_market_lsa|lambda=0.1|scaling=row_only,proxy_market_lsa,0.1,row_only,0.6465378421900162,0.5222952421989946,0.9512487774618544,117.59723737425543,64
20,decision_close_2024_8,proxy_market_lsa|lambda=1|scaling=row_only,proxy_market_lsa,1.0,row_only,0.4300720938147838,0.6046322008977475,0.9986307076075168,113.13606272575394,64
20,decision_close_2024_8,proxy_market_lsa|lambda=10|scaling=row_only,proxy_market_lsa,10.0,row_only,0.2268041237113402,0.6864123953161924,1.1510623568799816,122.595394838732,64
20,decision_close_2024_8,proxy_market_lsa|lambda=0.001|scaling=column_standardized,proxy_market_lsa,0.001,column_standardized,0.6335722819593786,0.6691124954904527,2.5909955444333495,157.47703369820442,64
20,decision_close_2024_8,proxy_market_lsa|lambda=0.01|scaling=column_standardized,proxy_market_lsa,0.01,column_standardized,0.6812545806853207,0.561488514238088,1.2722638929687555,138.80906087230264,64
20,decision_close_2024_8,proxy_market_lsa|lambda=0.1|scaling=column_standardized,proxy_market_lsa,0.1,column_standardized,0.6562631288004422,0.4969874483150772,0.90443558058166,114.43767547112262,64
20,decision_close_2024_8,proxy_market_lsa|lambda=1|scaling=column_standardized,proxy_market_lsa,1.0,column_standardized,0.510336406888131,0.5730383468178859,0.9543407245143476,113.7611239398046,64
20,decision_close_2024_8,proxy_market_lsa|lambda=10|scaling=column_standardized,proxy_market_lsa,10.0,column_standardized,0.2268041237113402,0.677487264680438,1.1326407062175305,121.48266785631418,64
20,decision_close_2024_8,history_transformer|lambda=0.001|scaling=fixed,history_transformer,0.001,fixed,0.6422805879071461,0.5981236706570496,1.8533163226957965,110.34374585150934,64
20,decision_close_2024_8,history_transformer|lambda=0.01|scaling=fixed,history_transformer,0.01,fixed,0.6265869450012672,0.5801532015178152,1.4652480813745197,109.7206623251056,64
20,decision_close_2024_8,history_transformer|lambda=0.1|scaling=fixed,history_transformer,0.1,fixed,0.6103059581320451,0.5507283212202533,1.1437175654726408,109.55133533041675,64
20,decision_close_2024_8,history_transformer|lambda=1|scaling=fixed,history_transformer,1.0,fixed,0.6103059581320451,0.5326083956843961,0.964445143624215,118.46870694983014,64
20,decision_close_2024_8,history_transformer|lambda=10|scaling=fixed,history_transformer,10.0,fixed,0.4934556037916849,0.5814735668144736,0.9927731685495738,132.96448103039793,64
21,decision_close_2024_9,history|lambda=0.001|scaling=fixed,history,0.001,fixed,0.6245591170964305,0.5663290445622746,1.3185967881420257,131.0010169081649,65
21,decision_close_2024_9,history|lambda=0.01|scaling=fixed,history,0.01,fixed,0.5983019771339149,0.5239286702941869,0.958164038108186,120.41009858077815,65
21,decision_close_2024_9,history|lambda=0.1|scaling=fixed,history,0.1,fixed,0.5455080394839431,0.5240780007832371,0.8895864052887517,107.91441657392726,65
21,decision_close_2024_9,history|lambda=1|scaling=fixed,history,1.0,fixed,0.27891156462585037,0.6322180899531001,1.0335611504031041,103.96228455412337,65
21,decision_close_2024_9,history|lambda=10|scaling=fixed,history,10.0,fixed,0.22895622895622894,0.6957323825544836,1.1699780529087263,118.7964243634575,65
21,decision_close_2024_9,history_tfidf|lambda=0.001|scaling=row_only,history_tfidf,0.001,row_only,0.6430110951850083,0.5413810193273043,1.332068090827823,120.2616086485036,65
21,decision_close_2024_9,history_tfidf|lambda=0.01|scaling=row_only,history_tfidf,0.01,row_only,0.6182432432432433,0.49699401765924506,0.9247117801439749,113.96412452561393,65
21,decision_close_2024_9,history_tfidf|lambda=0.1|scaling=row_only,history_tfidf,0.1,row_only,0.5586080586080586,0.5109851947449421,0.8686979003067792,106.58939991777616,65
21,decision_close_2024_9,history_tfidf|lambda=1|scaling=row_only,history_tfidf,1.0,row_only,0.27891156462585037,0.627416547840138,1.0262753498958113,104.11398385931989,65
21,decision_close_2024_9,history_tfidf|lambda=10|scaling=row_only,history_tfidf,10.0,row_only,0.22895622895622894,0.6950975027325547,1.1687286174624665,118.78193724900014,65
21,decision_close_2024_9,history_tfidf|lambda=0.001|scaling=column_standardized,history_tfidf,0.001,column_standardized,0.649027498323273,0.593755653820756,1.9154010282510547,95.59873436325246,65
21,decision_close_2024_9,history_tfidf|lambda=0.01|scaling=column_standardized,history_tfidf,0.01,column_standardized,0.649027498323273,0.5693446001080413,1.537565857437838,95.603644256105,65
21,decision_close_2024_9,history_tfidf|lambda=0.1|scaling=column_standardized,history_tfidf,0.1,column_standardized,0.6622728318380493,0.5318300429567733,1.1922226952937962,95.64179589289145,65
21,decision_close_2024_9,history_tfidf|lambda=1|scaling=column_standardized,history_tfidf,1.0,column_standardized,0.6622728318380493,0.4845092628943445,0.9233357864702714,95.80485497688737,65
21,decision_close_2024_9,history_tfidf|lambda=10|scaling=column_standardized,history_tfidf,10.0,column_standardized,0.6143162393162394,0.48678798675119445,0.8535521005725433,101.79112334171336,65
21,decision_close_2024_9,history_lsa|lambda=0.001|scaling=row_only,history_lsa,0.001,row_only,0.5784975258659469,0.6091301965429633,1.5838677634521978,141.1525676991933,65
21,decision_close_2024_9,history_lsa|lambda=0.01|scaling=row_only,history_lsa,0.01,row_only,0.6229629629629629,0.5268965000900745,0.9423175056961496,124.49880445411966,65
21,decision_close_2024_9,history_lsa|lambda=0.1|scaling=row_only,history_lsa,0.1,row_only,0.5586080586080586,0.5115958989658803,0.8674743510087358,108.67048341571105,65
21,decision_close_2024_9,history_lsa|lambda=1|scaling=row_only,history_lsa,1.0,row_only,0.27891156462585037,0.6264594146404503,1.0247598726738967,104.64500178219852,65
21,decision_close_2024_9,history_lsa|lambda=10|scaling=row_only,history_lsa,10.0,row_only,0.22895622895622894,0.6949199097336958,1.1683897682868327,118.87738536054448,65
21,decision_close_2024_9,history_lsa|lambda=0.001|scaling=column_standardized,history_lsa,0.001,column_standardized,0.6058201058201058,0.6333551101908558,2.201345398523876,131.9669034179321,65
21,decision_close_2024_9,history_lsa|lambda=0.01|scaling=column_standardized,history_lsa,0.01,column_standardized,0.6153263237662215,0.570543946831313,1.097594496596588,132.2221657409155,65
21,decision_close_2024_9,history_lsa|lambda=0.1|scaling=column_standardized,history_lsa,0.1,column_standardized,0.6003351487222455,0.5018650394736459,0.8482468178246696,116.44253083001186,65
21,decision_close_2024_9,history_lsa|lambda=1|scaling=column_standardized,history_lsa,1.0,column_standardized,0.38677733131326436,0.5793734694368163,0.9579466663827306,109.46934184270887,65
21,decision_close_2024_9,history_lsa|lambda=10|scaling=column_standardized,history_lsa,10.0,column_standardized,0.22895622895622894,0.6845117440431202,1.146384146735608,118.25356826654185,65
21,decision_close_2024_9,history_qwen_all|lambda=0.001|scaling=fixed,history_qwen_all,0.001,fixed,0.5695238095238095,0.6489562870799632,1.7439389824864475,138.203433636304,65
21,decision_close_2024_9,history_qwen_all|lambda=0.01|scaling=fixed,history_qwen_all,0.01,fixed,0.5698207885304659,0.6028294749222456,1.137253484586308,122.8612173780402,65
21,decision_close_2024_9,history_qwen_all|lambda=0.1|scaling=fixed,history_qwen_all,0.1,fixed,0.5754721039273885,0.5534364710653905,0.9388717655897652,108.37068761490848,65
21,decision_close_2024_9,history_qwen_all|lambda=1|scaling=fixed,history_qwen_all,1.0,fixed,0.22895622895622894,0.6303725143020018,1.0364079628963894,104.4249879687457,65
21,decision_close_2024_9,history_qwen_all|lambda=10|scaling=fixed,history_qwen_all,10.0,fixed,0.22895622895622894,0.694380177954406,1.1671654298157688,118.9525593169034,65
21,decision_close_2024_9,history_qwen_inflation|lambda=0.001|scaling=fixed,history_qwen_inflation,0.001,fixed,0.6122357174988754,0.5843927255592729,1.7085719077827635,136.42967591629193,65
21,decision_close_2024_9,history_qwen_inflation|lambda=0.01|scaling=fixed,history_qwen_inflation,0.01,fixed,0.6294276094276094,0.5302660139875232,1.0959673374734378,123.62767889101536,65
21,decision_close_2024_9,history_qwen_inflation|lambda=0.1|scaling=fixed,history_qwen_inflation,0.1,fixed,0.5754721039273885,0.5300852213758581,0.9239291023625568,110.43909705625889,65
21,decision_close_2024_9,history_qwen_inflation|lambda=1|scaling=fixed,history_qwen_inflation,1.0,fixed,0.22895622895622894,0.6294681032802423,1.034623222133086,105.96060926297642,65
21,decision_close_2024_9,history_qwen_inflation|lambda=10|scaling=fixed,history_qwen_inflation,10.0,fixed,0.22895622895622894,0.6951617833987916,1.1692090745702384,118.99765551183839,65
21,decision_close_2024_9,history_qwen_demand|lambda=0.001|scaling=fixed,history_qwen_demand,0.001,fixed,0.6103550609432963,0.6230829497975436,1.642430062858909,129.71211654836011,65
21,decision_close_2024_9,history_qwen_demand|lambda=0.01|scaling=fixed,history_qwen_demand,0.01,fixed,0.5942265795206971,0.560259490347844,1.0662549821141465,117.59353447883396,65
21,decision_close_2024_9,history_qwen_demand|lambda=0.1|scaling=fixed,history_qwen_demand,0.1,fixed,0.5754721039273885,0.5323471957658684,0.9147317543897578,105.01620613646277,65
21,decision_close_2024_9,history_qwen_demand|lambda=1|scaling=fixed,history_qwen_demand,1.0,fixed,0.22895622895622894,0.6306688566119057,1.034392954550635,103.2691315638385,65
21,decision_close_2024_9,history_qwen_demand|lambda=10|scaling=fixed,history_qwen_demand,10.0,fixed,0.22895622895622894,0.695378430184789,1.1692973760449463,118.804823913272,65
21,decision_close_2024_9,history_qwen_forward|lambda=0.001|scaling=fixed,history_qwen_forward,0.001,fixed,0.5621733534777013,0.626260580749885,1.5877002486267482,130.13772059863314,65
21,decision_close_2024_9,history_qwen_forward|lambda=0.01|scaling=fixed,history_qwen_forward,0.01,fixed,0.5644444444444444,0.5747407189173068,1.0630989942821738,120.24805102125023,65
21,decision_close_2024_9,history_qwen_forward|lambda=0.1|scaling=fixed,history_qwen_forward,0.1,fixed,0.5411336630848825,0.5447924484661434,0.9090040461724401,107.98079482902152,65
21,decision_close_2024_9,history_qwen_forward|lambda=1|scaling=fixed,history_qwen_forward,1.0,fixed,0.22895622895622894,0.6304046203283348,1.0286757702344054,103.94626970789939,65
21,decision_close_2024_9,history_qwen_forward|lambda=10|scaling=fixed,history_qwen_forward,10.0,fixed,0.22895622895622894,0.6951445271569983,1.16821693089736,118.79621428459373,65
21,decision_close_2024_9,history_qwen_scores_only|lambda=0.001|scaling=fixed,history_qwen_scores_only,0.001,fixed,0.5784960137901315,0.6121925714008434,1.537732540309917,138.1184180033527,65
21,decision_close_2024_9,history_qwen_scores_only|lambda=0.01|scaling=fixed,history_qwen_scores_only,0.01,fixed,0.5572682359779134,0.5820646447664547,1.05139529009415,123.50432779408091,65
21,decision_close_2024_9,history_qwen_scores_only|lambda=0.1|scaling=fixed,history_qwen_scores_only,0.1,fixed,0.5586080586080586,0.5357115333843219,0.8988929546079948,108.57337349218895,65
21,decision_close_2024_9,history_qwen_scores_only|lambda=1|scaling=fixed,history_qwen_scores_only,1.0,fixed,0.22895622895622894,0.6345203822041435,1.033773678512294,102.91140039462925,65
21,decision_close_2024_9,history_qwen_scores_only|lambda=10|scaling=fixed,history_qwen_scores_only,10.0,fixed,0.22895622895622894,0.6959184475036249,1.169722666100677,118.222679895603,65
21,decision_close_2024_9,history_qwen_missing_only|lambda=0.001|scaling=fixed,history_qwen_missing_only,0.001,fixed,0.6122357174988754,0.6009875484990737,1.5403291394172818,130.52603610169982,65
21,decision_close_2024_9,history_qwen_missing_only|lambda=0.01|scaling=fixed,history_qwen_missing_only,0.01,fixed,0.5942265795206971,0.5472156759013812,1.0549461248362846,120.30289310088388,65
21,decision_close_2024_9,history_qwen_missing_only|lambda=0.1|scaling=fixed,history_qwen_missing_only,0.1,fixed,0.5754721039273885,0.5388560404636472,0.9291028960711226,107.97115472490498,65
21,decision_close_2024_9,history_qwen_missing_only|lambda=1|scaling=fixed,history_qwen_missing_only,1.0,fixed,0.22895622895622894,0.6280469669614758,1.0357399657748458,105.40888743864579,65
21,decision_close_2024_9,history_qwen_missing_only|lambda=10|scaling=fixed,history_qwen_missing_only,10.0,fixed,0.22895622895622894,0.6941860040376205,1.1673980402505038,119.53393922868221,65
21,decision_close_2024_9,proxy_market|lambda=0.001|scaling=fixed,proxy_market,0.001,fixed,0.5908751493428913,0.6654154808563456,2.5881087731979546,155.30770000095163,65
21,decision_close_2024_9,proxy_market|lambda=0.01|scaling=fixed,proxy_market,0.01,fixed,0.6208242105775312,0.5896301612801416,1.3296928784006676,139.76237443139658,65
21,decision_close_2024_9,proxy_market|lambda=0.1|scaling=fixed,proxy_market,0.1,fixed,0.6642605338257512,0.5197271872885013,0.9485146861751031,116.24948018815593,65
21,decision_close_2024_9,proxy_market|lambda=1|scaling=fixed,proxy_market,1.0,fixed,0.43314611830781774,0.6013867424032426,0.9943542019314573,111.95596719195376,65
21,decision_close_2024_9,proxy_market|lambda=10|scaling=fixed,proxy_market,10.0,fixed,0.22895622895622894,0.6794398930138279,1.1413760633680676,121.62035538479884,65
21,decision_close_2024_9,proxy_market_lsa|lambda=0.001|scaling=row_only,proxy_market_lsa,0.001,row_only,0.6064900153609831,0.6338988428385233,2.524902237927257,151.2413823699899,65
21,decision_close_2024_9,proxy_market_lsa|lambda=0.01|scaling=row_only,proxy_market_lsa,0.01,row_only,0.6326797385620915,0.5746205132198818,1.3023581321264472,136.78952826317925,65
21,decision_close_2024_9,proxy_market_lsa|lambda=0.1|scaling=row_only,proxy_market_lsa,0.1,row_only,0.6493955682565603,0.5154021337277943,0.9404800316390021,115.82072435225793,65
21,decision_close_2024_9,proxy_market_lsa|lambda=1|scaling=row_only,proxy_market_lsa,1.0,row_only,0.43314611830781774,0.5985912781133103,0.9905037414006198,112.15690525550998,65
21,decision_close_2024_9,proxy_market_lsa|lambda=10|scaling=row_only,proxy_market_lsa,10.0,row_only,0.22895622895622894,0.6788187727685868,1.140183057572881,121.65521886317846,65
21,decision_close_2024_9,proxy_market_lsa|lambda=0.001|scaling=column_standardized,proxy_market_lsa,0.001,column_standardized,0.6372685185185185,0.6588217913469897,2.551316987264964,155.183231512783,65
21,decision_close_2024_9,proxy_market_lsa|lambda=0.01|scaling=column_standardized,proxy_market_lsa,0.01,column_standardized,0.6843477837785238,0.552980271522961,1.2538564096944245,136.8564678314407,65
21,decision_close_2024_9,proxy_market_lsa|lambda=0.1|scaling=column_standardized,proxy_market_lsa,0.1,column_standardized,0.659291465378422,0.4899773236662606,0.8932881507544014,112.85690735216987,65
21,decision_close_2024_9,proxy_market_lsa|lambda=1|scaling=column_standardized,proxy_market_lsa,1.0,column_standardized,0.513327859879584,0.5665553989981778,0.9455322061149498,112.5855873993663,65
21,decision_close_2024_9,proxy_market_lsa|lambda=10|scaling=column_standardized,proxy_market_lsa,10.0,column_standardized,0.22895622895622894,0.6699706917785888,1.1219578870961353,120.5547867957348,65
21,decision_close_2024_9,history_transformer|lambda=0.001|scaling=fixed,history_transformer,0.001,fixed,0.6453089244851259,0.5895582181407228,1.8271932955593648,111.92687209387265,65
21,decision_close_2024_9,history_transformer|lambda=0.01|scaling=fixed,history_transformer,0.01,fixed,0.6296681774942644,0.572042464741642,1.4454443115055833,111.0697181930593,65
21,decision_close_2024_9,history_transformer|lambda=0.1|scaling=fixed,history_transformer,0.1,fixed,0.6134358485858792,0.5433472357933316,1.129381514267101,110.12146385879338,65
21,decision_close_2024_9,history_transformer|lambda=1|scaling=fixed,history_transformer,1.0,fixed,0.6134358485858792,0.5261129244341302,0.9540408965567315,118.20418947641912,65
21,decision_close_2024_9,history_transformer|lambda=10|scaling=fixed,history_transformer,10.0,fixed,0.49600698579026753,0.57570563053096,0.9844877372993358,132.40374405656945,65
22,decision_close_2024_10,history|lambda=0.001|scaling=fixed,history,0.001,fixed,0.6275874536744102,0.5588378395795487,1.3019070355623552,129.98436012745236,66
22,decision_close_2024_10,history|lambda=0.01|scaling=fixed,history,0.01,fixed,0.6011025859619211,0.5173465890149137,0.9474719296560004,119.53521908483089,66
22,decision_close_2024_10,history|lambda=0.1|scaling=fixed,history,0.1,fixed,0.5478704302233713,0.5180450806104727,0.8811734836483963,107.01673819623807,66
22,decision_close_2024_10,history|lambda=1|scaling=fixed,history,1.0,fixed,0.2809523809523809,0.6253072977788039,1.0242474761099039,102.53982898512432,66
22,decision_close_2024_10,history|lambda=10|scaling=fixed,history,10.0,fixed,0.23102310231023102,0.6877679383648603,1.1584637572057117,117.51524499541581,66
22,decision_close_2024_10,history_tfidf|lambda=0.001|scaling=row_only,history_tfidf,0.001,row_only,0.6455966568642625,0.5332924587167784,1.3129365265644688,118.56235965256558,66
22,decision_close_2024_10,history_tfidf|lambda=0.01|scaling=row_only,history_tfidf,0.01,row_only,0.6206140350877193,0.49006426212720394,0.9132170854221774,112.69148291529982,66
22,decision_close_2024_10,history_tfidf|lambda=0.1|scaling=row_only,history_tfidf,0.1,row_only,0.5608228980322004,0.5048473584456026,0.8601348266835434,105.61835084123221,66
22,decision_close_2024_10,history_tfidf|lambda=1|scaling=row_only,history_tfidf,1.0,row_only,0.2809523809523809,0.6205618963411521,1.0170483212972243,102.70359133562128,66
22,decision_close_2024_10,history_tfidf|lambda=10|scaling=row_only,history_tfidf,10.0,row_only,0.23102310231023102,0.687144431887492,1.1572359966344075,117.5062495371505,66
22,decision_close_2024_10,history_tfidf|lambda=0.001|scaling=column_standardized,history_tfidf,0.001,column_standardized,0.6517286366601435,0.5847593664260161,1.8863894701513275,94.70587259652541,66
22,decision_close_2024_10,history_tfidf|lambda=0.01|scaling=column_standardized,history_tfidf,0.01,column_standardized,0.6517286366601435,0.5607184271046549,1.5143182189692288,94.70880828117336,66
22,decision_close_2024_10,history_tfidf|lambda=0.1|scaling=column_standardized,history_tfidf,0.1,column_standardized,0.6647753343405518,0.5237777413114347,1.1743909615100934,94.7296613673522,66
22,decision_close_2024_10,history_tfidf|lambda=1|scaling=column_standardized,history_tfidf,1.0,column_standardized,0.6647753343405518,0.4772659431108591,0.9103402475477556,94.82254115409276,66
22,decision_close_2024_10,history_tfidf|lambda=10|scaling=column_standardized,history_tfidf,10.0,column_standardized,0.6166666666666667,0.48028569119558046,0.8438760557324142,100.8201158510526,66
22,decision_close_2024_10,history_lsa|lambda=0.001|scaling=row_only,history_lsa,0.001,row_only,0.5817654997221561,0.6001560624811292,1.5614684564555474,139.74131468052073,66
22,decision_close_2024_10,history_lsa|lambda=0.01|scaling=row_only,history_lsa,0.01,row_only,0.6254654654654654,0.5195257122303233,0.9306025697634249,123.40836795299361,66
22,decision_close_2024_10,history_lsa|lambda=0.1|scaling=row_only,history_lsa,0.1,row_only,0.5608228980322004,0.5053544406772316,0.8587796878857062,107.71353863322854,66
22,decision_close_2024_10,history_lsa|lambda=1|scaling=row_only,history_lsa,1.0,row_only,0.2809523809523809,0.6196049874092945,1.015535340813674,103.22931408036824,66
22,decision_close_2024_10,history_lsa|lambda=10|scaling=row_only,history_lsa,10.0,row_only,0.23102310231023102,0.6869695785106869,1.1569024611930097,117.6041160677134,66
22,decision_close_2024_10,history_lsa|lambda=0.001|scaling=column_standardized,history_lsa,0.001,column_standardized,0.609088079676315,0.6238262200902494,2.168829864502778,130.65884573817883,66
22,decision_close_2024_10,history_lsa|lambda=0.01|scaling=column_standardized,history_lsa,0.01,column_standardized,0.6181840498327656,0.5620871403162447,1.08240519749276,130.83363158598306,66
22,decision_close_2024_10,history_lsa|lambda=0.1|scaling=column_standardized,history_lsa,0.1,column_standardized,0.6028558347872354,0.4948624934513405,0.8380846621810483,115.06824861190215,66
22,decision_close_2024_10,history_lsa|lambda=1|scaling=column_standardized,history_lsa,1.0,column_standardized,0.38884588923288615,0.5725999249367981,0.9487682244933089,107.98193227917014,66
22,decision_close_2024_10,history_lsa|lambda=10|scaling=column_standardized,history_lsa,10.0,column_standardized,0.23102310231023102,0.6766844851163748,1.1351796348917538,117.02424183265052,66
22,decision_close_2024_10,history_qwen_all|lambda=0.001|scaling=fixed,history_qwen_all,0.001,fixed,0.5726984126984127,0.6401674363687494,1.7208668765385688,136.5549971137371,66
22,decision_close_2024_10,history_qwen_all|lambda=0.01|scaling=fixed,history_qwen_all,0.01,fixed,0.5724759111855886,0.5946891363280624,1.123413945495617,121.44250592119536,66
22,decision_close_2024_10,history_qwen_all|lambda=0.1|scaling=fixed,history_qwen_all,0.1,fixed,0.5776014109347444,0.5464040145277171,0.9288773434419957,107.0610487491314,66
22,decision_close_2024_10,history_qwen_all|lambda=1|scaling=fixed,history_qwen_all,1.0,fixed,0.23102310231023102,0.6230605606858347,1.026410118650658,103.09930623686975,66
22,decision_close_2024_10,history_qwen_all|lambda=10|scaling=fixed,history_qwen_all,10.0,fixed,0.23102310231023102,0.6863667381503409,1.1555905576872771,117.66074147593658,66
22,decision_close_2024_10,history_qwen_inflation|lambda=0.001|scaling=fixed,history_qwen_inflation,0.001,fixed,0.6155036913550845,0.5764452436606773,1.6856486478864567,135.55434979605113,66
22,decision_close_2024_10,history_qwen_inflation|lambda=0.01|scaling=fixed,history_qwen_inflation,0.01,fixed,0.631930111930112,0.5232665467267364,1.0826629530599716,122.91947774614884,66
22,decision_close_2024_10,history_qwen_inflation|lambda=0.1|scaling=fixed,history_qwen_inflation,0.1,fixed,0.5776014109347444,0.5234769092001633,0.914227723440935,109.67445973136499,66
22,decision_close_2024_10,history_qwen_inflation|lambda=1|scaling=fixed,history_qwen_inflation,1.0,fixed,0.23102310231023102,0.6223979670126831,1.0249939680486682,104.42549112330603,66
22,decision_close_2024_10,history_qwen_inflation|lambda=10|scaling=fixed,history_qwen_inflation,10.0,fixed,0.23102310231023102,0.6871838705646461,1.1576733209410581,117.69438775029607,66
22,decision_close_2024_10,history_qwen_demand|lambda=0.001|scaling=fixed,history_qwen_demand,0.001,fixed,0.6134362934362935,0.6152201180405329,1.6216893537707866,128.22435471812238,66
22,decision_close_2024_10,history_qwen_demand|lambda=0.01|scaling=fixed,history_qwen_demand,0.01,fixed,0.5969793322734499,0.5531751821346259,1.05414827238889,116.2877517539153,66
22,decision_close_2024_10,history_qwen_demand|lambda=0.1|scaling=fixed,history_qwen_demand,0.1,fixed,0.5776014109347444,0.525897588216342,0.9055416644423002,103.78216559583491,66
22,decision_close_2024_10,history_qwen_demand|lambda=1|scaling=fixed,history_qwen_demand,1.0,fixed,0.23102310231023102,0.6235820709563651,1.02477284860711,101.97129548122605,66
22,decision_close_2024_10,history_qwen_demand|lambda=10|scaling=fixed,history_qwen_demand,10.0,fixed,0.23102310231023102,0.687394170416149,1.1577560676268914,117.52583527495362,66
22,decision_close_2024_10,history_qwen_forward|lambda=0.001|scaling=fixed,history_qwen_forward,0.001,fixed,0.5653479566523044,0.6179474350178955,1.5671031460692615,129.28629245196393,66
22,decision_close_2024_10,history_qwen_forward|lambda=0.01|scaling=fixed,history_qwen_forward,0.01,fixed,0.5670995670995671,0.5671317949263462,1.0504445036113206,119.51740245375386,66
22,decision_close_2024_10,history_qwen_forward|lambda=0.1|scaling=fixed,history_qwen_forward,0.1,fixed,0.5434565434565435,0.5378465686733326,0.8993514279487681,107.17036333661936,66
22,decision_close_2024_10,history_qwen_forward|lambda=1|scaling=fixed,history_qwen_forward,1.0,fixed,0.23102310231023102,0.6232725266251756,1.0190689719206858,102.51465088198306,66
22,decision_close_2024_10,history_qwen_forward|lambda=10|scaling=fixed,history_qwen_forward,10.0,fixed,0.23102310231023102,0.6871623126373799,1.1566901119899082,117.51767369137028,66
22,decision_close_2024_10,history_qwen_scores_only|lambda=0.001|scaling=fixed,history_qwen_scores_only,0.001,fixed,0.5814060667001844,0.6040076301587742,1.517860229954591,136.34593795646316,66
22,decision_close_2024_10,history_qwen_scores_only|lambda=0.01|scaling=fixed,history_qwen_scores_only,0.01,fixed,0.5601131861912846,0.5746125888232131,1.0394724816086587,121.95307796664915,66
22,decision_close_2024_10,history_qwen_scores_only|lambda=0.1|scaling=fixed,history_qwen_scores_only,0.1,fixed,0.5608228980322004,0.5296544923705301,0.8906491601416556,107.1586507939912,66
22,decision_close_2024_10,history_qwen_scores_only|lambda=1|scaling=fixed,history_qwen_scores_only,1.0,fixed,0.23102310231023102,0.6276077781175743,1.024510532807894,101.67127891281973,66
22,decision_close_2024_10,history_qwen_scores_only|lambda=10|scaling=fixed,history_qwen_scores_only,10.0,fixed,0.23102310231023102,0.6879558819028402,1.1582198571028455,116.97141170000113,66
22,decision_close_2024_10,history_qwen_missing_only|lambda=0.001|scaling=fixed,history_qwen_missing_only,0.001,fixed,0.6155036913550845,0.5930767881036328,1.5204486466343021,129.71937940752142,66
22,decision_close_2024_10,history_qwen_missing_only|lambda=0.01|scaling=fixed,history_qwen_missing_only,0.01,fixed,0.5969793322734499,0.5401842257497902,1.0426398700765411,119.62697331227882,66
22,decision_close_2024_10,history_qwen_missing_only|lambda=0.1|scaling=fixed,history_qwen_missing_only,0.1,fixed,0.5776014109347444,0.5320408276898109,0.9192011941412558,107.23471191728488,66
22,decision_close_2024_10,history_qwen_missing_only|lambda=1|scaling=fixed,history_qwen_missing_only,1.0,fixed,0.23102310231023102,0.6207604304456762,1.0257331680921904,103.87996491566844,66
22,decision_close_2024_10,history_qwen_missing_only|lambda=10|scaling=fixed,history_qwen_missing_only,10.0,fixed,0.23102310231023102,0.6861713402853629,1.1558127861928034,118.2110690772464,66
22,decision_close_2024_10,proxy_market|lambda=0.001|scaling=fixed,proxy_market,0.001,fixed,0.5949074074074074,0.6554310029913057,2.5498525090498974,153.31007731550682,66
22,decision_close_2024_10,proxy_market|lambda=0.01|scaling=fixed,proxy_market,0.01,fixed,0.6243450678297319,0.5809270518818518,1.3111264639159184,137.78448145163182,66
22,decision_close_2024_10,proxy_market|lambda=0.1|scaling=fixed,proxy_market,0.1,fixed,0.6669060364712539,0.5127253603786324,0.9374453698253226,114.49737751304328,66
22,decision_close_2024_10,proxy_market|lambda=1|scaling=fixed,proxy_market,1.0,fixed,0.43607548282470887,0.5951175117503914,0.9858908790662161,110.90560607835084,66
22,decision_close_2024_10,proxy_market|lambda=10|scaling=fixed,proxy_market,10.0,fixed,0.23102310231023102,0.6719401596837743,1.1306231971968732,120.6478420261118,66
22,decision_close_2024_10,proxy_market_lsa|lambda=0.001|scaling=row_only,proxy_market_lsa,0.001,row_only,0.6102778941488619,0.6243074031954027,2.487008088691228,149.124707685529,66
22,decision_close_2024_10,proxy_market_lsa|lambda=0.01|scaling=row_only,proxy_market_lsa,0.01,row_only,0.6359477124183006,0.5660805889507454,1.283974389034082,134.86168528048506,66
22,decision_close_2024_10,proxy_market_lsa|lambda=0.1|scaling=row_only,proxy_market_lsa,0.1,row_only,0.6520967065934308,0.5084376046931746,0.9294720059618625,114.06877645831032,66
22,decision_close_2024_10,proxy_market_lsa|lambda=1|scaling=row_only,proxy_market_lsa,1.0,row_only,0.43607548282470887,0.592318235181372,0.9820304475926248,111.0969695644977,66
22,decision_close_2024_10,proxy_market_lsa|lambda=10|scaling=row_only,proxy_market_lsa,10.0,row_only,0.23102310231023102,0.6713279685984287,1.129447674725887,120.68642704550824,66
22,decision_close_2024_10,proxy_market_lsa|lambda=0.001|scaling=column_standardized,proxy_market_lsa,0.001,column_standardized,0.6407407407407407,0.6488480277318383,2.512952798896852,152.88545722289098,66
22,decision_close_2024_10,proxy_market_lsa|lambda=0.01|scaling=column_standardized,proxy_market_lsa,0.01,column_standardized,0.6872563180303416,0.5447195838567036,1.2359666111301824,134.79297109987735,66
22,decision_close_2024_10,proxy_market_lsa|lambda=0.1|scaling=column_standardized,proxy_market_lsa,0.1,column_standardized,0.6621491914449661,0.48305516298803675,0.882175530365031,111.2196623084839,66
22,decision_close_2024_10,proxy_market_lsa|lambda=1|scaling=column_standardized,proxy_market_lsa,1.0,column_standardized,0.5161733883348686,0.5599958850453711,0.9365704050052687,111.29693009593274,66
22,decision_close_2024_10,proxy_market_lsa|lambda=10|scaling=column_standardized,proxy_market_lsa,10.0,column_standardized,0.23102310231023102,0.6625484282947859,1.1114028551410435,119.57489195528785,66
22,decision_close_2024_10,history_transformer|lambda=0.001|scaling=fixed,history_transformer,0.001,fixed,0.64816665055167,0.5806264009013361,1.7995906031532574,110.29812522353878,66
22,decision_close_2024_10,history_transformer|lambda=0.01|scaling=fixed,history_transformer,0.01,fixed,0.6325782304043174,0.5633948369366754,1.4239361107560298,109.44009654436812,66
22,decision_close_2024_10,history_transformer|lambda=0.1|scaling=fixed,history_transformer,0.1,fixed,0.6163942381929278,0.535385899980816,1.1138050724688906,109.11669493803655,66
22,decision_close_2024_10,history_transformer|lambda=1|scaling=fixed,history_transformer,1.0,fixed,0.6163942381929278,0.5195178955250304,0.9435395310660732,117.69017426244933,66
22,decision_close_2024_10,history_transformer|lambda=10|scaling=fixed,history_transformer,10.0,fixed,0.498441062869375,0.5698490768118383,0.976120575755864,131.72956922432047,66
23,decision_close_2024_11,history|lambda=0.001|scaling=fixed,history,0.001,fixed,0.6304451797409544,0.5512003818136192,1.2850803041237289,128.80954908762914,67
23,decision_close_2024_11,history|lambda=0.01|scaling=fixed,history,0.01,fixed,0.6037577086170437,0.5105891399398718,0.9365273869260481,118.5022176097006,67
23,decision_close_2024_11,history|lambda=0.1|scaling=fixed,history,0.1,fixed,0.5501242052966191,0.5119487611866946,0.872652914823362,105.99644324063924,67
23,decision_close_2024_11,history|lambda=1|scaling=fixed,history,1.0,fixed,0.2829131652661065,0.6184738655842325,1.0150210940226874,101.19772903680993,67
23,decision_close_2024_11,history|lambda=10|scaling=fixed,history,10.0,fixed,0.23300970873786409,0.6799834998102917,1.1472068499783605,116.26717264949077,67
23,decision_close_2024_11,history_tfidf|lambda=0.001|scaling=row_only,history_tfidf,0.001,row_only,0.6480405439309549,0.525426700912267,1.294290748361383,117.29802330969919,67
23,decision_close_2024_11,history_tfidf|lambda=0.01|scaling=row_only,history_tfidf,0.01,row_only,0.6228632478632479,0.4832082643750503,0.9017827859768865,111.50383462718175,67
23,decision_close_2024_11,history_tfidf|lambda=0.1|scaling=row_only,history_tfidf,0.1,row_only,0.5629370629370629,0.4986991856986386,0.8515201723768913,104.55476963799279,67
23,decision_close_2024_11,history_tfidf|lambda=1|scaling=row_only,history_tfidf,1.0,row_only,0.2829131652661065,0.6137801486856925,1.0079013082847508,101.36727337561406,67
23,decision_close_2024_11,history_tfidf|lambda=10|scaling=row_only,history_tfidf,10.0,row_only,0.23300970873786409,0.6793702140750968,1.1459988908968999,116.26230922173903,67
23,decision_close_2024_11,history_tfidf|lambda=0.001|scaling=column_standardized,history_tfidf,0.001,column_standardized,0.6542857142857142,0.5760316220769587,1.858242972936335,93.63895097669233,67
23,decision_close_2024_11,history_tfidf|lambda=0.01|scaling=column_standardized,history_tfidf,0.01,column_standardized,0.6542857142857142,0.5523496754813626,1.491758657979106,93.6412524041566,67
23,decision_close_2024_11,history_tfidf|lambda=0.1|scaling=column_standardized,history_tfidf,0.1,column_standardized,0.6671461261850279,0.5159641098608224,1.1570602921108646,93.65510556470021,67
23,decision_close_2024_11,history_tfidf|lambda=1|scaling=column_standardized,history_tfidf,1.0,column_standardized,0.6671461261850279,0.47021146967173344,0.8975930284341576,93.66118795816102,67
23,decision_close_2024_11,history_tfidf|lambda=10|scaling=column_standardized,history_tfidf,10.0,column_standardized,0.6189024390243902,0.4737929146325284,0.8341001700762694,99.50290288980611,67
23,decision_close_2024_11,history_lsa|lambda=0.001|scaling=row_only,history_lsa,0.001,row_only,0.5848467322151533,0.5913738678095554,1.539486740412228,138.33477692242266,67
23,decision_close_2024_11,history_lsa|lambda=0.01|scaling=row_only,history_lsa,0.01,row_only,0.6278362573099415,0.5122181070140921,0.9188976361032926,122.23132084289914,67
23,decision_close_2024_11,history_lsa|lambda=0.1|scaling=row_only,history_lsa,0.1,row_only,0.5629370629370629,0.499115671133089,0.8500442889792474,106.64665746329035,67
23,decision_close_2024_11,history_lsa|lambda=1|scaling=row_only,history_lsa,1.0,row_only,0.2829131652661065,0.6128219708467243,1.0063881054264974,101.88795429568616,67
23,decision_close_2024_11,history_lsa|lambda=10|scaling=row_only,history_lsa,10.0,row_only,0.23300970873786409,0.6791975982700978,1.1456698658639115,116.36205071180639,67
23,decision_close_2024_11,history_lsa|lambda=0.001|scaling=column_standardized,history_lsa,0.001,column_standardized,0.6121693121693121,0.6145663762251911,2.137178578480676,129.3766179335932,67
23,decision_close_2024_11,history_lsa|lambda=0.01|scaling=column_standardized,history_lsa,0.01,column_standardized,0.6208851881696361,0.5538374448549994,1.0674746475584362,129.45144955088332,67
23,decision_close_2024_11,history_lsa|lambda=0.1|scaling=column_standardized,history_lsa,0.1,column_standardized,0.6052520425280282,0.48798180416154774,0.8280057371470398,113.69438102046898,67
23,decision_close_2024_11,history_lsa|lambda=1|scaling=column_standardized,history_lsa,1.0,column_standardized,0.39083001621701313,0.5659091774590403,0.9396697465618912,106.51460660370572,67
23,decision_close_2024_11,history_lsa|lambda=10|scaling=column_standardized,history_lsa,10.0,column_standardized,0.23300970873786409,0.6690253692791776,1.1242107603265477,115.80457816110905,67
23,decision_close_2024_11,history_qwen_all|lambda=0.001|scaling=fixed,history_qwen_all,0.001,fixed,0.5757014157014156,0.6312152326892184,1.697709708002532,134.78961417242203,67
23,decision_close_2024_11,history_qwen_all|lambda=0.01|scaling=fixed,history_qwen_all,0.01,fixed,0.5749965972505785,0.5865126443628694,1.10947401103145,119.9025449680949,67
23,decision_close_2024_11,history_qwen_all|lambda=0.1|scaling=fixed,history_qwen_all,0.1,fixed,0.5796316804068743,0.5394180387589912,0.9188848932598337,105.65580507314667,67
23,decision_close_2024_11,history_qwen_all|lambda=1|scaling=fixed,history_qwen_all,1.0,fixed,0.23300970873786409,0.615853702655254,1.016534663484402,101.846860060257,67
23,decision_close_2024_11,history_qwen_all|lambda=10|scaling=fixed,history_qwen_all,10.0,fixed,0.23300970873786409,0.678535117955582,1.144274795698715,116.4021425956208,67
23,decision_close_2024_11,history_qwen_inflation|lambda=0.001|scaling=fixed,history_qwen_inflation,0.001,fixed,0.6185849238480817,0.5683659742245495,1.662710925697611,134.45210411025158,67
23,decision_close_2024_11,history_qwen_inflation|lambda=0.01|scaling=fixed,history_qwen_inflation,0.01,fixed,0.634300903774588,0.5161544878075709,1.0691993593538052,121.9867303887414,67
23,decision_close_2024_11,history_qwen_inflation|lambda=0.1|scaling=fixed,history_qwen_inflation,0.1,fixed,0.5796316804068743,0.516890062556687,0.9045249449196849,108.74006329203594,67
23,decision_close_2024_11,history_qwen_inflation|lambda=1|scaling=fixed,history_qwen_inflation,1.0,fixed,0.23300970873786409,0.6154180917670763,1.0154698402646787,102.98225507550868,67
23,decision_close_2024_11,history_qwen_inflation|lambda=10|scaling=fixed,history_qwen_inflation,10.0,fixed,0.23300970873786409,0.6793864581910491,1.1463955516091724,116.42516488137134,67
23,decision_close_2024_11,history_qwen_demand|lambda=0.001|scaling=fixed,history_qwen_demand,0.001,fixed,0.6163463463463463,0.606919447827589,1.6005301494748767,126.63545331815413,67
23,decision_close_2024_11,history_qwen_demand|lambda=0.01|scaling=fixed,history_qwen_demand,0.01,fixed,0.5995872033023736,0.5458983451646382,1.0417672528914992,114.87717459901017,67
23,decision_close_2024_11,history_qwen_demand|lambda=0.1|scaling=fixed,history_qwen_demand,0.1,fixed,0.5796316804068743,0.5194476835733345,0.8963060446900234,102.46599560382111,67
23,decision_close_2024_11,history_qwen_demand|lambda=1|scaling=fixed,history_qwen_demand,1.0,fixed,0.23300970873786409,0.6165846455343498,1.0152551143353852,100.74199010884419,67
23,decision_close_2024_11,history_qwen_demand|lambda=10|scaling=fixed,history_qwen_demand,10.0,fixed,0.23300970873786409,0.6795906640721168,1.1464729686976194,116.2796110890827,67
23,decision_close_2024_11,history_qwen_forward|lambda=0.001|scaling=fixed,history_qwen_forward,0.001,fixed,0.5683509596553075,0.6094244830003258,1.5463418562503441,128.23965104041298,67
23,decision_close_2024_11,history_qwen_forward|lambda=0.01|scaling=fixed,history_qwen_forward,0.01,fixed,0.569620253164557,0.559433899742869,1.0376325909227873,118.59464381013082,67
23,decision_close_2024_11,history_qwen_forward|lambda=0.1|scaling=fixed,history_qwen_forward,0.1,fixed,0.5456713828806853,0.5309666488591193,0.8897412463277659,106.21763417995156,67
23,decision_close_2024_11,history_qwen_forward|lambda=1|scaling=fixed,history_qwen_forward,1.0,fixed,0.23300970873786409,0.6162366270152672,1.0095714927398038,101.16436546208776,67
23,decision_close_2024_11,history_qwen_forward|lambda=10|scaling=fixed,history_qwen_forward,10.0,fixed,0.23300970873786409,0.6793608237379397,1.1454210997053662,116.27202517584652,67
23,decision_close_2024_11,history_qwen_scores_only|lambda=0.001|scaling=fixed,history_qwen_scores_only,0.001,fixed,0.5841588194529371,0.5956645614013831,1.4978738279973332,134.4849133134403,67
23,decision_close_2024_11,history_qwen_scores_only|lambda=0.01|scaling=fixed,history_qwen_scores_only,0.01,fixed,0.5628122415219189,0.5669870510875746,1.027268561569437,120.30821456496399,67
23,decision_close_2024_11,history_qwen_scores_only|lambda=0.1|scaling=fixed,history_qwen_scores_only,0.1,fixed,0.5629370629370629,0.523483807258131,0.8822002345710025,105.66784307679592,67
23,decision_close_2024_11,history_qwen_scores_only|lambda=1|scaling=fixed,history_qwen_scores_only,1.0,fixed,0.23300970873786409,0.6207652067712106,1.01532226009326,100.49915056004546,67
23,decision_close_2024_11,history_qwen_scores_only|lambda=10|scaling=fixed,history_qwen_scores_only,10.0,fixed,0.23300970873786409,0.680172748037941,1.14697334314765,115.75196640349145,67
23,decision_close_2024_11,history_qwen_missing_only|lambda=0.001|scaling=fixed,history_qwen_missing_only,0.001,fixed,0.6185849238480817,0.5849287155166627,1.5003609339721764,128.7094179444317,67
23,decision_close_2024_11,history_qwen_missing_only|lambda=0.01|scaling=fixed,history_qwen_missing_only,0.01,fixed,0.5995872033023736,0.5329845623411124,1.0300964624843716,118.75004017069561,67
23,decision_close_2024_11,history_qwen_missing_only|lambda=0.1|scaling=fixed,history_qwen_missing_only,0.1,fixed,0.5796316804068743,0.5252811503535074,0.9093458656708021,106.34507819270569,67
23,decision_close_2024_11,history_qwen_missing_only|lambda=1|scaling=fixed,history_qwen_missing_only,1.0,fixed,0.23300970873786409,0.6135839607387321,1.015858204106368,102.43959568446459,67
23,decision_close_2024_11,history_qwen_missing_only|lambda=10|scaling=fixed,history_qwen_missing_only,10.0,fixed,0.23300970873786409,0.6783390484632144,1.144487708368959,116.9227933904767,67
23,decision_close_2024_11,proxy_market|lambda=0.001|scaling=fixed,proxy_market,0.001,fixed,0.5986952861952862,0.6457900753496805,2.512935086864783,151.237636779952,67
23,decision_close_2024_11,proxy_market|lambda=0.01|scaling=fixed,proxy_market,0.01,fixed,0.627661817415138,0.5724822596666987,1.293114578301488,135.77244863505516,67
23,decision_close_2024_11,proxy_market|lambda=0.1|scaling=fixed,proxy_market,0.1,fixed,0.6694085389737564,0.5058257745978322,0.9264724497690964,112.83682664214984,67
23,decision_close_2024_11,proxy_market|lambda=1|scaling=fixed,proxy_market,1.0,fixed,0.4388701639155359,0.5887437260952957,0.9772518079381857,109.84143847308344,67
23,decision_close_2024_11,proxy_market|lambda=10|scaling=fixed,proxy_market,10.0,fixed,0.23300970873786409,0.6645573876535043,1.1200337854601503,119.66202638647238,67
23,decision_close_2024_11,proxy_market_lsa|lambda=0.001|scaling=row_only,proxy_market_lsa,0.001,row_only,0.6138429565374537,0.6150025235442118,2.4502440690158003,147.12835109061535,67
23,decision_close_2024_11,proxy_market_lsa|lambda=0.01|scaling=row_only,proxy_market_lsa,0.01,row_only,0.6390289449112978,0.5577765714101199,1.2660576154877792,133.06726632672465,67
23,decision_close_2024_11,proxy_market_lsa|lambda=0.1|scaling=row_only,proxy_market_lsa,0.1,row_only,0.6546537842190016,0.5015677869175528,0.9185414794408664,112.40806664968295,67
23,decision_close_2024_11,proxy_market_lsa|lambda=1|scaling=row_only,proxy_market_lsa,1.0,row_only,0.4388701639155359,0.5859424057518652,0.9733827675976139,110.01988236017027,67
23,decision_close_2024_11,proxy_market_lsa|lambda=10|scaling=row_only,proxy_market_lsa,10.0,row_only,0.23300970873786409,0.6639528496702813,1.118873714743838,119.70276265826539,67
23,decision_close_2024_11,proxy_market_lsa|lambda=0.001|scaling=column_standardized,proxy_market_lsa,0.001,column_standardized,0.6440087145969499,0.6391726247620629,2.475745593092919,150.70624463599412,67
23,decision_close_2024_11,proxy_market_lsa|lambda=0.01|scaling=column_standardized,proxy_market_lsa,0.01,column_standardized,0.6899962416008947,0.5366705687116824,1.2184360028781729,132.80392028523437,67
23,decision_close_2024_11,proxy_market_lsa|lambda=0.1|scaling=column_standardized,proxy_market_lsa,0.1,column_standardized,0.6648503297818366,0.4762366217190001,0.8711167110352388,109.62880070705536,67
23,decision_close_2024_11,proxy_market_lsa|lambda=1|scaling=column_standardized,proxy_market_lsa,1.0,column_standardized,0.5188834154351395,0.5534214142603783,0.9275387112327576,109.97567617227014,67
23,decision_close_2024_11,proxy_market_lsa|lambda=10|scaling=column_standardized,proxy_market_lsa,10.0,column_standardized,0.23300970873786409,0.6552373492531967,1.1009990858875074,118.56564185127068,67
23,decision_close_2024_11,history_transformer|lambda=0.001|scaling=fixed,history_transformer,0.001,fixed,0.6508677888885406,0.5719732114192719,1.773044648432492,111.67785770325334,67
23,decision_close_2024_11,history_transformer|lambda=0.01|scaling=fixed,history_transformer,0.01,fixed,0.6353309831570702,0.5550412838550383,1.4033445193777985,110.42849217349368,67
23,decision_close_2024_11,history_transformer|lambda=0.1|scaling=fixed,history_transformer,0.1,fixed,0.619194847020934,0.5276388941236173,1.0986394957402907,108.83352792848041,67
23,decision_close_2024_11,history_transformer|lambda=1|scaling=fixed,history_transformer,1.0,fixed,0.619194847020934,0.5127634372935893,0.9327818543975075,116.83431537283289,67
23,decision_close_2024_11,history_transformer|lambda=10|scaling=fixed,history_transformer,10.0,fixed,0.500765743225826,0.5638850498395559,0.9676039849345317,130.9202510845999,67
24,decision_close_2024_12,history|lambda=0.001|scaling=fixed,history,0.001,fixed,0.6214949767581346,0.5655031386196567,1.296909673618544,129.66101792816866,68
24,decision_close_2024_12,history|lambda=0.01|scaling=fixed,history,0.01,fixed,0.5951584647236822,0.5249077713981638,0.9526867580581742,119.51887486228712,68
24,decision_close_2024_12,history|lambda=0.1|scaling=fixed,history,0.1,fixed,0.5417267917267917,0.5240935095698305,0.8877621510417315,107.36933374158451,68
24,decision_close_2024_12,history|lambda=1|scaling=fixed,history,1.0,fixed,0.2806287563569117,0.6265899146728321,1.0257682833769353,103.43226291834635,68
24,decision_close_2024_12,history|lambda=10|scaling=fixed,history,10.0,fixed,0.23076923076923075,0.6869268087413409,1.1557831461332686,118.68954450229435,68
24,decision_close_2024_12,history_tfidf|lambda=0.001|scaling=row_only,history_tfidf,0.001,row_only,0.6378301378301378,0.5454185207837735,1.3286151189068458,119.00740996415868,68
24,decision_close_2024_12,history_tfidf|lambda=0.01|scaling=row_only,history_tfidf,0.01,row_only,0.6134126070834932,0.5004781029811454,0.9253833844039305,112.99706892576948,68
24,decision_close_2024_12,history_tfidf|lambda=0.1|scaling=row_only,history_tfidf,0.1,row_only,0.55451518934665,0.5117699658607401,0.868418357656672,106.02829432565508,68
24,decision_close_2024_12,history_tfidf|lambda=1|scaling=row_only,history_tfidf,1.0,row_only,0.2806287563569117,0.6220241602456693,1.018859349652302,103.61010628149978,68
24,decision_close_2024_12,history_tfidf|lambda=10|scaling=row_only,history_tfidf,10.0,row_only,0.23076923076923075,0.6863247768827975,1.1545997659336442,118.68873609878821,68
24,decision_close_2024_12,history_tfidf|lambda=0.001|scaling=column_standardized,history_tfidf,0.001,column_standardized,0.6442495126705653,0.5969613624729561,1.9678172796170619,96.21232278591727,68
24,decision_close_2024_12,history_tfidf|lambda=0.01|scaling=column_standardized,history_tfidf,0.01,column_standardized,0.6442495126705653,0.5735742241171912,1.5808350342642383,96.21614604851007,68
24,decision_close_2024_12,history_tfidf|lambda=0.1|scaling=column_standardized,history_tfidf,0.1,column_standardized,0.657078026643244,0.5374361390144555,1.2260686479263523,96.24369644986425,68
24,decision_close_2024_12,history_tfidf|lambda=1|scaling=column_standardized,history_tfidf,1.0,column_standardized,0.657078026643244,0.49101733286861027,0.9466747939084539,96.31624646672016,68
24,decision_close_2024_12,history_tfidf|lambda=10|scaling=column_standardized,history_tfidf,10.0,column_standardized,0.6096507241085555,0.49028407496675613,0.8629762034931325,102.19080441560567,68
24,decision_close_2024_12,history_lsa|lambda=0.001|scaling=row_only,history_lsa,0.001,row_only,0.5757794631034067,0.608601820558031,1.5590030242864603,138.98694174483668,68
24,decision_close_2024_12,history_lsa|lambda=0.01|scaling=row_only,history_lsa,0.01,row_only,0.6181105169340464,0.5287222377261641,0.9412975410124429,123.15348607772272,68
24,decision_close_2024_12,history_lsa|lambda=0.1|scaling=row_only,history_lsa,0.1,row_only,0.55451518934665,0.5124041294488605,0.8674556180109154,108.01654823778614,68
24,decision_close_2024_12,history_lsa|lambda=1|scaling=row_only,history_lsa,1.0,row_only,0.2806287563569117,0.6211191498391311,1.0174407196720066,104.11988228226566,68
24,decision_close_2024_12,history_lsa|lambda=10|scaling=row_only,history_lsa,10.0,row_only,0.23076923076923075,0.6861575154197723,1.154282382320459,118.78948933496672,68
24,decision_close_2024_12,history_lsa|lambda=0.001|scaling=column_standardized,history_lsa,0.001,column_standardized,0.6024434897674334,0.6332726682250567,2.1597301171349583,130.17813059227413,68
24,decision_close_2024_12,history_lsa|lambda=0.01|scaling=column_standardized,history_lsa,0.01,column_standardized,0.610953810953811,0.5727193282408598,1.1026867072138564,130.29137679463832,68
24,decision_close_2024_12,history_lsa|lambda=0.1|scaling=column_standardized,history_lsa,0.1,column_standardized,0.595620842572062,0.5050346118501525,0.8555166872830656,114.99350727332686,68
24,decision_close_2024_12,history_lsa|lambda=1|scaling=column_standardized,history_lsa,1.0,column_standardized,0.38667062784709844,0.5763397699294687,0.9539917799161302,108.59813497103806,68
24,decision_close_2024_12,history_lsa|lambda=10|scaling=column_standardized,history_lsa,10.0,column_standardized,0.23076923076923075,0.6762464783088991,1.1333208382333988,118.25027845384727,68
24,decision_close_2024_12,history_qwen_all|lambda=0.001|scaling=fixed,history_qwen_all,0.001,fixed,0.5674074074074075,0.6445657566853829,1.70459786758622,135.9046527566902,68
24,decision_close_2024_12,history_qwen_all|lambda=0.01|scaling=fixed,history_qwen_all,0.01,fixed,0.5666666666666667,0.6003778811962684,1.1254569877218839,121.24036177184949,68
24,decision_close_2024_12,history_qwen_all|lambda=0.1|scaling=fixed,history_qwen_all,0.1,fixed,0.5706075533661741,0.5528186412098995,0.9376912995665225,107.30999626875237,68
24,decision_close_2024_12,history_qwen_all|lambda=1|scaling=fixed,history_qwen_all,1.0,fixed,0.23076923076923075,0.6250445728297711,1.0291132124999247,104.14234616426513,68
24,decision_close_2024_12,history_qwen_all|lambda=10|scaling=fixed,history_qwen_all,10.0,fixed,0.23076923076923075,0.6856575286393,1.1531487738164945,118.81357261076667,68
24,decision_close_2024_12,history_qwen_inflation|lambda=0.001|scaling=fixed,history_qwen_inflation,0.001,fixed,0.609967497291441,0.5828571473357504,1.6699612536598203,135.01790448073893,68
24,decision_close_2024_12,history_qwen_inflation|lambda=0.01|scaling=fixed,history_qwen_inflation,0.01,fixed,0.6251693404634581,0.5309940505508538,1.0847397976593491,122.7550999297678,68
24,decision_close_2024_12,history_qwen_inflation|lambda=0.1|scaling=fixed,history_qwen_inflation,0.1,fixed,0.5706075533661741,0.530021947570294,0.9212915294945219,109.9093206000399,68
24,decision_close_2024_12,history_qwen_inflation|lambda=1|scaling=fixed,history_qwen_inflation,1.0,fixed,0.23076923076923075,0.62396497671504,1.026785991894259,105.10933123348215,68
24,decision_close_2024_12,history_qwen_inflation|lambda=10|scaling=fixed,history_qwen_inflation,10.0,fixed,0.23076923076923075,0.6863809080741602,1.1550415209632576,118.82682968688586,68
24,decision_close_2024_12,history_qwen_demand|lambda=0.001|scaling=fixed,history_qwen_demand,0.001,fixed,0.6079596250901226,0.6201032143178256,1.6074117849577818,127.91294595568627,68
24,decision_close_2024_12,history_qwen_demand|lambda=0.01|scaling=fixed,history_qwen_demand,0.01,fixed,0.5909090909090909,0.5598852280761116,1.057395261839883,116.32841505997152,68
24,decision_close_2024_12,history_qwen_demand|lambda=0.1|scaling=fixed,history_qwen_demand,0.1,fixed,0.5706075533661741,0.532482408171141,0.913653947622545,104.19630534655381,68
24,decision_close_2024_12,history_qwen_demand|lambda=1|scaling=fixed,history_qwen_demand,1.0,fixed,0.23076923076923075,0.62519685109016,1.0268097806454897,103.07187778914546,68
24,decision_close_2024_12,history_qwen_demand|lambda=10|scaling=fixed,history_qwen_demand,10.0,fixed,0.23076923076923075,0.6865960732910301,1.1551499840496273,118.70317215468579,68
24,decision_close_2024_12,history_qwen_forward|lambda=0.001|scaling=fixed,history_qwen_forward,0.001,fixed,0.5601322145944571,0.6229447024308703,1.554657587403908,129.01097505239,68
24,decision_close_2024_12,history_qwen_forward|lambda=0.01|scaling=fixed,history_qwen_forward,0.01,fixed,0.561319073083779,0.5737003781678373,1.0540732815914182,119.52779378172528,68
24,decision_close_2024_12,history_qwen_forward|lambda=0.1|scaling=fixed,history_qwen_forward,0.1,fixed,0.5372111923836062,0.5444626268673308,0.9083083485014841,107.5368431495019,68
24,decision_close_2024_12,history_qwen_forward|lambda=1|scaling=fixed,history_qwen_forward,1.0,fixed,0.23076923076923075,0.6249804513159706,1.0214638486194227,103.3950222416743,68
24,decision_close_2024_12,history_qwen_forward|lambda=10|scaling=fixed,history_qwen_forward,10.0,fixed,0.23076923076923075,0.6863805879595727,1.1541419247544447,118.696899938129,68
24,decision_close_2024_12,history_qwen_scores_only|lambda=0.001|scaling=fixed,history_qwen_scores_only,0.001,fixed,0.5754334554334554,0.6091171674989466,1.506672985446438,135.6870633470172,68
24,decision_close_2024_12,history_qwen_scores_only|lambda=0.01|scaling=fixed,history_qwen_scores_only,0.01,fixed,0.5545147679324894,0.5800712504722593,1.041911910015193,121.72165611668682,68
24,decision_close_2024_12,history_qwen_scores_only|lambda=0.1|scaling=fixed,history_qwen_scores_only,0.1,fixed,0.55451518934665,0.535211389909807,0.8973356154469116,107.39407669600985,68
24,decision_close_2024_12,history_qwen_scores_only|lambda=1|scaling=fixed,history_qwen_scores_only,1.0,fixed,0.23076923076923075,0.6288967580573445,1.0262967175070543,102.87006837215888,68
24,decision_close_2024_12,history_qwen_scores_only|lambda=10|scaling=fixed,history_qwen_scores_only,10.0,fixed,0.23076923076923075,0.6871190199584031,1.1555819746397369,118.20114008265803,68
24,decision_close_2024_12,history_qwen_missing_only|lambda=0.001|scaling=fixed,history_qwen_missing_only,0.001,fixed,0.609967497291441,0.5988768939564926,1.509351361691694,129.4341685172564,68
24,decision_close_2024_12,history_qwen_missing_only|lambda=0.01|scaling=fixed,history_qwen_missing_only,0.01,fixed,0.5909090909090909,0.5474160113426355,1.0458962986767064,119.63715911765468,68
24,decision_close_2024_12,history_qwen_missing_only|lambda=0.1|scaling=fixed,history_qwen_missing_only,0.1,fixed,0.5706075533661741,0.538690174816091,0.9269820399477452,107.6027221240611,68
24,decision_close_2024_12,history_qwen_missing_only|lambda=1|scaling=fixed,history_qwen_missing_only,1.0,fixed,0.23076923076923075,0.6227081780406499,1.0280994709704343,104.58403159605332,68
24,decision_close_2024_12,history_qwen_missing_only|lambda=10|scaling=fixed,history_qwen_missing_only,10.0,fixed,0.23076923076923075,0.6854577761636916,1.153328110038541,119.3064665317111,68
24,decision_close_2024_12,proxy_market|lambda=0.001|scaling=fixed,proxy_market,0.001,fixed,0.5890227914481646,0.6638977225547823,2.528165136773909,152.42410792940527,68
24,decision_close_2024_12,proxy_market|lambda=0.01|scaling=fixed,proxy_market,0.01,fixed,0.6172043010752688,0.590487686547526,1.3203139560920358,137.3288852186996,68
24,decision_close_2024_12,proxy_market|lambda=0.1|scaling=fixed,proxy_market,0.1,fixed,0.6595270785659801,0.5218430856558899,0.9514216252826405,114.77465147308051,68
24,decision_close_2024_12,proxy_market|lambda=1|scaling=fixed,proxy_market,1.0,fixed,0.43232689875158115,0.598141756079204,0.9910599103661272,112.34490701745776,68
24,decision_close_2024_12,proxy_market|lambda=10|scaling=fixed,proxy_market,10.0,fixed,0.23076923076923075,0.6716193617723815,1.129110620521587,122.32950790384875,68
24,decision_close_2024_12,proxy_market_lsa|lambda=0.001|scaling=row_only,proxy_market_lsa,0.001,row_only,0.6038387616227728,0.63474047101222,2.482848821208673,148.5157178318807,68
24,decision_close_2024_12,proxy_market_lsa|lambda=0.01|scaling=row_only,proxy_market_lsa,0.01,row_only,0.6285267158506596,0.5766076799202309,1.2977244041097644,134.68239191599855,68
24,decision_close_2024_12,proxy_market_lsa|lambda=0.1|scaling=row_only,proxy_market_lsa,0.1,row_only,0.6449893829756531,0.5177822166123047,0.9439610769541356,114.28254757536293,68
24,decision_close_2024_12,proxy_market_lsa|lambda=1|scaling=row_only,proxy_market_lsa,1.0,row_only,0.43232689875158115,0.5954847907670731,0.9874346279294057,112.50590943493044,68
24,decision_close_2024_12,proxy_market_lsa|lambda=10|scaling=row_only,proxy_market_lsa,10.0,row_only,0.23076923076923075,0.6710323486599956,1.1279860951576737,122.37155987504647,68
24,decision_close_2024_12,proxy_market_lsa|lambda=0.001|scaling=column_standardized,proxy_market_lsa,0.001,column_standardized,0.6342342342342343,0.6585956348879456,2.5092458455166824,151.93860579059876,68
24,decision_close_2024_12,proxy_market_lsa|lambda=0.01|scaling=column_standardized,proxy_market_lsa,0.01,column_standardized,0.6792626728110599,0.5566170274226745,1.2590971832585476,134.17396341543727,68
24,decision_close_2024_12,proxy_market_lsa|lambda=0.1|scaling=column_standardized,proxy_market_lsa,0.1,column_standardized,0.6551351351351352,0.4944020329878846,0.9025318481667627,111.24251679068179,68
24,decision_close_2024_12,proxy_market_lsa|lambda=1|scaling=column_standardized,proxy_market_lsa,1.0,column_standardized,0.5116713352007469,0.5647899090405266,0.944328557725799,112.19902223077759,68
24,decision_close_2024_12,proxy_market_lsa|lambda=10|scaling=column_standardized,proxy_market_lsa,10.0,column_standardized,0.23076923076923075,0.6625916569846341,1.1105986144748958,121.20873335215177,68
24,decision_close_2024_12,history_transformer|lambda=0.001|scaling=fixed,history_transformer,0.001,fixed,0.642260990087077,0.5929716459021643,1.9718157249806956,113.87361749656782,68
24,decision_close_2024_12,history_transformer|lambda=0.01|scaling=fixed,history_transformer,0.01,fixed,0.6269921179760997,0.5762582512872906,1.5456804054028115,112.92229667551922,68
24,decision_close_2024_12,history_transformer|lambda=0.1|scaling=fixed,history_transformer,0.1,fixed,0.6111489063434145,0.5489134846417159,1.1897684921223455,111.87669617657988,68
24,decision_close_2024_12,history_transformer|lambda=1|scaling=fixed,history_transformer,1.0,fixed,0.6111489063434145,0.5318417953195147,0.9799924888559323,119.79211276776671,68
24,decision_close_2024_12,history_transformer|lambda=10|scaling=fixed,history_transformer,10.0,fixed,0.4934372969460689,0.5755741752113986,0.9867797478274725,133.81873000260063,68
25,decision_close_2025_1,history|lambda=0.001|scaling=fixed,history,0.001,fixed,0.6276353276353276,0.5573079460493239,1.2781745995905722,129.22879410614752,69
25,decision_close_2025_1,history|lambda=0.01|scaling=fixed,history,0.01,fixed,0.6028804724456899,0.5174967758333441,0.9401298708412199,119.25809985745123,69
25,decision_close_2025_1,history|lambda=0.1|scaling=fixed,history,0.1,fixed,0.5337970394150169,0.5238678020604386,0.8854213855090689,107.50502814601904,69
25,decision_close_2025_1,history|lambda=1|scaling=fixed,history,1.0,fixed,0.27838827838827834,0.6323742865935635,1.0317669026050267,104.67667336789106,69
25,decision_close_2025_1,history|lambda=10|scaling=fixed,history,10.0,fixed,0.22857142857142856,0.6931787683655449,1.1630162442473748,120.75047204317356,69
25,decision_close_2025_1,history_tfidf|lambda=0.001|scaling=row_only,history_tfidf,0.001,row_only,0.6427034321771163,0.5375929954406922,1.310140515489523,119.11960116339074,69
25,decision_close_2025_1,history_tfidf|lambda=0.01|scaling=row_only,history_tfidf,0.01,row_only,0.6209162145871007,0.4941557406219212,0.9148531866300122,113.22904499523948,69
25,decision_close_2025_1,history_tfidf|lambda=0.1|scaling=row_only,history_tfidf,0.1,row_only,0.5465608465608466,0.5128318189957902,0.8675323853293291,106.26726144007546,69
25,decision_close_2025_1,history_tfidf|lambda=1|scaling=row_only,history_tfidf,1.0,row_only,0.27838827838827834,0.6278944499252312,1.0249938583414449,104.86159977498914,69
25,decision_close_2025_1,history_tfidf|lambda=10|scaling=row_only,history_tfidf,10.0,row_only,0.22857142857142856,0.6925822356588471,1.161846907438227,120.75178900645074,69
25,decision_close_2025_1,history_tfidf|lambda=0.001|scaling=column_standardized,history_tfidf,0.001,column_standardized,0.6346671346671346,0.612466847547237,1.9747225894267317,96.0972195424554,69
25,decision_close_2025_1,history_tfidf|lambda=0.01|scaling=column_standardized,history_tfidf,0.01,column_standardized,0.6346671346671346,0.5870309374363641,1.5872829846927634,96.10803502535188,69
25,decision_close_2025_1,history_tfidf|lambda=0.1|scaling=column_standardized,history_tfidf,0.1,column_standardized,0.6474635170287345,0.5485580405714332,1.2327073623310947,96.20231111735805,69
25,decision_close_2025_1,history_tfidf|lambda=1|scaling=column_standardized,history_tfidf,1.0,column_standardized,0.6474635170287345,0.5005805698823382,0.9551201687433414,96.7517600878592,69
25,decision_close_2025_1,history_tfidf|lambda=10|scaling=column_standardized,history_tfidf,10.0,column_standardized,0.6008403361344538,0.5008242364210215,0.8766369898255276,103.8238563849382,69
25,decision_close_2025_1,history_lsa|lambda=0.001|scaling=row_only,history_lsa,0.001,row_only,0.5811995173039488,0.5997997823374518,1.5367793648582426,139.34053298526203,69
25,decision_close_2025_1,history_lsa|lambda=0.01|scaling=row_only,history_lsa,0.01,row_only,0.6246464646464647,0.5218707584488455,0.9303267665191918,123.28458905064015,69
25,decision_close_2025_1,history_lsa|lambda=0.1|scaling=row_only,history_lsa,0.1,row_only,0.5465608465608466,0.5140186337748225,0.8671753335741044,108.23298751145292,69
25,decision_close_2025_1,history_lsa|lambda=1|scaling=row_only,history_lsa,1.0,row_only,0.27838827838827834,0.6270677023531979,1.0236922897883853,105.367678813777,69
25,decision_close_2025_1,history_lsa|lambda=10|scaling=row_only,history_lsa,10.0,row_only,0.22857142857142856,0.6924221322932907,1.1615433696088275,120.85371209115513,69
25,decision_close_2025_1,history_lsa|lambda=0.001|scaling=column_standardized,history_lsa,0.001,column_standardized,0.6075254948494385,0.6241108888053539,2.128780004937838,130.8141153665635,69
25,decision_close_2025_1,history_lsa|lambda=0.01|scaling=column_standardized,history_lsa,0.01,column_standardized,0.6166166166166166,0.5656415780242234,1.0901036351011453,130.62475538683728,69
25,decision_close_2025_1,history_lsa|lambda=0.1|scaling=column_standardized,history_lsa,0.1,column_standardized,0.5864670804429841,0.5112532832799439,0.8606213270911434,115.38002428997999,69
25,decision_close_2025_1,history_lsa|lambda=1|scaling=column_standardized,history_lsa,1.0,column_standardized,0.38272642390289446,0.5841277578214591,0.9628113512558248,109.79460723687883,69
25,decision_close_2025_1,history_lsa|lambda=10|scaling=column_standardized,history_lsa,10.0,column_standardized,0.22857142857142856,0.6827263068923756,1.1409869742783516,120.31581210229614,69
25,decision_close_2025_1,history_qwen_all|lambda=0.001|scaling=fixed,history_qwen_all,0.001,fixed,0.575204678362573,0.6352253504207717,1.6799845541998948,135.71744160186083,69
25,decision_close_2025_1,history_qwen_all|lambda=0.01|scaling=fixed,history_qwen_all,0.01,fixed,0.5764705882352942,0.5920680758580765,1.1109520986607229,121.28367558455601,69
25,decision_close_2025_1,history_qwen_all|lambda=0.1|scaling=fixed,history_qwen_all,0.1,fixed,0.5620739413842862,0.5546801926208833,0.9373960933444863,107.72201280756093,69
25,decision_close_2025_1,history_qwen_all|lambda=1|scaling=fixed,history_qwen_all,1.0,fixed,0.22857142857142856,0.6318667920520095,1.0365675270727608,105.45483508758414,69
25,decision_close_2025_1,history_qwen_all|lambda=10|scaling=fixed,history_qwen_all,10.0,fixed,0.22857142857142856,0.6920732657417866,1.1606430062077029,120.86318035920456,69
25,decision_close_2025_1,history_qwen_inflation|lambda=0.001|scaling=fixed,history_qwen_inflation,0.001,fixed,0.616221405984374,0.5744110755387732,1.6458499294007933,134.38902450117192,69
25,decision_close_2025_1,history_qwen_inflation|lambda=0.01|scaling=fixed,history_qwen_inflation,0.01,fixed,0.6327946127946128,0.523573177955099,1.070509194832948,122.32916701283474,69
25,decision_close_2025_1,history_qwen_inflation|lambda=0.1|scaling=fixed,history_qwen_inflation,0.1,fixed,0.5620739413842862,0.5308948458364985,0.9196968430596131,109.89764117287932,69
25,decision_close_2025_1,history_qwen_inflation|lambda=1|scaling=fixed,history_qwen_inflation,1.0,fixed,0.22857142857142856,0.6301336295273577,1.0332144100670158,106.25781727152439,69
25,decision_close_2025_1,history_qwen_inflation|lambda=10|scaling=fixed,history_qwen_inflation,10.0,fixed,0.22857142857142856,0.6926785527759172,1.162333758434879,120.86721693256818,69
25,decision_close_2025_1,history_qwen_demand|lambda=0.001|scaling=fixed,history_qwen_demand,0.001,fixed,0.6149771689497717,0.6111164946827529,1.5841614772998314,127.8134140077431,69
25,decision_close_2025_1,history_qwen_demand|lambda=0.01|scaling=fixed,history_qwen_demand,0.01,fixed,0.5986310986310986,0.5519668773392855,1.0433223449853344,116.41497621253524,69
25,decision_close_2025_1,history_qwen_demand|lambda=0.1|scaling=fixed,history_qwen_demand,0.1,fixed,0.5620739413842862,0.533407510809645,0.9123310192517087,104.63017510430208,69
25,decision_close_2025_1,history_qwen_demand|lambda=1|scaling=fixed,history_qwen_demand,1.0,fixed,0.22857142857142856,0.6314467300279445,1.0334332441117835,104.39566780343921,69
25,decision_close_2025_1,history_qwen_demand|lambda=10|scaling=fixed,history_qwen_demand,10.0,fixed,0.22857142857142856,0.6929047741985663,1.1624710380610181,120.7639468178572,69
25,decision_close_2025_1,history_qwen_forward|lambda=0.001|scaling=fixed,history_qwen_forward,0.001,fixed,0.5671497584541062,0.6139172698815697,1.5322004907740943,128.61856251615916,69
25,decision_close_2025_1,history_qwen_forward|lambda=0.01|scaling=fixed,history_qwen_forward,0.01,fixed,0.57003367003367,0.565720249787886,1.0404538436896826,119.29725560564103,69
25,decision_close_2025_1,history_qwen_forward|lambda=0.1|scaling=fixed,history_qwen_forward,0.1,fixed,0.5292207792207793,0.5461271640789168,0.9080228699604866,107.69982462309127,69
25,decision_close_2025_1,history_qwen_forward|lambda=1|scaling=fixed,history_qwen_forward,1.0,fixed,0.22857142857142856,0.6313980899329102,1.0284362102893834,104.66107791389766,69
25,decision_close_2025_1,history_qwen_forward|lambda=10|scaling=fixed,history_qwen_forward,10.0,fixed,0.22857142857142856,0.692703946328421,1.1615052248123643,120.7612663928909,69
25,decision_close_2025_1,history_qwen_scores_only|lambda=0.001|scaling=fixed,history_qwen_scores_only,0.001,fixed,0.5831554631554633,0.6002906894116885,1.4849351955713745,135.5807983869843,69
25,decision_close_2025_1,history_qwen_scores_only|lambda=0.01|scaling=fixed,history_qwen_scores_only,0.01,fixed,0.5643186895011169,0.5719749897268467,1.0284094400310522,121.83530281441847,69
25,decision_close_2025_1,history_qwen_scores_only|lambda=0.1|scaling=fixed,history_qwen_scores_only,0.1,fixed,0.5465608465608466,0.5350569985959663,0.8952064917313906,107.87671703364369,69
25,decision_close_2025_1,history_qwen_scores_only|lambda=1|scaling=fixed,history_qwen_scores_only,1.0,fixed,0.22857142857142856,0.6347291949100247,1.0325047402739171,104.25894124658626,69
25,decision_close_2025_1,history_qwen_scores_only|lambda=10|scaling=fixed,history_qwen_scores_only,10.0,fixed,0.22857142857142856,0.6933729856415521,1.1628428678549048,120.28881857938623,69
25,decision_close_2025_1,history_qwen_missing_only|lambda=0.001|scaling=fixed,history_qwen_missing_only,0.001,fixed,0.616221405984374,0.5901979463221275,1.4875325605649712,128.92008127313784,69
25,decision_close_2025_1,history_qwen_missing_only|lambda=0.01|scaling=fixed,history_qwen_missing_only,0.01,fixed,0.5986310986310986,0.5396786261503806,1.0319879181868814,119.28984055460208,69
25,decision_close_2025_1,history_qwen_missing_only|lambda=0.1|scaling=fixed,history_qwen_missing_only,0.1,fixed,0.5620739413842862,0.5397951230636459,0.9256834527723461,107.65403404698041,69
25,decision_close_2025_1,history_qwen_missing_only|lambda=1|scaling=fixed,history_qwen_missing_only,1.0,fixed,0.22857142857142856,0.6294228723024033,1.0352495753239954,105.74622241526211,69
25,decision_close_2025_1,history_qwen_missing_only|lambda=10|scaling=fixed,history_qwen_missing_only,10.0,fixed,0.22857142857142856,0.6918708162515206,1.1607934686751713,121.32864703025888,69
25,decision_close_2025_1,proxy_market|lambda=0.001|scaling=fixed,proxy_market,0.001,fixed,0.5941047965301697,0.6542835966356612,2.4917617194747255,152.33642136196687,69
25,decision_close_2025_1,proxy_market|lambda=0.01|scaling=fixed,proxy_market,0.01,fixed,0.6218375057084735,0.5826368849546422,1.3036543247136743,137.61303479644576,69
25,decision_close_2025_1,proxy_market|lambda=0.1|scaling=fixed,proxy_market,0.1,fixed,0.6500713880576581,0.524320507373899,0.9510359947614173,115.3824461977722,69
25,decision_close_2025_1,proxy_market|lambda=1|scaling=fixed,proxy_market,1.0,fixed,0.42611209672120376,0.6045862973647675,0.9984407820408645,113.74275073844065,69
25,decision_close_2025_1,proxy_market|lambda=10|scaling=fixed,proxy_market,10.0,fixed,0.22857142857142856,0.6779006628819125,1.1366411973304038,124.57522815921658,69
25,decision_close_2025_1,proxy_market_lsa|lambda=0.001|scaling=row_only,proxy_market_lsa,0.001,row_only,0.6087120559697513,0.6255646437694654,2.4472841959162395,149.61525938819057,69
25,decision_close_2025_1,proxy_market_lsa|lambda=0.01|scaling=row_only,proxy_market_lsa,0.01,row_only,0.6331599204838642,0.5693421477544273,1.2820666069182778,135.54451704539778,69
25,decision_close_2025_1,proxy_market_lsa|lambda=0.1|scaling=row_only,proxy_market_lsa,0.1,row_only,0.6357494526830911,0.5208592348205306,0.9442925449128978,114.92216347017612,69
25,decision_close_2025_1,proxy_market_lsa|lambda=1|scaling=row_only,proxy_market_lsa,1.0,row_only,0.42611209672120376,0.6020626055610014,0.9950066318962576,113.89870982713215,69
25,decision_close_2025_1,proxy_market_lsa|lambda=10|scaling=row_only,proxy_market_lsa,10.0,row_only,0.22857142857142856,0.677327444409017,1.135544082655179,124.6176086943909,69
25,decision_close_2025_1,proxy_market_lsa|lambda=0.001|scaling=column_standardized,proxy_market_lsa,0.001,column_standardized,0.6393162393162393,0.6490511285210506,2.472933928275152,152.93529229920568,69
25,decision_close_2025_1,proxy_market_lsa|lambda=0.01|scaling=column_standardized,proxy_market_lsa,0.01,column_standardized,0.6838958774442645,0.5490050342577704,1.2428397350482263,134.99242859479332,69
25,decision_close_2025_1,proxy_market_lsa|lambda=0.1|scaling=column_standardized,proxy_market_lsa,0.1,column_standardized,0.6458479532163742,0.49979302838594003,0.9058190457908064,111.83243169901691,69
25,decision_close_2025_1,proxy_market_lsa|lambda=1|scaling=column_standardized,proxy_market_lsa,1.0,column_standardized,0.5048166803605664,0.5729633297952604,0.9540183122707425,113.46447150767845,69
25,decision_close_2025_1,proxy_market_lsa|lambda=10|scaling=column_standardized,proxy_market_lsa,10.0,column_standardized,0.22857142857142856,0.6691154805552431,1.1185516326153149,123.42369354605783,69
25,decision_close_2025_1,history_transformer|lambda=0.001|scaling=fixed,history_transformer,0.001,fixed,0.6340096618357488,0.6133633175094738,2.1476294613679325,113.98072731445342,69
25,decision_close_2025_1,history_transformer|lambda=0.01|scaling=fixed,history_transformer,0.01,fixed,0.6190029141974223,0.5968889212117638,1.6653792258044853,112.87255813263714,69
25,decision_close_2025_1,history_transformer|lambda=0.1|scaling=fixed,history_transformer,0.1,fixed,0.6034453723240909,0.569815837612063,1.26279524909604,111.00246266350385,69
25,decision_close_2025_1,history_transformer|lambda=1|scaling=fixed,history_transformer,1.0,fixed,0.6034453723240909,0.5513774802580622,1.0227732981867128,119.69359875048676,69
25,decision_close_2025_1,history_transformer|lambda=10|scaling=fixed,history_transformer,10.0,fixed,0.48650472334682865,0.5874092106899486,1.0051652504469735,135.99144202763543,69
26,decision_close_2025_2,history|lambda=0.001|scaling=fixed,history,0.001,fixed,0.6331908831908831,0.549346547308764,1.2599470297549589,127.4689210966186,70
26,decision_close_2025_2,history|lambda=0.01|scaling=fixed,history,0.01,fixed,0.6098104793756968,0.5101140951368313,0.9269717692448491,117.67796112681408,70
26,decision_close_2025_2,history|lambda=0.1|scaling=fixed,history,0.1,fixed,0.5464954521134296,0.5182003750802198,0.8770088807299192,106.39932455052073,70
26,decision_close_2025_2,history|lambda=1|scaling=fixed,history,1.0,fixed,0.27619047619047615,0.6357926880020015,1.0341117590159303,105.0189470689356,70
26,decision_close_2025_2,history|lambda=10|scaling=fixed,history,10.0,fixed,0.22641509433962262,0.6987589905363354,1.1690441337488084,122.48615189626109,70
26,decision_close_2025_2,history_tfidf|lambda=0.001|scaling=row_only,history_tfidf,0.001,row_only,0.6470893970893972,0.5299168344329253,1.2915899333971517,118.01902996484971,70
26,decision_close_2025_2,history_tfidf|lambda=0.01|scaling=row_only,history_tfidf,0.01,row_only,0.6276086212795073,0.48715593060331214,0.9024552526146772,112.15311333899832,70
26,decision_close_2025_2,history_tfidf|lambda=0.1|scaling=row_only,history_tfidf,0.1,row_only,0.5592592592592592,0.5077555351158121,0.8599517090231045,105.2768762879687,70
26,decision_close_2025_2,history_tfidf|lambda=1|scaling=row_only,history_tfidf,1.0,row_only,0.27619047619047615,0.6313076464315459,1.0273619315278062,105.2137898875063,70
26,decision_close_2025_2,history_tfidf|lambda=10|scaling=row_only,history_tfidf,10.0,row_only,0.22641509433962262,0.6981577904798114,1.167873224298328,122.48864865973862,70
26,decision_close_2025_2,history_tfidf|lambda=0.001|scaling=column_standardized,history_tfidf,0.001,column_standardized,0.6397491397491398,0.6037175103855058,1.9465532308111992,95.02415722796937,70
26,decision_close_2025_2,history_tfidf|lambda=0.01|scaling=column_standardized,history_tfidf,0.01,column_standardized,0.6397491397491398,0.5786493512979565,1.564809697772314,95.04693876384525,70
26,decision_close_2025_2,history_tfidf|lambda=0.1|scaling=column_standardized,history_tfidf,0.1,column_standardized,0.6525455221107395,0.5408142696598156,1.2160312970049225,95.25007145590465,70
26,decision_close_2025_2,history_tfidf|lambda=1|scaling=column_standardized,history_tfidf,1.0,column_standardized,0.6525455221107395,0.49476677512423045,0.9454022406905355,96.38893999082325,70
26,decision_close_2025_2,history_tfidf|lambda=10|scaling=column_standardized,history_tfidf,10.0,column_standardized,0.592436974789916,0.5025659292675014,0.8778131655782128,104.65000448930797,70
26,decision_close_2025_2,history_lsa|lambda=0.001|scaling=row_only,history_lsa,0.001,row_only,0.5861153804160683,0.5912370762969292,1.5150329164585328,139.2730907621642,70
26,decision_close_2025_2,history_lsa|lambda=0.01|scaling=row_only,history_lsa,0.01,row_only,0.630494417862839,0.5144891434567335,0.9177851056929967,122.56925915360695,70
26,decision_close_2025_2,history_lsa|lambda=0.1|scaling=row_only,history_lsa,0.1,row_only,0.5592592592592592,0.5092154518108687,0.8599598742489271,107.29935525921425,70
26,decision_close_2025_2,history_lsa|lambda=1|scaling=row_only,history_lsa,1.0,row_only,0.27619047619047615,0.6305452295555368,1.0261467740554266,105.72079651379158,70
26,decision_close_2025_2,history_lsa|lambda=10|scaling=row_only,history_lsa,10.0,row_only,0.22641509433962262,0.6980027729997095,1.1675796320400487,122.59152373651796,70
26,decision_close_2025_2,history_lsa|lambda=0.001|scaling=column_standardized,history_lsa,0.001,column_standardized,0.6121116945575894,0.6152044674393695,2.0986382121600013,131.1186683526942,70
26,decision_close_2025_2,history_lsa|lambda=0.01|scaling=column_standardized,history_lsa,0.01,column_standardized,0.6216986216986217,0.5576832406675539,1.075519635603618,130.48138593070425,70
26,decision_close_2025_2,history_lsa|lambda=0.1|scaling=column_standardized,history_lsa,0.1,column_standardized,0.5939706879465916,0.5081381207657907,0.855468622479699,115.00710689363662,70
26,decision_close_2025_2,history_lsa|lambda=1|scaling=column_standardized,history_lsa,1.0,column_standardized,0.3789731914367907,0.5884730381562748,0.9664685501592233,110.22240679666041,70
26,decision_close_2025_2,history_lsa|lambda=10|scaling=column_standardized,history_lsa,10.0,column_standardized,0.22641509433962262,0.6883816951294633,1.147209684057194,122.05364812636303,70
26,decision_close_2025_2,history_qwen_all|lambda=0.001|scaling=fixed,history_qwen_all,0.001,fixed,0.5822222222222222,0.6261510514836792,1.656034889342645,134.2292358616015,70
26,decision_close_2025_2,history_qwen_all|lambda=0.01|scaling=fixed,history_qwen_all,0.01,fixed,0.5851851851851851,0.5836358293924132,1.0955198264105122,120.03164684286874,70
26,decision_close_2025_2,history_qwen_all|lambda=0.1|scaling=fixed,history_qwen_all,0.1,fixed,0.5731974119070893,0.5498346728399728,0.9298320663319605,106.90934270037016,70
26,decision_close_2025_2,history_qwen_all|lambda=1|scaling=fixed,history_qwen_all,1.0,fixed,0.22641509433962262,0.6362978039339379,1.0401257364040657,105.8687553888207,70
26,decision_close_2025_2,history_qwen_all|lambda=10|scaling=fixed,history_qwen_all,10.0,fixed,0.22641509433962262,0.6978038203500692,1.166901467272424,122.58643748990528,70
26,decision_close_2025_2,history_qwen_inflation|lambda=0.001|scaling=fixed,history_qwen_inflation,0.001,fixed,0.6218935557291273,0.5662055389863789,1.62238689970933,132.53839331211702,70
26,decision_close_2025_2,history_qwen_inflation|lambda=0.01|scaling=fixed,history_qwen_inflation,0.01,fixed,0.6396172248803828,0.5161109421835244,1.055573920040241,120.68486419905665,70
26,decision_close_2025_2,history_qwen_inflation|lambda=0.1|scaling=fixed,history_qwen_inflation,0.1,fixed,0.5731974119070893,0.5257094579952113,0.9115448790097336,108.72182876635681,70
26,decision_close_2025_2,history_qwen_inflation|lambda=1|scaling=fixed,history_qwen_inflation,1.0,fixed,0.22641509433962262,0.6339266041476704,1.035932069015332,106.52457884928917,70
26,decision_close_2025_2,history_qwen_inflation|lambda=10|scaling=fixed,history_qwen_inflation,10.0,fixed,0.22641509433962262,0.6983000076587279,1.1684125998407098,122.58282219620159,70
26,decision_close_2025_2,history_qwen_demand|lambda=0.001|scaling=fixed,history_qwen_demand,0.001,fixed,0.621326375298978,0.6023863391884996,1.5615545823558055,126.28237783822117,70
26,decision_close_2025_2,history_qwen_demand|lambda=0.01|scaling=fixed,history_qwen_demand,0.01,fixed,0.6055611055611055,0.5440918210517637,1.0286911038993578,115.08175215360383,70
26,decision_close_2025_2,history_qwen_demand|lambda=0.1|scaling=fixed,history_qwen_demand,0.1,fixed,0.5731974119070893,0.528101193483082,0.9041937013426694,103.7463424752135,70
26,decision_close_2025_2,history_qwen_demand|lambda=1|scaling=fixed,history_qwen_demand,1.0,fixed,0.22641509433962262,0.6353057859276288,1.036286201030143,104.79813510603385,70
26,decision_close_2025_2,history_qwen_demand|lambda=10|scaling=fixed,history_qwen_demand,10.0,fixed,0.22641509433962262,0.6985369981918073,1.1685762016033168,122.49813680217189,70
26,decision_close_2025_2,history_qwen_forward|lambda=0.001|scaling=fixed,history_qwen_forward,0.001,fixed,0.5734989648033125,0.6051472038314277,1.5103479344262436,126.87733513537202,70
26,decision_close_2025_2,history_qwen_forward|lambda=0.01|scaling=fixed,history_qwen_forward,0.01,fixed,0.5778309409888357,0.5576551333246434,1.0259400626465878,117.72500217275021,70
26,decision_close_2025_2,history_qwen_forward|lambda=0.1|scaling=fixed,history_qwen_forward,0.1,fixed,0.541919191919192,0.5411378624856569,0.9005514379193424,106.60045455566959,70
26,decision_close_2025_2,history_qwen_forward|lambda=1|scaling=fixed,history_qwen_forward,1.0,fixed,0.22641509433962262,0.6354424219702695,1.0316170557809072,105.02397917314991,70
26,decision_close_2025_2,history_qwen_forward|lambda=10|scaling=fixed,history_qwen_forward,10.0,fixed,0.22641509433962262,0.6983508419439949,1.1676506736378298,122.500115746193,70
26,decision_close_2025_2,history_qwen_scores_only|lambda=0.001|scaling=fixed,history_qwen_scores_only,0.001,fixed,0.5900854700854702,0.5917155275724124,1.4637767907231203,134.1837923474829,70
26,decision_close_2025_2,history_qwen_scores_only|lambda=0.01|scaling=fixed,history_qwen_scores_only,0.01,fixed,0.5730332864510079,0.5638233525040707,1.0140971460495898,120.6645460229375,70
26,decision_close_2025_2,history_qwen_scores_only|lambda=0.1|scaling=fixed,history_qwen_scores_only,0.1,fixed,0.5592592592592592,0.5295099792108294,0.8870469582488996,107.14554368748253,70
26,decision_close_2025_2,history_qwen_scores_only|lambda=1|scaling=fixed,history_qwen_scores_only,1.0,fixed,0.22641509433962262,0.6382292032896171,1.0350491171381304,104.75406270950549,70
26,decision_close_2025_2,history_qwen_scores_only|lambda=10|scaling=fixed,history_qwen_scores_only,10.0,fixed,0.22641509433962262,0.6989543090425561,1.1688945641957733,122.05091357405831,70
26,decision_close_2025_2,history_qwen_missing_only|lambda=0.001|scaling=fixed,history_qwen_missing_only,0.001,fixed,0.6218935557291273,0.5817666548323089,1.4663098914711772,127.0962109161558,70
26,decision_close_2025_2,history_qwen_missing_only|lambda=0.01|scaling=fixed,history_qwen_missing_only,0.01,fixed,0.6055611055611055,0.5319787795091289,1.0175136990890539,117.60527690471999,70
26,decision_close_2025_2,history_qwen_missing_only|lambda=0.1|scaling=fixed,history_qwen_missing_only,0.1,fixed,0.5731974119070893,0.5345030142129411,0.9174717716318993,106.4486619628429,70
26,decision_close_2025_2,history_qwen_missing_only|lambda=1|scaling=fixed,history_qwen_missing_only,1.0,fixed,0.22641509433962262,0.6337154504062581,1.0385337460225323,106.00287398808827,70
26,decision_close_2025_2,history_qwen_missing_only|lambda=10|scaling=fixed,history_qwen_missing_only,10.0,fixed,0.22641509433962262,0.6975996378354461,1.1670272236565171,123.02498296699657,70
26,decision_close_2025_2,proxy_market|lambda=0.001|scaling=fixed,proxy_market,0.001,fixed,0.5986909962383206,0.6449373613772661,2.4562347050892375,150.74394148452555,70
26,decision_close_2025_2,proxy_market|lambda=0.01|scaling=fixed,proxy_market,0.01,fixed,0.6259955098664777,0.5743427257279863,1.2854967488320124,136.37182808898126,70
26,decision_close_2025_2,proxy_market|lambda=0.1|scaling=fixed,proxy_market,0.1,fixed,0.6546575877658091,0.5193156835279691,0.9425578963268547,114.58467088138212,70
26,decision_close_2025_2,proxy_market|lambda=1|scaling=fixed,proxy_market,1.0,fixed,0.4201974470225743,0.6078476120003096,1.00089493733674,114.13408663017547,70
26,decision_close_2025_2,proxy_market|lambda=10|scaling=fixed,proxy_market,10.0,fixed,0.22641509433962262,0.6833945099038838,1.142755201527322,126.4445339596754,70
26,decision_close_2025_2,proxy_market_lsa|lambda=0.001|scaling=row_only,proxy_market_lsa,0.001,row_only,0.6130980208820321,0.6166317126121035,2.41248755822483,149.86238733817936,70
26,decision_close_2025_2,proxy_market_lsa|lambda=0.01|scaling=row_only,proxy_market_lsa,0.01,row_only,0.6373179246418683,0.5612701977457895,1.2644343184575866,135.36328572681268,70
26,decision_close_2025_2,proxy_market_lsa|lambda=0.1|scaling=row_only,proxy_market_lsa,0.1,row_only,0.6410126105778279,0.5160975394367141,0.9361578007771931,114.28351706250847,70
26,decision_close_2025_2,proxy_market_lsa|lambda=1|scaling=row_only,proxy_market_lsa,1.0,row_only,0.4201974470225743,0.6053798918933138,0.99753853605261,114.296373876322,70
26,decision_close_2025_2,proxy_market_lsa|lambda=10|scaling=row_only,proxy_market_lsa,10.0,row_only,0.22641509433962262,0.6828237469919224,1.1416672862788408,126.48646504373056,70
26,decision_close_2025_2,proxy_market_lsa|lambda=0.001|scaling=column_standardized,proxy_market_lsa,0.001,column_standardized,0.6439024390243903,0.6397790209391346,2.437627825144678,153.01675727485943,70
26,decision_close_2025_2,proxy_market_lsa|lambda=0.01|scaling=column_standardized,proxy_market_lsa,0.01,column_standardized,0.6880538816022687,0.5411881770773124,1.2255373467559652,134.91801453308963,70
26,decision_close_2025_2,proxy_market_lsa|lambda=0.1|scaling=column_standardized,proxy_market_lsa,0.1,column_standardized,0.6511111111111111,0.49568479791181463,0.8987204607173008,111.48835845125576,70
26,decision_close_2025_2,proxy_market_lsa|lambda=1|scaling=column_standardized,proxy_market_lsa,1.0,column_standardized,0.4982895457033389,0.577116218973321,0.9575673748823572,113.88206301162084,70
26,decision_close_2025_2,proxy_market_lsa|lambda=10|scaling=column_standardized,proxy_market_lsa,10.0,column_standardized,0.22641509433962262,0.6747086358433673,1.1248645450299788,125.26479365129276,70
26,decision_close_2025_2,history_transformer|lambda=0.001|scaling=fixed,history_transformer,0.001,fixed,0.6403588681849551,0.6053878742045743,2.1199848720208556,115.22607268641853,70
26,decision_close_2025_2,history_transformer|lambda=0.01|scaling=fixed,history_transformer,0.01,fixed,0.6260906773827464,0.5905122897336421,1.647013789796436,113.79052959726066,70
26,decision_close_2025_2,history_transformer|lambda=0.1|scaling=fixed,history_transformer,0.1,fixed,0.6113401091661962,0.5670041374421411,1.254529215848668,111.20833137330163,70
26,decision_close_2025_2,history_transformer|lambda=1|scaling=fixed,history_transformer,1.0,fixed,0.5960609438870308,0.556592994468929,1.028550386913492,120.81126916717318,70
26,decision_close_2025_2,history_transformer|lambda=10|scaling=fixed,history_transformer,10.0,fixed,0.47993108708803495,0.5949439762248669,1.015863344317636,138.1634755362978,70
27,decision_close_2025_3,history|lambda=0.001|scaling=fixed,history,0.001,fixed,0.6248519453361759,0.5697428797188723,1.3460329309336476,129.79633430125028,71
27,decision_close_2025_3,history|lambda=0.01|scaling=fixed,history,0.01,fixed,0.6017611447440836,0.5305360628787897,0.9787403553885349,120.1183243469147,71
27,decision_close_2025_3,history|lambda=0.1|scaling=fixed,history,0.1,fixed,0.5388974227683905,0.5289158486967208,0.8874249644794638,108.71965896882818,71
27,decision_close_2025_3,history|lambda=1|scaling=fixed,history,1.0,fixed,0.27814864263462397,0.6307729007545597,1.0268062438576866,105.80745516063664,71
27,decision_close_2025_3,history|lambda=10|scaling=fixed,history,10.0,fixed,0.22839506172839508,0.6915222397832501,1.1586002916584146,121.0502595646144,71
27,decision_close_2025_3,history_tfidf|lambda=0.001|scaling=row_only,history_tfidf,0.001,row_only,0.6377485928705441,0.5502459252542452,1.3439172763373435,119.63297704530395,71
27,decision_close_2025_3,history_tfidf|lambda=0.01|scaling=row_only,history_tfidf,0.01,row_only,0.618859649122807,0.5069783070610162,0.9407814418684427,114.256889967033,71
27,decision_close_2025_3,history_tfidf|lambda=0.1|scaling=row_only,history_tfidf,0.1,row_only,0.5516365355075032,0.5177327485829679,0.8692904438046976,107.51629914358053,71
27,decision_close_2025_3,history_tfidf|lambda=1|scaling=row_only,history_tfidf,1.0,row_only,0.27814864263462397,0.6264126000827294,1.0202269498115732,105.98843212406247,71
27,decision_close_2025_3,history_tfidf|lambda=10|scaling=row_only,history_tfidf,10.0,row_only,0.22839506172839508,0.6909372460808615,1.1574568714848577,121.05292097046537,71
27,decision_close_2025_3,history_tfidf|lambda=0.001|scaling=column_standardized,history_tfidf,0.001,column_standardized,0.6307692307692307,0.623307709076171,2.0378101065849386,96.13062640038048,71
27,decision_close_2025_3,history_tfidf|lambda=0.01|scaling=column_standardized,history_tfidf,0.01,column_standardized,0.6307692307692307,0.5983298848639207,1.6305423521680058,96.1496871811592,71
27,decision_close_2025_3,history_tfidf|lambda=0.1|scaling=column_standardized,history_tfidf,0.1,column_standardized,0.6435332966428179,0.5597416493751519,1.2574421246773173,96.31745480932415,71
27,decision_close_2025_3,history_tfidf|lambda=1|scaling=column_standardized,history_tfidf,1.0,column_standardized,0.6435332966428179,0.5087466295632309,0.9645180065860667,97.20673636013383,71
27,decision_close_2025_3,history_tfidf|lambda=10|scaling=column_standardized,history_tfidf,10.0,column_standardized,0.5844099913867357,0.5041907117696759,0.8789599475384062,104.55593903058052,71
27,decision_close_2025_3,history_lsa|lambda=0.001|scaling=row_only,history_lsa,0.001,row_only,0.5777000777000777,0.6106383558706112,1.5619768306974193,139.84300506980742,71
27,decision_close_2025_3,history_lsa|lambda=0.01|scaling=row_only,history_lsa,0.01,row_only,0.6215384615384615,0.5338156422461822,0.9548630693801966,124.26483506629059,71
27,decision_close_2025_3,history_lsa|lambda=0.1|scaling=row_only,history_lsa,0.1,row_only,0.5516365355075032,0.5185606471788626,0.8684225530366899,109.4915260193785,71
27,decision_close_2025_3,history_lsa|lambda=1|scaling=row_only,history_lsa,1.0,row_only,0.27814864263462397,0.6256301885978084,1.0189936090003413,106.48931753923753,71
27,decision_close_2025_3,history_lsa|lambda=10|scaling=row_only,history_lsa,10.0,row_only,0.22839506172839508,0.6907831798312232,1.1571657287983326,121.15341087038941,71
27,decision_close_2025_3,history_lsa|lambda=0.001|scaling=column_standardized,history_lsa,0.001,column_standardized,0.6031746031746031,0.63381425356353,2.1273584270770596,131.53954258838388,71
27,decision_close_2025_3,history_lsa|lambda=0.01|scaling=column_standardized,history_lsa,0.01,column_standardized,0.6125925925925926,0.5757285234085688,1.105370993920074,131.37800494175428,71
27,decision_close_2025_3,history_lsa|lambda=0.1|scaling=column_standardized,history_lsa,0.1,column_standardized,0.5853775853775854,0.5146264112804818,0.8603832826923381,116.60572243948002,71
27,decision_close_2025_3,history_lsa|lambda=1|scaling=column_standardized,history_lsa,1.0,column_standardized,0.38095979786442385,0.5841240092568702,0.9601230089981503,110.87224573607033,71
27,decision_close_2025_3,history_lsa|lambda=10|scaling=column_standardized,history_lsa,10.0,column_standardized,0.22839506172839508,0.6813309970196233,1.1371259877146755,120.66162482740711,71
27,decision_close_2025_3,history_qwen_all|lambda=0.001|scaling=fixed,history_qwen_all,0.001,fixed,0.5744201968335473,0.6454581922724353,1.7338587390800282,136.31052109621328,71
27,decision_close_2025_3,history_qwen_all|lambda=0.01|scaling=fixed,history_qwen_all,0.01,fixed,0.5772995217439661,0.6028951340185805,1.1420356728942023,122.29114041013864,71
27,decision_close_2025_3,history_qwen_all|lambda=0.1|scaling=fixed,history_qwen_all,0.1,fixed,0.5650971999286606,0.5584898062915736,0.9371673592801012,109.09699372886251,71
27,decision_close_2025_3,history_qwen_all|lambda=1|scaling=fixed,history_qwen_all,1.0,fixed,0.22839506172839508,0.6308010405530126,1.0321949186681092,106.60724459840286,71
27,decision_close_2025_3,history_qwen_all|lambda=10|scaling=fixed,history_qwen_all,10.0,fixed,0.22839506172839508,0.6905246542989317,1.1564080805434147,121.16272054390285,71
27,decision_close_2025_3,history_qwen_inflation|lambda=0.001|scaling=fixed,history_qwen_inflation,0.001,fixed,0.6138306138306139,0.5863543143510448,1.6998295891792428,134.98338495699852,71
27,decision_close_2025_3,history_qwen_inflation|lambda=0.01|scaling=fixed,history_qwen_inflation,0.01,fixed,0.6311111111111112,0.5363786497392117,1.1038738072020227,123.2650136679269,71
27,decision_close_2025_3,history_qwen_inflation|lambda=0.1|scaling=fixed,history_qwen_inflation,0.1,fixed,0.5650971999286606,0.5356627816759805,0.9204746045215118,111.15593594866502,71
27,decision_close_2025_3,history_qwen_inflation|lambda=1|scaling=fixed,history_qwen_inflation,1.0,fixed,0.22839506172839508,0.6287781550902736,1.028411970006966,107.36677861444747,71
27,decision_close_2025_3,history_qwen_inflation|lambda=10|scaling=fixed,history_qwen_inflation,10.0,fixed,0.22839506172839508,0.6910535077946728,1.157953663936237,121.16491397408849,71
27,decision_close_2025_3,history_qwen_demand|lambda=0.001|scaling=fixed,history_qwen_demand,0.001,fixed,0.6134422794887912,0.6220453799232615,1.6479302101323456,128.42005785846175,71
27,decision_close_2025_3,history_qwen_demand|lambda=0.01|scaling=fixed,history_qwen_demand,0.01,fixed,0.5974358974358974,0.5640548079619495,1.0795321858327056,117.36053104439593,71
27,decision_close_2025_3,history_qwen_demand|lambda=0.1|scaling=fixed,history_qwen_demand,0.1,fixed,0.5650971999286606,0.5377727626822995,0.9128798838474663,105.951681542403,71
27,decision_close_2025_3,history_qwen_demand|lambda=1|scaling=fixed,history_qwen_demand,1.0,fixed,0.22839506172839508,0.6300816392875198,1.0287061521253584,105.5536017547568,71
27,decision_close_2025_3,history_qwen_demand|lambda=10|scaling=fixed,history_qwen_demand,10.0,fixed,0.22839506172839508,0.6912829668578512,1.1581098110155337,121.06496367724557,71
27,decision_close_2025_3,history_qwen_forward|lambda=0.001|scaling=fixed,history_qwen_forward,0.001,fixed,0.5657761694428184,0.6247561672209034,1.5923452482922278,129.22931336845892,71
27,decision_close_2025_3,history_qwen_forward|lambda=0.01|scaling=fixed,history_qwen_forward,0.01,fixed,0.5700020144464589,0.577297316041463,1.0737846289769606,120.17410472581105,71
27,decision_close_2025_3,history_qwen_forward|lambda=0.1|scaling=fixed,history_qwen_forward,0.1,fixed,0.534262523751469,0.5496863650805207,0.9079668980298198,108.90122849532301,71
27,decision_close_2025_3,history_qwen_forward|lambda=1|scaling=fixed,history_qwen_forward,1.0,fixed,0.22839506172839508,0.6301170223530183,1.023997138518396,105.78525489355228,71
27,decision_close_2025_3,history_qwen_forward|lambda=10|scaling=fixed,history_qwen_forward,10.0,fixed,0.22839506172839508,0.6910968965612386,1.1571946867159595,121.06096236701457,71
27,decision_close_2025_3,history_qwen_scores_only|lambda=0.001|scaling=fixed,history_qwen_scores_only,0.001,fixed,0.5819163292847503,0.6115035292708191,1.5430069267585185,136.1733080340722,71
27,decision_close_2025_3,history_qwen_scores_only|lambda=0.01|scaling=fixed,history_qwen_scores_only,0.01,fixed,0.5651801801801802,0.5834408780652317,1.0634877544507062,122.82476404354402,71
27,decision_close_2025_3,history_qwen_scores_only|lambda=0.1|scaling=fixed,history_qwen_scores_only,0.1,fixed,0.5516365355075032,0.5401235394303269,0.897450628105361,109.25060478726424,71
27,decision_close_2025_3,history_qwen_scores_only|lambda=1|scaling=fixed,history_qwen_scores_only,1.0,fixed,0.22839506172839508,0.6331493679476299,1.0277254872657797,105.44653582022842,71
27,decision_close_2025_3,history_qwen_scores_only|lambda=10|scaling=fixed,history_qwen_scores_only,10.0,fixed,0.22839506172839508,0.6917185802744892,1.1584597953677196,120.60333534463484,71
27,decision_close_2025_3,history_qwen_missing_only|lambda=0.001|scaling=fixed,history_qwen_missing_only,0.001,fixed,0.6138306138306139,0.6017114173776679,1.5516578218526325,129.52576025407276,71
27,decision_close_2025_3,history_qwen_missing_only|lambda=0.01|scaling=fixed,history_qwen_missing_only,0.01,fixed,0.5974358974358974,0.5521018844469187,1.0682377079465726,120.14100998745813,71
27,decision_close_2025_3,history_qwen_missing_only|lambda=0.1|scaling=fixed,history_qwen_missing_only,0.1,fixed,0.5650971999286606,0.5437976330152559,0.9255397863876347,108.85048303587223,71
27,decision_close_2025_3,history_qwen_missing_only|lambda=1|scaling=fixed,history_qwen_missing_only,1.0,fixed,0.22839506172839508,0.62830936712809,1.030666643699148,106.84152387070266,71
27,decision_close_2025_3,history_qwen_missing_only|lambda=10|scaling=fixed,history_qwen_missing_only,10.0,fixed,0.22839506172839508,0.6903200113260769,1.156525716989863,121.61319389267342,71
27,decision_close_2025_3,proxy_market|lambda=0.001|scaling=fixed,proxy_market,0.001,fixed,0.5898109243697479,0.6622440869110675,2.4700908572044984,150.0554003838431,71
27,decision_close_2025_3,proxy_market|lambda=0.01|scaling=fixed,proxy_market,0.01,fixed,0.6165000757231561,0.5911270914680222,1.3069644560227904,136.03454477742827,71
27,decision_close_2025_3,proxy_market|lambda=0.1|scaling=fixed,proxy_market,0.1,fixed,0.6457745153397328,0.5268031039105944,0.947620248720568,115.32885741683958,71
27,decision_close_2025_3,proxy_market|lambda=1|scaling=fixed,proxy_market,1.0,fixed,0.42293496715139883,0.6038147003395291,0.9948939764558373,114.4129113249115,71
27,decision_close_2025_3,proxy_market|lambda=10|scaling=fixed,proxy_market,10.0,fixed,0.22839506172839508,0.6765891283309338,1.1330010278858638,124.76121334801415,71
27,decision_close_2025_3,proxy_market_lsa|lambda=0.001|scaling=row_only,proxy_market_lsa,0.001,row_only,0.6039638829568019,0.6270158788129941,2.4029737821338184,148.04279915098797,71
27,decision_close_2025_3,proxy_market_lsa|lambda=0.01|scaling=row_only,proxy_market_lsa,0.01,row_only,0.6277777777777778,0.5762670798079638,1.2793327731116366,134.44624374210758,71
27,decision_close_2025_3,proxy_market_lsa|lambda=0.1|scaling=row_only,proxy_market_lsa,0.1,row_only,0.6323245506702558,0.5228547383755577,0.9403716517836254,114.99706730514812,71
27,decision_close_2025_3,proxy_market_lsa|lambda=1|scaling=row_only,proxy_market_lsa,1.0,row_only,0.42293496715139883,0.6013648742907566,0.9915655872162138,114.57470884079372,71
27,decision_close_2025_3,proxy_market_lsa|lambda=10|scaling=row_only,proxy_market_lsa,10.0,row_only,0.22839506172839508,0.6760305764130071,1.1319342850729837,124.80482069324606,71
27,decision_close_2025_3,proxy_market_lsa|lambda=0.001|scaling=column_standardized,proxy_market_lsa,0.001,column_standardized,0.6349206349206349,0.6551233636018545,2.4459457861154252,151.47564959413236,71
27,decision_close_2025_3,proxy_market_lsa|lambda=0.01|scaling=column_standardized,proxy_market_lsa,0.01,column_standardized,0.6782901711343329,0.5574576030324551,1.2442416679820636,134.14168260835697,71
27,decision_close_2025_3,proxy_market_lsa|lambda=0.1|scaling=column_standardized,proxy_market_lsa,0.1,column_standardized,0.6423791185280274,0.5011952942030579,0.901755846571267,112.23689418338478,71
27,decision_close_2025_3,proxy_market_lsa|lambda=1|scaling=column_standardized,proxy_market_lsa,1.0,column_standardized,0.5009586231496344,0.5731886914316517,0.951751072212959,114.23657673090075,71
27,decision_close_2025_3,proxy_market_lsa|lambda=10|scaling=column_standardized,proxy_market_lsa,10.0,column_standardized,0.22839506172839508,0.668038003964387,1.115374964859962,123.6714903186988,71
27,decision_close_2025_3,history_transformer|lambda=0.001|scaling=fixed,history_transformer,0.001,fixed,0.6325191137601335,0.6249529531151962,2.1838019067709555,119.34217578820636,71
27,decision_close_2025_3,history_transformer|lambda=0.01|scaling=fixed,history_transformer,0.01,fixed,0.6184829663090533,0.609717299558868,1.687924721225886,117.55246044300546,71
27,decision_close_2025_3,history_transformer|lambda=0.1|scaling=fixed,history_transformer,0.1,fixed,0.6039825615647461,0.5827455568935159,1.2738001984146503,113.82695871773596,71
27,decision_close_2025_3,history_transformer|lambda=1|scaling=fixed,history_transformer,1.0,fixed,0.5889745000917262,0.5596044039025014,1.029664776337686,121.79851128529066,71
27,decision_close_2025_3,history_transformer|lambda=10|scaling=fixed,history_transformer,10.0,fixed,0.4822437605385437,0.5907245208088305,1.0097988079699727,136.56234806639574,71
28,decision_close_2025_4,history|lambda=0.001|scaling=fixed,history,0.001,fixed,0.6151189949639563,0.5824870991328163,1.3951638259432046,134.50527726114726,72
28,decision_close_2025_4,history|lambda=0.01|scaling=fixed,history,0.01,fixed,0.5896367191520017,0.5436282114988645,1.0252121081206524,124.96905453632179,72
28,decision_close_2025_4,history|lambda=0.1|scaling=fixed,history,0.1,fixed,0.5269781144781145,0.5405207630222969,0.9176942202213344,113.65212249935158,72
28,decision_close_2025_4,history|lambda=1|scaling=fixed,history,1.0,fixed,0.27283950617283953,0.6392551973998025,1.0430697974428587,110.03984369900809,72
28,decision_close_2025_4,history|lambda=10|scaling=fixed,history,10.0,fixed,0.22629969418960247,0.6986901157855908,1.1698006521531998,124.16954761055783,72
28,decision_close_2025_4,history_tfidf|lambda=0.001|scaling=row_only,history_tfidf,0.001,row_only,0.6288926924356962,0.5658462159949542,1.3821380214900623,124.86889216656992,72
28,decision_close_2025_4,history_tfidf|lambda=0.01|scaling=row_only,history_tfidf,0.01,row_only,0.6092094433614901,0.5203389660876385,0.9805886364527281,119.42401740763881,72
28,decision_close_2025_4,history_tfidf|lambda=0.1|scaling=row_only,history_tfidf,0.1,row_only,0.5411518511097754,0.5293571135676675,0.8987838282523585,112.47809074451314,72
28,decision_close_2025_4,history_tfidf|lambda=1|scaling=row_only,history_tfidf,1.0,row_only,0.27283950617283953,0.6349707797810902,1.0365721450708099,110.20470965143227,72
28,decision_close_2025_4,history_tfidf|lambda=10|scaling=row_only,history_tfidf,10.0,row_only,0.22629969418960247,0.6981125985294844,1.1686704294949066,124.17084601661583,72
28,decision_close_2025_4,history_tfidf|lambda=0.001|scaling=column_standardized,history_tfidf,0.001,column_standardized,0.6211814345991561,0.642094249779584,2.0887634620447995,99.95204304099221,72
28,decision_close_2025_4,history_tfidf|lambda=0.01|scaling=column_standardized,history_tfidf,0.01,column_standardized,0.6211814345991561,0.6168515273457105,1.671687625271012,99.97072477992457,72
28,decision_close_2025_4,history_tfidf|lambda=0.1|scaling=column_standardized,history_tfidf,0.1,column_standardized,0.6333333333333333,0.5772610801336648,1.2893631934081635,100.13400347586372,72
28,decision_close_2025_4,history_tfidf|lambda=1|scaling=column_standardized,history_tfidf,1.0,column_standardized,0.6333333333333333,0.5238124662552505,0.9879875126066554,100.95642484878616,72
28,decision_close_2025_4,history_tfidf|lambda=10|scaling=column_standardized,history_tfidf,10.0,column_standardized,0.5738004013866083,0.5157747176716051,0.8959688944665523,107.90749762123514,72
28,decision_close_2025_4,history_lsa|lambda=0.001|scaling=row_only,history_lsa,0.001,row_only,0.5699075995879648,0.6240438225944634,1.5947080752590617,147.46850458103836,72
28,decision_close_2025_4,history_lsa|lambda=0.01|scaling=row_only,history_lsa,0.01,row_only,0.6123552958995998,0.547306319203486,0.9933743844506583,129.9391741041516,72
28,decision_close_2025_4,history_lsa|lambda=0.1|scaling=row_only,history_lsa,0.1,row_only,0.5411518511097754,0.5302910352162957,0.8981443337326716,114.49179126396874,72
28,decision_close_2025_4,history_lsa|lambda=1|scaling=row_only,history_lsa,1.0,row_only,0.27283950617283953,0.6342775382843873,1.0354801433195175,110.71241438269193,72
28,decision_close_2025_4,history_lsa|lambda=10|scaling=row_only,history_lsa,10.0,row_only,0.22629969418960247,0.697970024864025,1.1683970034305098,124.27195213374141,72
28,decision_close_2025_4,history_lsa|lambda=0.001|scaling=column_standardized,history_lsa,0.001,column_standardized,0.5952043547697775,0.6450496274673851,2.136065714405568,139.97733916372286,72
28,decision_close_2025_4,history_lsa|lambda=0.01|scaling=column_standardized,history_lsa,0.01,column_standardized,0.6042606516290727,0.5851670652367706,1.1178907019528483,138.78729729374066,72
28,decision_close_2025_4,history_lsa|lambda=0.1|scaling=column_standardized,history_lsa,0.1,column_standardized,0.5760822203277446,0.5277578390888764,0.8852210206549773,122.19338638990845,72
28,decision_close_2025_4,history_lsa|lambda=1|scaling=column_standardized,history_lsa,1.0,column_standardized,0.3721833721833722,0.5952081511238537,0.9803213377559565,115.23002411415256,72
28,decision_close_2025_4,history_lsa|lambda=10|scaling=column_standardized,history_lsa,10.0,column_standardized,0.22629969418960247,0.6889973559838819,1.1491993287550788,123.87968901786596,72
28,decision_close_2025_4,history_qwen_all|lambda=0.001|scaling=fixed,history_qwen_all,0.001,fixed,0.5654183215158826,0.6598829994677636,1.8312128503946046,140.06818539771146,72
28,decision_close_2025_4,history_qwen_all|lambda=0.01|scaling=fixed,history_qwen_all,0.01,fixed,0.5678224566029444,0.6159794321039418,1.2154714380786058,126.27797876194882,72
28,decision_close_2025_4,history_qwen_all|lambda=0.1|scaling=fixed,history_qwen_all,0.1,fixed,0.5552188552188553,0.5708999006410491,0.9786017674016251,113.37655989856248,72
28,decision_close_2025_4,history_qwen_all|lambda=1|scaling=fixed,history_qwen_all,1.0,fixed,0.22629969418960247,0.6403085092777205,1.0514924690022651,110.73943489848075,72
28,decision_close_2025_4,history_qwen_all|lambda=10|scaling=fixed,history_qwen_all,10.0,fixed,0.22629969418960247,0.6979219006948993,1.1681187026759448,124.3420667572333,72
28,decision_close_2025_4,history_qwen_inflation|lambda=0.001|scaling=fixed,history_qwen_inflation,0.001,fixed,0.6041388004858325,0.6021275523031953,1.7343619109340567,138.96850640609313,72
28,decision_close_2025_4,history_qwen_inflation|lambda=0.01|scaling=fixed,history_qwen_inflation,0.01,fixed,0.6209023044466083,0.5502308095379729,1.1381277529286704,127.4259664170899,72
28,decision_close_2025_4,history_qwen_inflation|lambda=0.1|scaling=fixed,history_qwen_inflation,0.1,fixed,0.5552188552188553,0.5473271442109062,0.9470681701588727,115.48229810093329,72
28,decision_close_2025_4,history_qwen_inflation|lambda=1|scaling=fixed,history_qwen_inflation,1.0,fixed,0.22629969418960247,0.637655049783044,1.0448181500947997,111.32623249111147,72
28,decision_close_2025_4,history_qwen_inflation|lambda=10|scaling=fixed,history_qwen_inflation,10.0,fixed,0.22629969418960247,0.698287188812547,1.1692144743128716,124.24551322115511,72
28,decision_close_2025_4,history_qwen_demand|lambda=0.001|scaling=fixed,history_qwen_demand,0.001,fixed,0.6032597893063009,0.6340439095986555,1.6836660650878874,132.94752246048225,72
28,decision_close_2025_4,history_qwen_demand|lambda=0.01|scaling=fixed,history_qwen_demand,0.01,fixed,0.5858911819887429,0.576207989502239,1.118211884757156,122.05816144762042,72
28,decision_close_2025_4,history_qwen_demand|lambda=0.1|scaling=fixed,history_qwen_demand,0.1,fixed,0.5552188552188553,0.5489805560826494,0.9408930814700329,110.77213564041482,72
28,decision_close_2025_4,history_qwen_demand|lambda=1|scaling=fixed,history_qwen_demand,1.0,fixed,0.22629969418960247,0.6387238763393265,1.045116138972196,109.74168864030068,72
28,decision_close_2025_4,history_qwen_demand|lambda=10|scaling=fixed,history_qwen_demand,10.0,fixed,0.22629969418960247,0.6984851240577741,1.1693628093008375,124.1863264669775,72
28,decision_close_2025_4,history_qwen_forward|lambda=0.001|scaling=fixed,history_qwen_forward,0.001,fixed,0.555156831472621,0.636976228091494,1.7091349908127933,134.63723675181467,72
28,decision_close_2025_4,history_qwen_forward|lambda=0.01|scaling=fixed,history_qwen_forward,0.01,fixed,0.5587135444623367,0.5910225173507526,1.164819894124828,125.7030632468238,72
28,decision_close_2025_4,history_qwen_forward|lambda=0.1|scaling=fixed,history_qwen_forward,0.1,fixed,0.5229706073929327,0.562576393942151,0.9560456022632289,114.43201753934358,72
28,decision_close_2025_4,history_qwen_forward|lambda=1|scaling=fixed,history_qwen_forward,1.0,fixed,0.22629969418960247,0.6393776419377584,1.0435733931482452,110.38979313722724,72
28,decision_close_2025_4,history_qwen_forward|lambda=10|scaling=fixed,history_qwen_forward,10.0,fixed,0.22629969418960247,0.6984043987430725,1.168809923020632,124.28658066527572,72
28,decision_close_2025_4,history_qwen_scores_only|lambda=0.001|scaling=fixed,history_qwen_scores_only,0.001,fixed,0.5732563732563732,0.6257191687907767,1.6439565038901718,139.90034295093784,72
28,decision_close_2025_4,history_qwen_scores_only|lambda=0.01|scaling=fixed,history_qwen_scores_only,0.01,fixed,0.5562485562485563,0.5964437438383149,1.1390172039953614,126.77307311329747,72
28,decision_close_2025_4,history_qwen_scores_only|lambda=0.1|scaling=fixed,history_qwen_scores_only,0.1,fixed,0.5411518511097754,0.5527185561012465,0.9395457248621768,113.50175681616906,72
28,decision_close_2025_4,history_qwen_scores_only|lambda=1|scaling=fixed,history_qwen_scores_only,1.0,fixed,0.22629969418960247,0.6423190300469764,1.0464662559386413,109.56077841250688,72
28,decision_close_2025_4,history_qwen_scores_only|lambda=10|scaling=fixed,history_qwen_scores_only,10.0,fixed,0.22629969418960247,0.6989988989154036,1.1699674977987042,123.76200301246678,72
28,decision_close_2025_4,history_qwen_missing_only|lambda=0.001|scaling=fixed,history_qwen_missing_only,0.001,fixed,0.6041388004858325,0.6143125118215705,1.5964723599655137,134.3660155889297,72
28,decision_close_2025_4,history_qwen_missing_only|lambda=0.01|scaling=fixed,history_qwen_missing_only,0.01,fixed,0.5858911819887429,0.5646828828537438,1.1119983025514317,125.11634130337545,72
28,decision_close_2025_4,history_qwen_missing_only|lambda=0.1|scaling=fixed,history_qwen_missing_only,0.1,fixed,0.5552188552188553,0.5551809369236936,0.9551473303536405,113.89039096585255,72
28,decision_close_2025_4,history_qwen_missing_only|lambda=1|scaling=fixed,history_qwen_missing_only,1.0,fixed,0.22629969418960247,0.6372587503204022,1.0476799765234064,111.13591013225853,72
28,decision_close_2025_4,history_qwen_missing_only|lambda=10|scaling=fixed,history_qwen_missing_only,10.0,fixed,0.22629969418960247,0.6976094518018334,1.1679347312166644,124.75720559891465,72
28,decision_close_2025_4,proxy_market|lambda=0.001|scaling=fixed,proxy_market,0.001,fixed,0.5824079302340173,0.6776493058548976,2.4790087936266874,152.81295403835225,72
28,decision_close_2025_4,proxy_market|lambda=0.01|scaling=fixed,proxy_market,0.01,fixed,0.6087962962962963,0.6050492263820781,1.3321369476702682,139.0744813226594,72
28,decision_close_2025_4,proxy_market|lambda=0.1|scaling=fixed,proxy_market,0.1,fixed,0.6355311355311355,0.5386135351943572,0.9731630942732292,119.0984778583301,72
28,decision_close_2025_4,proxy_market|lambda=1|scaling=fixed,proxy_market,1.0,fixed,0.4154121863799283,0.6118974048253675,1.009214465884435,118.19775364225103,72
28,decision_close_2025_4,proxy_market|lambda=10|scaling=fixed,proxy_market,10.0,fixed,0.22629969418960247,0.6835615053533954,1.1437315536707022,127.65933061273745,72
28,decision_close_2025_4,proxy_market_lsa|lambda=0.001|scaling=row_only,proxy_market_lsa,0.001,row_only,0.5963085423107751,0.6343472266342357,2.389573269921956,152.05462884899146,72
28,decision_close_2025_4,proxy_market_lsa|lambda=0.01|scaling=row_only,proxy_market_lsa,0.01,row_only,0.6197157166003829,0.5907454128382853,1.3002917256404511,137.1343931050525,72
28,decision_close_2025_4,proxy_market_lsa|lambda=0.1|scaling=row_only,proxy_market_lsa,0.1,row_only,0.6221570443552537,0.5348546504451248,0.9655426885574604,118.65616194624499,72
28,decision_close_2025_4,proxy_market_lsa|lambda=1|scaling=row_only,proxy_market_lsa,1.0,row_only,0.4154121863799283,0.6095636680046577,1.0060374250771305,118.3481077445823,72
28,decision_close_2025_4,proxy_market_lsa|lambda=10|scaling=row_only,proxy_market_lsa,10.0,row_only,0.22629969418960247,0.6830213130120285,1.142693514432801,127.70410383731567,72
28,decision_close_2025_4,proxy_market_lsa|lambda=0.001|scaling=column_standardized,proxy_market_lsa,0.001,column_standardized,0.6446428571428572,0.6460902331387631,2.412768126295145,157.34811358310196,72
28,decision_close_2025_4,proxy_market_lsa|lambda=0.01|scaling=column_standardized,proxy_market_lsa,0.01,column_standardized,0.6867619860577606,0.5562228721856146,1.2371441901498845,139.07214244957422,72
28,decision_close_2025_4,proxy_market_lsa|lambda=0.1|scaling=column_standardized,proxy_market_lsa,0.1,column_standardized,0.6322376810181688,0.5131747218514123,0.9211045580372824,116.72875205519924,72
28,decision_close_2025_4,proxy_market_lsa|lambda=1|scaling=column_standardized,proxy_market_lsa,1.0,column_standardized,0.49132996632996634,0.5834036267389844,0.9692294650113625,118.21354600310418,72
28,decision_close_2025_4,proxy_market_lsa|lambda=10|scaling=column_standardized,proxy_market_lsa,10.0,column_standardized,0.22629969418960247,0.6754952643899952,1.1269281359674248,126.68315281288561,72
28,decision_close_2025_4,history_transformer|lambda=0.001|scaling=fixed,history_transformer,0.001,fixed,0.6211030571495688,0.6440506830262342,2.3319683322456077,131.3119728931547,72
28,decision_close_2025_4,history_transformer|lambda=0.01|scaling=fixed,history_transformer,0.01,fixed,0.6071428571428572,0.6290129009029004,1.7797314504295032,128.76825109154842,72
28,decision_close_2025_4,history_transformer|lambda=0.1|scaling=fixed,history_transformer,0.1,fixed,0.5927155157627526,0.6016969169479837,1.316303976392327,122.38044559587244,72
28,decision_close_2025_4,history_transformer|lambda=1|scaling=fixed,history_transformer,1.0,fixed,0.5777777777777778,0.5722230286070275,1.042969117096193,126.73834000308986,72
28,decision_close_2025_4,history_transformer|lambda=10|scaling=fixed,history_transformer,10.0,fixed,0.4728372655777375,0.6008297049963749,1.0216112563974433,139.18986222026493,72
29,decision_close_2025_5,history|lambda=0.001|scaling=fixed,history,0.001,fixed,0.6179639451773276,0.5762081440321287,1.3799786539447103,134.26283914130605,73
29,decision_close_2025_5,history|lambda=0.01|scaling=fixed,history,0.01,fixed,0.5922412927832982,0.5379806782650692,1.0152487355867128,124.76510299382154,73
29,decision_close_2025_5,history|lambda=0.1|scaling=fixed,history,0.1,fixed,0.5292325428194994,0.5356697640420206,0.9105644269357815,113.30427905201547,73
29,decision_close_2025_5,history|lambda=1|scaling=fixed,history,1.0,fixed,0.27474747474747474,0.6333504774624236,1.0351486172843676,109.57648786912293,73
29,decision_close_2025_5,history|lambda=10|scaling=fixed,history,10.0,fixed,0.22822822822822822,0.6916829222482299,1.1597347661454311,123.06359400691309,73
29,decision_close_2025_5,history_tfidf|lambda=0.001|scaling=row_only,history_tfidf,0.001,row_only,0.6313668264887776,0.5584059070033428,1.3647619267393662,123.60360573297936,73
29,decision_close_2025_5,history_tfidf|lambda=0.01|scaling=row_only,history_tfidf,0.01,row_only,0.6114901712111603,0.5145992510750201,0.9707051059306077,118.59071627148775,73
29,decision_close_2025_5,history_tfidf|lambda=0.1|scaling=row_only,history_tfidf,0.1,row_only,0.5433103463302502,0.5245919780045487,0.8918675012262397,112.05451693581512,73
29,decision_close_2025_5,history_tfidf|lambda=1|scaling=row_only,history_tfidf,1.0,row_only,0.27474747474747474,0.6291420915922794,1.0287656736616024,109.72326605880582,73
29,decision_close_2025_5,history_tfidf|lambda=10|scaling=row_only,history_tfidf,10.0,row_only,0.22822822822822822,0.6911182773186444,1.1586272126419714,123.06365826232525,73
29,decision_close_2025_5,history_tfidf|lambda=0.001|scaling=column_standardized,history_tfidf,0.001,column_standardized,0.6237860082304526,0.6333978522926779,2.061044004799664,99.07588180808206,73
29,decision_close_2025_5,history_tfidf|lambda=0.01|scaling=column_standardized,history_tfidf,0.01,column_standardized,0.6237860082304526,0.6087649793485989,1.6505836573754793,99.09374107376073,73
29,decision_close_2025_5,history_tfidf|lambda=0.1|scaling=column_standardized,history_tfidf,0.1,column_standardized,0.6357723577235772,0.570498428965394,1.2751510447508778,99.2496103374538,73
29,decision_close_2025_5,history_tfidf|lambda=1|scaling=column_standardized,history_tfidf,1.0,column_standardized,0.6357723577235772,0.5194998761667545,0.9805782037167489,100.0299580111673,73
29,decision_close_2025_5,history_tfidf|lambda=10|scaling=column_standardized,history_tfidf,10.0,column_standardized,0.5761250817430593,0.5126384461259034,0.8914593487545205,106.72349265973081,73
29,decision_close_2025_5,history_lsa|lambda=0.001|scaling=row_only,history_lsa,0.001,row_only,0.5729517396184063,0.6157196813084126,1.5741665813255779,145.73856039211404,73
29,decision_close_2025_5,history_lsa|lambda=0.01|scaling=row_only,history_lsa,0.01,row_only,0.6147515036403925,0.5408427687843749,0.9827644281512484,128.87071359077913,73
29,decision_close_2025_5,history_lsa|lambda=0.1|scaling=row_only,history_lsa,0.1,row_only,0.5433103463302502,0.5253321290098023,0.891003501597828,113.98142026818452,73
29,decision_close_2025_5,history_lsa|lambda=1|scaling=row_only,history_lsa,1.0,row_only,0.27474747474747474,0.6284407698346024,1.0276637801369126,110.21425914973865,73
29,decision_close_2025_5,history_lsa|lambda=10|scaling=row_only,history_lsa,10.0,row_only,0.22822822822822822,0.6909776779355682,1.1583575892879598,123.16336134434928,73
29,decision_close_2025_5,history_lsa|lambda=0.001|scaling=column_standardized,history_lsa,0.001,column_standardized,0.5982484948002189,0.636230936496229,2.107158537670798,138.3049141452581,73
29,decision_close_2025_5,history_lsa|lambda=0.01|scaling=column_standardized,history_lsa,0.01,column_standardized,0.6069597069597069,0.5773131305422806,1.1037054470750347,137.2060552228405,73
29,decision_close_2025_5,history_lsa|lambda=0.1|scaling=column_standardized,history_lsa,0.1,column_standardized,0.5785162974068522,0.5214978792520277,0.8763015746877248,120.89774783734987,73
29,decision_close_2025_5,history_lsa|lambda=1|scaling=column_standardized,history_lsa,1.0,column_standardized,0.37411854392986466,0.5893537684036333,0.9724683655502472,114.24969039449984,73
29,decision_close_2025_5,history_lsa|lambda=10|scaling=column_standardized,history_lsa,10.0,column_standardized,0.22822822822822822,0.6821089098652059,1.139393679238882,122.69685801625882,73
29,decision_close_2025_5,history_qwen_all|lambda=0.001|scaling=fixed,history_qwen_all,0.001,fixed,0.568377387766088,0.650971962572698,1.8071055315406654,138.37274987120102,73
29,decision_close_2025_5,history_qwen_all|lambda=0.01|scaling=fixed,history_qwen_all,0.01,fixed,0.5703389103389104,0.607774138904472,1.2001958530468853,124.69585618590271,73
29,decision_close_2025_5,history_qwen_all|lambda=0.1|scaling=fixed,history_qwen_all,0.1,fixed,0.5573122529644269,0.5641804833908228,0.9686829515517928,111.8426606694189,73
29,decision_close_2025_5,history_qwen_all|lambda=1|scaling=fixed,history_qwen_all,1.0,fixed,0.22822822822822822,0.6338513973826937,1.042687085979847,109.60788534575654,73
29,decision_close_2025_5,history_qwen_all|lambda=10|scaling=fixed,history_qwen_all,10.0,fixed,0.22822822822822822,0.6908557140384158,1.157972494502254,123.11044027275062,73
29,decision_close_2025_5,history_qwen_inflation|lambda=0.001|scaling=fixed,history_qwen_inflation,0.001,fixed,0.6071829405162738,0.5948767254221496,1.7135069927813469,138.36444616097802,73
29,decision_close_2025_5,history_qwen_inflation|lambda=0.01|scaling=fixed,history_qwen_inflation,0.01,fixed,0.6232985121874011,0.5440394919594472,1.1260007388109186,126.90650786990601,73
29,decision_close_2025_5,history_qwen_inflation|lambda=0.1|scaling=fixed,history_qwen_inflation,0.1,fixed,0.5573122529644269,0.5420079069102571,0.9390615124538445,114.90668259754595,73
29,decision_close_2025_5,history_qwen_inflation|lambda=1|scaling=fixed,history_qwen_inflation,1.0,fixed,0.22822822822822822,0.6315986379477398,1.0366270215371507,110.74913025530672,73
29,decision_close_2025_5,history_qwen_inflation|lambda=10|scaling=fixed,history_qwen_inflation,10.0,fixed,0.22822822822822822,0.6912676757127106,1.1591303632095105,123.11760079872951,73
29,decision_close_2025_5,history_qwen_demand|lambda=0.001|scaling=fixed,history_qwen_demand,0.001,fixed,0.6061457921923038,0.6256038979547386,1.6619665714935847,131.68325383242998,73
29,decision_close_2025_5,history_qwen_demand|lambda=0.01|scaling=fixed,history_qwen_demand,0.01,fixed,0.5884552845528455,0.5686501468629648,1.1045318397120478,120.84998357062273,73
29,decision_close_2025_5,history_qwen_demand|lambda=0.1|scaling=fixed,history_qwen_demand,0.1,fixed,0.5573122529644269,0.54263080754703,0.9316077255672137,109.46749956467866,73
29,decision_close_2025_5,history_qwen_demand|lambda=1|scaling=fixed,history_qwen_demand,1.0,fixed,0.22822822822822822,0.63243944822828,1.036622598827927,108.70614662259953,73
29,decision_close_2025_5,history_qwen_demand|lambda=10|scaling=fixed,history_qwen_demand,10.0,fixed,0.22822822822822822,0.6914471113487111,1.1592517923871168,122.97529077823509,73
29,decision_close_2025_5,history_qwen_forward|lambda=0.001|scaling=fixed,history_qwen_forward,0.001,fixed,0.5580808080808081,0.6302558300138988,1.6900456288306804,134.3019249135798,73
29,decision_close_2025_5,history_qwen_forward|lambda=0.01|scaling=fixed,history_qwen_forward,0.01,fixed,0.5611925964728479,0.5847797820794332,1.1530140611261108,125.40044664129124,73
29,decision_close_2025_5,history_qwen_forward|lambda=0.1|scaling=fixed,history_qwen_forward,0.1,fixed,0.5251931039974519,0.5571124204436607,0.9479617508123883,113.99980585542964,73
29,decision_close_2025_5,history_qwen_forward|lambda=1|scaling=fixed,history_qwen_forward,1.0,fixed,0.22822822822822822,0.6332762492079314,1.0353620953593954,109.88525091377332,73
29,decision_close_2025_5,history_qwen_forward|lambda=10|scaling=fixed,history_qwen_forward,10.0,fixed,0.22822822822822822,0.6913783563334737,1.158724918909082,123.17515821890031,73
29,decision_close_2025_5,history_qwen_scores_only|lambda=0.001|scaling=fixed,history_qwen_scores_only,0.001,fixed,0.5759962494139709,0.6172658512503797,1.622373205912093,138.27227527492508,73
29,decision_close_2025_5,history_qwen_scores_only|lambda=0.01|scaling=fixed,history_qwen_scores_only,0.01,fixed,0.5589259324199083,0.5884964749354862,1.1247613390667581,125.24832021388555,73
29,decision_close_2025_5,history_qwen_scores_only|lambda=0.1|scaling=fixed,history_qwen_scores_only,0.1,fixed,0.5433103463302502,0.5463539700674072,0.9303560025725987,111.98585926964768,73
29,decision_close_2025_5,history_qwen_scores_only|lambda=1|scaling=fixed,history_qwen_scores_only,1.0,fixed,0.22822822822822822,0.6361363384627169,1.0381743842491806,108.49818478516501,73
29,decision_close_2025_5,history_qwen_scores_only|lambda=10|scaling=fixed,history_qwen_scores_only,10.0,fixed,0.22822822822822822,0.6919755867979855,1.1598802239346182,122.5670263854388,73
29,decision_close_2025_5,history_qwen_missing_only|lambda=0.001|scaling=fixed,history_qwen_missing_only,0.001,fixed,0.6071829405162738,0.6077297250214883,1.578703735230183,134.04397676763878,73
29,decision_close_2025_5,history_qwen_missing_only|lambda=0.01|scaling=fixed,history_qwen_missing_only,0.01,fixed,0.5884552845528455,0.5588094851030595,1.100925527579462,124.82909343562169,73
29,decision_close_2025_5,history_qwen_missing_only|lambda=0.1|scaling=fixed,history_qwen_missing_only,0.1,fixed,0.5573122529644269,0.549821171557787,0.9470887074432733,113.46066515241431,73
29,decision_close_2025_5,history_qwen_missing_only|lambda=1|scaling=fixed,history_qwen_missing_only,1.0,fixed,0.22822822822822822,0.6310208100275679,1.0391759346478364,110.58634126979031,73
29,decision_close_2025_5,history_qwen_missing_only|lambda=10|scaling=fixed,history_qwen_missing_only,10.0,fixed,0.22822822822822822,0.6905582124248839,1.1578084229658607,123.61245530466684,73
29,decision_close_2025_5,proxy_market|lambda=0.001|scaling=fixed,proxy_market,0.001,fixed,0.5753501400560225,0.683703780151219,2.4639447197315394,153.44503184121518,73
29,decision_close_2025_5,proxy_market|lambda=0.01|scaling=fixed,proxy_market,0.01,fixed,0.601459803514598,0.6040384586346706,1.3238505233548818,139.83501149277555,73
29,decision_close_2025_5,proxy_market|lambda=0.1|scaling=fixed,proxy_market,0.1,fixed,0.638095238095238,0.534909833460061,0.9665493750791568,119.5118610940398,73
29,decision_close_2025_5,proxy_market|lambda=1|scaling=fixed,proxy_market,1.0,fixed,0.4180531975099038,0.606955229832495,1.0025480170150023,117.86830571731933,73
29,decision_close_2025_5,proxy_market|lambda=10|scaling=fixed,proxy_market,10.0,fixed,0.22822822822822822,0.6769819318413474,1.1343448425960685,126.66015815300221,73
29,decision_close_2025_5,proxy_market_lsa|lambda=0.001|scaling=row_only,proxy_market_lsa,0.001,row_only,0.5997814344581802,0.6275785918327891,2.3610543883957513,151.90769323488377,73
29,decision_close_2025_5,proxy_market_lsa|lambda=0.01|scaling=row_only,proxy_market_lsa,0.01,row_only,0.6227598566308243,0.5862520781071292,1.2886790193906412,137.3871790822439,73
29,decision_close_2025_5,proxy_market_lsa|lambda=0.1|scaling=row_only,proxy_market_lsa,0.1,row_only,0.6247616179865503,0.5307893905582902,0.9585886227766712,118.9208752619894,73
29,decision_close_2025_5,proxy_market_lsa|lambda=1|scaling=row_only,proxy_market_lsa,1.0,row_only,0.4180531975099038,0.6046230005451857,0.9993751540300803,117.98375391755005,73
29,decision_close_2025_5,proxy_market_lsa|lambda=10|scaling=row_only,proxy_market_lsa,10.0,row_only,0.22822822822822822,0.676452131405498,1.1333252924700303,126.70065733283458,73
29,decision_close_2025_5,proxy_market_lsa|lambda=0.001|scaling=column_standardized,proxy_market_lsa,0.001,column_standardized,0.6478174603174603,0.6372947434129738,2.380360834656064,157.08911386855783,73
29,decision_close_2025_5,proxy_market_lsa|lambda=0.01|scaling=column_standardized,proxy_market_lsa,0.01,column_standardized,0.6894631243946313,0.5490708937841808,1.222158646818103,138.97015773436303,73
29,decision_close_2025_5,proxy_market_lsa|lambda=0.1|scaling=column_standardized,proxy_market_lsa,0.1,column_standardized,0.6349775571757665,0.5075803828583143,0.9124339130899004,116.38989870747726,73
29,decision_close_2025_5,proxy_market_lsa|lambda=1|scaling=column_standardized,proxy_market_lsa,1.0,column_standardized,0.4939064558629776,0.5781337147833818,0.9621367724114774,117.42247757165696,73
29,decision_close_2025_5,proxy_market_lsa|lambda=10|scaling=column_standardized,proxy_market_lsa,10.0,column_standardized,0.22822822822822822,0.6689910665864259,1.1177198661804861,125.59534750482318,73
29,decision_close_2025_5,history_transformer|lambda=0.001|scaling=fixed,history_transformer,0.001,fixed,0.6136363636363636,0.6512989554625527,2.3201198980217237,133.28643747950912,73
29,decision_close_2025_5,history_transformer|lambda=0.01|scaling=fixed,history_transformer,0.01,fixed,0.5999002387727734,0.6315932787924833,1.7697595862922386,130.7025866547786,73
29,decision_close_2025_5,history_transformer|lambda=0.1|scaling=fixed,history_transformer,0.1,fixed,0.5955284552845529,0.5996788589277232,1.3079976497882015,123.79029717479511,73
29,decision_close_2025_5,history_transformer|lambda=1|scaling=fixed,history_transformer,1.0,fixed,0.5806233062330625,0.5682728395016173,1.0364579070203608,126.24819257073494,73
29,decision_close_2025_5,history_transformer|lambda=10|scaling=fixed,history_transformer,10.0,fixed,0.4750799857803057,0.5958540132139442,1.0145510260914234,137.6926067883664,73
30,decision_close_2025_6,history|lambda=0.001|scaling=fixed,history,0.001,fixed,0.6100689434022768,0.5922289229612334,1.3992386345287418,136.4637188619306,74
30,decision_close_2025_6,history|lambda=0.01|scaling=fixed,history,0.01,fixed,0.5847851335656213,0.5554846823296641,1.0450032337574044,127.07598448012659,74
30,decision_close_2025_6,history|lambda=0.1|scaling=fixed,history,0.1,fixed,0.5223199739328772,0.5505859795307692,0.9344610109314767,115.79242880423479,74
30,decision_close_2025_6,history|lambda=1|scaling=fixed,history,1.0,fixed,0.27267267267267264,0.6411861367671619,1.0462890558065299,112.59226752922031,74
30,decision_close_2025_6,history|lambda=10|scaling=fixed,history,10.0,fixed,0.2261904761904762,0.6973975724263924,1.1665872842442948,125.93324889946867,74
30,decision_close_2025_6,history_tfidf|lambda=0.001|scaling=row_only,history_tfidf,0.001,row_only,0.6225303060746098,0.575779622745724,1.3901862764856752,125.58506081226352,74
30,decision_close_2025_6,history_tfidf|lambda=0.01|scaling=row_only,history_tfidf,0.01,row_only,0.6032234432234432,0.5316196788078604,0.996686017916949,120.71626323625446,74
30,decision_close_2025_6,history_tfidf|lambda=0.1|scaling=row_only,history_tfidf,0.1,row_only,0.5361424394319131,0.5393601933285813,0.9148195879411677,114.48322387192277,74
30,decision_close_2025_6,history_tfidf|lambda=1|scaling=row_only,history_tfidf,1.0,row_only,0.27267267267267264,0.6370030443449924,1.0399198722658516,112.72062624653552,74
30,decision_close_2025_6,history_tfidf|lambda=10|scaling=row_only,history_tfidf,10.0,row_only,0.2261904761904762,0.6968336723750183,1.165484254321734,125.93172684697694,74
30,decision_close_2025_6,history_tfidf|lambda=0.001|scaling=column_standardized,history_tfidf,0.001,column_standardized,0.6152845528455285,0.6514673862114096,2.100177066464178,101.19067891038497,74
30,decision_close_2025_6,history_tfidf|lambda=0.01|scaling=column_standardized,history_tfidf,0.01,column_standardized,0.6152845528455285,0.6263325320445088,1.6801651871979915,101.20965665853642,74
30,decision_close_2025_6,history_tfidf|lambda=0.1|scaling=column_standardized,history_tfidf,0.1,column_standardized,0.6272406699970614,0.5863183828700581,1.2958132385679015,101.37518446447511,74
30,decision_close_2025_6,history_tfidf|lambda=1|scaling=column_standardized,history_tfidf,1.0,column_standardized,0.6272406699970614,0.531352398357883,0.993674533104865,102.18664952285081,74
30,decision_close_2025_6,history_tfidf|lambda=10|scaling=column_standardized,history_tfidf,10.0,column_standardized,0.5685399685399686,0.5206236070088537,0.9008102082531658,108.89827868740863,74
30,decision_close_2025_6,history_lsa|lambda=0.001|scaling=row_only,history_lsa,0.001,row_only,0.564977257959714,0.6322723901805795,1.5962695856984006,146.51590251784668,74
30,decision_close_2025_6,history_lsa|lambda=0.01|scaling=row_only,history_lsa,0.01,row_only,0.6062851782363978,0.5578512621349656,1.0100459240419344,130.00624457386917,74
30,decision_close_2025_6,history_lsa|lambda=0.1|scaling=row_only,history_lsa,0.1,row_only,0.5361424394319131,0.5403104590666471,0.9144593408518971,116.1767566428014,74
30,decision_close_2025_6,history_lsa|lambda=1|scaling=row_only,history_lsa,1.0,row_only,0.27267267267267264,0.6363558427303824,1.0388972273456547,113.18415015833199,74
30,decision_close_2025_6,history_lsa|lambda=10|scaling=row_only,history_lsa,10.0,row_only,0.2261904761904762,0.6966979891184715,1.165223146311124,126.02958900717607,74
30,decision_close_2025_6,history_lsa|lambda=0.001|scaling=column_standardized,history_lsa,0.001,column_standardized,0.5897874196316774,0.6536126472768072,2.131964218080655,139.32360696069208,74
30,decision_close_2025_6,history_lsa|lambda=0.01|scaling=column_standardized,history_lsa,0.01,column_standardized,0.5983475205457299,0.5947060101677056,1.1345610382749456,137.98076639123695,74
30,decision_close_2025_6,history_lsa|lambda=0.1|scaling=column_standardized,history_lsa,0.1,column_standardized,0.5703984617028095,0.5380396365555659,0.9036477501321848,121.93551402073047,74
30,decision_close_2025_6,history_lsa|lambda=1|scaling=column_standardized,history_lsa,1.0,column_standardized,0.37062621337306423,0.5985547705976298,0.9850708885723624,116.64145841500084,74
30,decision_close_2025_6,history_lsa|lambda=10|scaling=column_standardized,history_lsa,10.0,column_standardized,0.2261904761904762,0.687961293286705,1.1464821564932854,125.48300691463481,74
30,decision_close_2025_6,history_qwen_all|lambda=0.001|scaling=fixed,history_qwen_all,0.001,fixed,0.5609890109890111,0.6641319719283227,1.8140026844233421,138.90684813158896,74
30,decision_close_2025_6,history_qwen_all|lambda=0.01|scaling=fixed,history_qwen_all,0.01,fixed,0.5628895768833849,0.6226333015594352,1.218912935468224,125.41325023169736,74
30,decision_close_2025_6,history_qwen_all|lambda=0.1|scaling=fixed,history_qwen_all,0.1,fixed,0.5496904529162594,0.5784805341973995,0.9889524306058982,112.920641869942,74
30,decision_close_2025_6,history_qwen_all|lambda=1|scaling=fixed,history_qwen_all,1.0,fixed,0.2261904761904762,0.642348452961422,1.0543177326443542,111.92290465607749,74
30,decision_close_2025_6,history_qwen_all|lambda=10|scaling=fixed,history_qwen_all,10.0,fixed,0.2261904761904762,0.6967020454101661,1.1649763318064323,125.85989851367142,74
30,decision_close_2025_6,history_qwen_inflation|lambda=0.001|scaling=fixed,history_qwen_inflation,0.001,fixed,0.5995451591942821,0.6099943203330813,1.7255809839745502,139.97241963171854,74
30,decision_close_2025_6,history_qwen_inflation|lambda=0.01|scaling=fixed,history_qwen_inflation,0.01,fixed,0.6152595372107567,0.5612121352574,1.1525685997284911,128.6667682045446,74
30,decision_close_2025_6,history_qwen_inflation|lambda=0.1|scaling=fixed,history_qwen_inflation,0.1,fixed,0.5496904529162594,0.5568056294233868,0.962117684650126,116.95749640895465,74
30,decision_close_2025_6,history_qwen_inflation|lambda=1|scaling=fixed,history_qwen_inflation,1.0,fixed,0.2261904761904762,0.6396571589079691,1.0479910732060584,113.60329948901007,74
30,decision_close_2025_6,history_qwen_inflation|lambda=10|scaling=fixed,history_qwen_inflation,10.0,fixed,0.2261904761904762,0.6970167196875471,1.1660247102093138,125.96471851378105,74
30,decision_close_2025_6,history_qwen_demand|lambda=0.001|scaling=fixed,history_qwen_demand,0.001,fixed,0.5986790986790987,0.6409407053023662,1.6771812188768016,132.94244221071477,74
30,decision_close_2025_6,history_qwen_demand|lambda=0.01|scaling=fixed,history_qwen_demand,0.01,fixed,0.5809288653733098,0.5852602299662,1.1297974438521934,122.23721860398308,74
30,decision_close_2025_6,history_qwen_demand|lambda=0.1|scaling=fixed,history_qwen_demand,0.1,fixed,0.5496904529162594,0.557666758374744,0.9538567389438818,111.0686985403168,74
30,decision_close_2025_6,history_qwen_demand|lambda=1|scaling=fixed,history_qwen_demand,1.0,fixed,0.2261904761904762,0.640696570008046,1.047889592513355,111.17109862437714,74
30,decision_close_2025_6,history_qwen_demand|lambda=10|scaling=fixed,history_qwen_demand,10.0,fixed,0.2261904761904762,0.6972123405750346,1.16612951177666,125.74562642090481,74
30,decision_close_2025_6,history_qwen_forward|lambda=0.001|scaling=fixed,history_qwen_forward,0.001,fixed,0.5508907641819034,0.645236575246884,1.7038534778186065,136.4635208519095,74
30,decision_close_2025_6,history_qwen_forward|lambda=0.01|scaling=fixed,history_qwen_forward,0.01,fixed,0.5539480550085004,0.601216287917177,1.1784743147977088,127.66480220615827,74
30,decision_close_2025_6,history_qwen_forward|lambda=0.1|scaling=fixed,history_qwen_forward,0.1,fixed,0.51822573561704,0.5717426217321715,0.9715309265939938,116.44394217109877,74
30,decision_close_2025_6,history_qwen_forward|lambda=1|scaling=fixed,history_qwen_forward,1.0,fixed,0.2261904761904762,0.6414771616128042,1.0471712056736149,112.87216056602733,74
30,decision_close_2025_6,history_qwen_forward|lambda=10|scaling=fixed,history_qwen_forward,10.0,fixed,0.2261904761904762,0.6971495389785982,1.1656777021432398,126.03999008413969,74
30,decision_close_2025_6,history_qwen_scores_only|lambda=0.001|scaling=fixed,history_qwen_scores_only,0.001,fixed,0.5682700993676603,0.6311659232781087,1.6325912384447718,138.82902669951736,74
30,decision_close_2025_6,history_qwen_scores_only|lambda=0.01|scaling=fixed,history_qwen_scores_only,0.01,fixed,0.5515069725596041,0.6039137746198592,1.145608777970717,125.97959583916801,74
30,decision_close_2025_6,history_qwen_scores_only|lambda=0.1|scaling=fixed,history_qwen_scores_only,0.1,fixed,0.5361424394319131,0.5607369915466296,0.9506679908876297,113.08477203758129,74
30,decision_close_2025_6,history_qwen_scores_only|lambda=1|scaling=fixed,history_qwen_scores_only,1.0,fixed,0.2261904761904762,0.6440821976215177,1.049031649774986,110.86558224826216,74
30,decision_close_2025_6,history_qwen_scores_only|lambda=10|scaling=fixed,history_qwen_scores_only,10.0,fixed,0.2261904761904762,0.697697540766256,1.1667060684467851,125.35087892576826,74
30,decision_close_2025_6,history_qwen_missing_only|lambda=0.001|scaling=fixed,history_qwen_missing_only,0.001,fixed,0.5995451591942821,0.6234185966382458,1.5956916370573062,136.2117640540806,74
30,decision_close_2025_6,history_qwen_missing_only|lambda=0.01|scaling=fixed,history_qwen_missing_only,0.01,fixed,0.5809288653733098,0.5760515323689089,1.1296463422431247,127.1027289699178,74
30,decision_close_2025_6,history_qwen_missing_only|lambda=0.1|scaling=fixed,history_qwen_missing_only,0.1,fixed,0.5496904529162594,0.5648225001340775,0.9714421224007818,115.90680846889522,74
30,decision_close_2025_6,history_qwen_missing_only|lambda=1|scaling=fixed,history_qwen_missing_only,1.0,fixed,0.2261904761904762,0.6394620427275246,1.051176048610423,113.53384323330246,74
30,decision_close_2025_6,history_qwen_missing_only|lambda=10|scaling=fixed,history_qwen_missing_only,10.0,fixed,0.2261904761904762,0.6963990443222579,1.1648417462328566,126.44558077264874,74
30,decision_close_2025_6,proxy_market|lambda=0.001|scaling=fixed,proxy_market,0.001,fixed,0.5669961400872173,0.7003903020890614,2.5152931719159604,158.05935192539462,74
30,decision_close_2025_6,proxy_market|lambda=0.01|scaling=fixed,proxy_market,0.01,fixed,0.5925237876457389,0.6214000905902165,1.3606718651199918,144.5111149009964,74
30,decision_close_2025_6,proxy_market|lambda=0.1|scaling=fixed,proxy_market,0.1,fixed,0.6296774810986697,0.5486342828251106,0.9876133120221395,123.34618598038742,74
30,decision_close_2025_6,proxy_market|lambda=1|scaling=fixed,proxy_market,1.0,fixed,0.41250000000000003,0.6143711850127668,1.0134241561771957,121.08946660259433,74
30,decision_close_2025_6,proxy_market|lambda=10|scaling=fixed,proxy_market,10.0,fixed,0.2261904761904762,0.6825887501943797,1.141231984038282,129.6448546029376,74
30,decision_close_2025_6,proxy_market_lsa|lambda=0.001|scaling=row_only,proxy_market_lsa,0.001,row_only,0.5911357786357786,0.6454975503169902,2.4052182609250794,154.9206284429529,74
30,decision_close_2025_6,proxy_market_lsa|lambda=0.01|scaling=row_only,proxy_market_lsa,0.01,row_only,0.6137383190470275,0.6040556497758366,1.3256905810012198,140.77563271923054,74
30,decision_close_2025_6,proxy_market_lsa|lambda=0.1|scaling=row_only,proxy_market_lsa,0.1,row_only,0.6165311653116531,0.5449519948982828,0.9803141583979856,122.3288196596081,74
30,decision_close_2025_6,proxy_market_lsa|lambda=1|scaling=row_only,proxy_market_lsa,1.0,row_only,0.41250000000000003,0.6121403458120929,1.0103690740783404,121.1527199520535,74
30,decision_close_2025_6,proxy_market_lsa|lambda=10|scaling=row_only,proxy_market_lsa,10.0,row_only,0.2261904761904762,0.6820661583388347,1.140225989155954,129.68012920893648,74
30,decision_close_2025_6,proxy_market_lsa|lambda=0.001|scaling=column_standardized,proxy_market_lsa,0.001,column_standardized,0.6392362217266645,0.6544378279638543,2.400845731589368,159.97801923747548,74
30,decision_close_2025_6,proxy_market_lsa|lambda=0.01|scaling=column_standardized,proxy_market_lsa,0.01,column_standardized,0.6801568752788265,0.5668552402319917,1.252407323718879,141.80587315158388,74
30,decision_close_2025_6,proxy_market_lsa|lambda=0.1|scaling=column_standardized,proxy_market_lsa,0.1,column_standardized,0.6267094017094017,0.5238692169509003,0.9384243487989026,118.61966827186272,74
30,decision_close_2025_6,proxy_market_lsa|lambda=1|scaling=column_standardized,proxy_market_lsa,1.0,column_standardized,0.48778103616813295,0.5869503185965617,0.9744490413532987,120.02049712044703,74
30,decision_close_2025_6,proxy_market_lsa|lambda=10|scaling=column_standardized,proxy_market_lsa,10.0,column_standardized,0.2261904761904762,0.6747501615535857,1.1248394029154176,128.48017149201416,74
30,decision_close_2025_6,history_transformer|lambda=0.001|scaling=fixed,history_transformer,0.001,fixed,0.6064463197374589,0.6680592108267037,2.3374808342184914,134.5416818340679,74
30,decision_close_2025_6,history_transformer|lambda=0.01|scaling=fixed,history_transformer,0.01,fixed,0.592929292929293,0.646581458068212,1.782675200483088,131.9047398849524,74
30,decision_close_2025_6,history_transformer|lambda=0.1|scaling=fixed,history_transformer,0.1,fixed,0.5885598141695704,0.6116160563496152,1.3177828670263496,125.05170335356699,74
30,decision_close_2025_6,history_transformer|lambda=1|scaling=fixed,history_transformer,1.0,fixed,0.5739135403402228,0.5775963694650907,1.046280193860458,127.81836956669054,74
30,decision_close_2025_6,history_transformer|lambda=10|scaling=fixed,history_transformer,10.0,fixed,0.46893424036281184,0.6035129444995169,1.025003676758897,139.87548216067415,74
31,decision_close_2025_7,history|lambda=0.001|scaling=fixed,history,0.001,fixed,0.6153390356288907,0.5843647137313632,1.381057481331558,136.2079985419418,75
31,decision_close_2025_7,history|lambda=0.01|scaling=fixed,history,0.01,fixed,0.5912786400591279,0.5486329480579606,1.033175868106624,126.9996387138467,75
31,decision_close_2025_7,history|lambda=0.1|scaling=fixed,history,0.1,fixed,0.5332867848996882,0.5496373775789843,0.9314932543120795,116.14293190876371,75
31,decision_close_2025_7,history|lambda=1|scaling=fixed,history,1.0,fixed,0.2706349206349206,0.6450970525619592,1.050042334722755,113.7411260111291,75
31,decision_close_2025_7,history|lambda=10|scaling=fixed,history,10.0,fixed,0.224188790560472,0.7022684147916994,1.1718891720391056,127.68723621729667,75
31,decision_close_2025_7,history_tfidf|lambda=0.001|scaling=row_only,history_tfidf,0.001,row_only,0.6268593104036142,0.568237529346693,1.3726912888170748,126.44317658857393,75
31,decision_close_2025_7,history_tfidf|lambda=0.01|scaling=row_only,history_tfidf,0.01,row_only,0.6094773519163763,0.5256124219519321,0.9864819440798711,121.25730072878366,75
31,decision_close_2025_7,history_tfidf|lambda=0.1|scaling=row_only,history_tfidf,0.1,row_only,0.547171851196619,0.5387282188438535,0.9123301880642581,114.9376545686307,75
31,decision_close_2025_7,history_tfidf|lambda=1|scaling=row_only,history_tfidf,1.0,row_only,0.2706349206349206,0.6409037162263962,1.0436746201830482,113.86583276904169,75
31,decision_close_2025_7,history_tfidf|lambda=10|scaling=row_only,history_tfidf,10.0,row_only,0.224188790560472,0.7017004892126624,1.1707840619341823,127.68430777118692,75
31,decision_close_2025_7,history_tfidf|lambda=0.001|scaling=column_standardized,history_tfidf,0.001,column_standardized,0.620200415957648,0.6428549426055319,2.072948580206177,102.181277629804,75
31,decision_close_2025_7,history_tfidf|lambda=0.01|scaling=column_standardized,history_tfidf,0.01,column_standardized,0.620200415957648,0.6183422224945997,1.6595432477997443,102.20112714647354,75
31,decision_close_2025_7,history_tfidf|lambda=0.1|scaling=column_standardized,history_tfidf,0.1,column_standardized,0.632156533109181,0.5799264888898695,1.2823635299954932,102.3744672155152,75
31,decision_close_2025_7,history_tfidf|lambda=1|scaling=column_standardized,history_tfidf,1.0,column_standardized,0.632156533109181,0.5285645157423784,0.9880763068998389,103.22185703310214,75
31,decision_close_2025_7,history_tfidf|lambda=10|scaling=column_standardized,history_tfidf,10.0,column_standardized,0.561274982327614,0.5233196899516088,0.9031573821757941,110.04353037241563,75
31,decision_close_2025_7,history_lsa|lambda=0.001|scaling=row_only,history_lsa,0.001,row_only,0.569705390347421,0.6241829060018084,1.576616515858429,147.23513074144657,75
31,decision_close_2025_7,history_lsa|lambda=0.01|scaling=row_only,history_lsa,0.01,row_only,0.6118407337919534,0.5518692115081772,1.0001989251722707,130.25943899820226,75
31,decision_close_2025_7,history_lsa|lambda=0.1|scaling=row_only,history_lsa,0.1,row_only,0.5293109668109669,0.5402393086989403,0.9125575041119951,116.57148989687919,75
31,decision_close_2025_7,history_lsa|lambda=1|scaling=row_only,history_lsa,1.0,row_only,0.2706349206349206,0.6403235841869074,1.042736630657212,114.31415584081991,75
31,decision_close_2025_7,history_lsa|lambda=10|scaling=row_only,history_lsa,10.0,row_only,0.224188790560472,0.7015700927142252,1.1705313475700427,127.77988570536341,75
31,decision_close_2025_7,history_lsa|lambda=0.001|scaling=column_standardized,history_lsa,0.001,column_standardized,0.5942663171338308,0.6452757693597592,2.1052825379602282,140.44752756369994,75
31,decision_close_2025_7,history_lsa|lambda=0.01|scaling=column_standardized,history_lsa,0.01,column_standardized,0.6032633836578494,0.58882211127546,1.1238766914717642,138.6125776477112,75
31,decision_close_2025_7,history_lsa|lambda=0.1|scaling=column_standardized,history_lsa,0.1,column_standardized,0.5626290934958303,0.5399525308532568,0.9039974994125396,122.31262036073575,75
31,decision_close_2025_7,history_lsa|lambda=1|scaling=column_standardized,history_lsa,1.0,column_standardized,0.36728395061728397,0.6033930136708809,0.9899074537961625,117.54830682493048,75
31,decision_close_2025_7,history_lsa|lambda=10|scaling=column_standardized,history_lsa,10.0,column_standardized,0.224188790560472,0.6929225632640049,1.1519526361300292,127.16304051500508,75
31,decision_close_2025_7,history_qwen_all|lambda=0.001|scaling=fixed,history_qwen_all,0.001,fixed,0.5674825174825174,0.6558871967648869,1.7920609679201311,140.48021639830623,75
31,decision_close_2025_7,history_qwen_all|lambda=0.01|scaling=fixed,history_qwen_all,0.01,fixed,0.5707843137254902,0.6173540438251979,1.2083327791617624,127.20225920540909,75
31,decision_close_2025_7,history_qwen_all|lambda=0.1|scaling=fixed,history_qwen_all,0.1,fixed,0.5424204498046801,0.5787067983271657,0.9871172025411972,114.94697229488784,75
31,decision_close_2025_7,history_qwen_all|lambda=1|scaling=fixed,history_qwen_all,1.0,fixed,0.224188790560472,0.6464194423600685,1.0581413091958638,113.7286881443579,75
31,decision_close_2025_7,history_qwen_all|lambda=10|scaling=fixed,history_qwen_all,10.0,fixed,0.224188790560472,0.7016326239293011,1.1703394972247216,127.64608123910484,75
31,decision_close_2025_7,history_qwen_inflation|lambda=0.001|scaling=fixed,history_qwen_inflation,0.001,fixed,0.6049037092336831,0.6019435689896983,1.7033417159527644,139.63167436727568,75
31,decision_close_2025_7,history_qwen_inflation|lambda=0.01|scaling=fixed,history_qwen_inflation,0.01,fixed,0.6216087435599631,0.5545225345088456,1.139757285143874,128.52234495889778,75
31,decision_close_2025_7,history_qwen_inflation|lambda=0.1|scaling=fixed,history_qwen_inflation,0.1,fixed,0.5424204498046801,0.5562629903505932,0.959285674142054,117.213488236688,75
31,decision_close_2025_7,history_qwen_inflation|lambda=1|scaling=fixed,history_qwen_inflation,1.0,fixed,0.224188790560472,0.643782562241428,1.0519314987626918,114.6639271583778,75
31,decision_close_2025_7,history_qwen_inflation|lambda=10|scaling=fixed,history_qwen_inflation,10.0,fixed,0.224188790560472,0.7019179317402614,1.1713613555389444,127.6981610019152,75
31,decision_close_2025_7,history_qwen_demand|lambda=0.001|scaling=fixed,history_qwen_demand,0.001,fixed,0.6046079524340393,0.6325633627612377,1.6560041993431076,134.3644943728909,75
31,decision_close_2025_7,history_qwen_demand|lambda=0.01|scaling=fixed,history_qwen_demand,0.01,fixed,0.5874223718668162,0.5801886360744679,1.1203501230891952,123.8547448653094,75
31,decision_close_2025_7,history_qwen_demand|lambda=0.1|scaling=fixed,history_qwen_demand,0.1,fixed,0.5424204498046801,0.5603730260504463,0.9557464900761573,113.00940074466983,75
31,decision_close_2025_7,history_qwen_demand|lambda=1|scaling=fixed,history_qwen_demand,1.0,fixed,0.224188790560472,0.6453503752659346,1.0530087717311436,113.12169416244593,75
31,decision_close_2025_7,history_qwen_demand|lambda=10|scaling=fixed,history_qwen_demand,10.0,fixed,0.224188790560472,0.7021727514503902,1.171619255798445,127.62069436903334,75
31,decision_close_2025_7,history_qwen_forward|lambda=0.001|scaling=fixed,history_qwen_forward,0.001,fixed,0.5568797318729988,0.6366642253504775,1.681597804229084,136.06981812215886,75
31,decision_close_2025_7,history_qwen_forward|lambda=0.01|scaling=fixed,history_qwen_forward,0.01,fixed,0.5611327780185211,0.5935218293999859,1.1643208973560746,127.43873141070613,75
31,decision_close_2025_7,history_qwen_forward|lambda=0.1|scaling=fixed,history_qwen_forward,0.1,fixed,0.5291925465838508,0.5686532769693555,0.9658935673303498,116.62635888626899,75
31,decision_close_2025_7,history_qwen_forward|lambda=1|scaling=fixed,history_qwen_forward,1.0,fixed,0.224188790560472,0.6448199278048607,1.0498326478525732,113.83673678611689,75
31,decision_close_2025_7,history_qwen_forward|lambda=10|scaling=fixed,history_qwen_forward,10.0,fixed,0.224188790560472,0.7019665136082612,1.1708308447084699,127.71818866018987,75
31,decision_close_2025_7,history_qwen_scores_only|lambda=0.001|scaling=fixed,history_qwen_scores_only,0.001,fixed,0.5746985357450474,0.6232352372976838,1.612799249522936,140.4379680483562,75
31,decision_close_2025_7,history_qwen_scores_only|lambda=0.01|scaling=fixed,history_qwen_scores_only,0.01,fixed,0.5594017094017095,0.598511883523193,1.1355527302252895,127.79647175295734,75
31,decision_close_2025_7,history_qwen_scores_only|lambda=0.1|scaling=fixed,history_qwen_scores_only,0.1,fixed,0.5293109668109669,0.5604253458011687,0.9485074665951246,115.14834498829279,75
31,decision_close_2025_7,history_qwen_scores_only|lambda=1|scaling=fixed,history_qwen_scores_only,1.0,fixed,0.224188790560472,0.6475353999162143,1.052208561004978,112.73585014076885,75
31,decision_close_2025_7,history_qwen_scores_only|lambda=10|scaling=fixed,history_qwen_scores_only,10.0,fixed,0.224188790560472,0.7025120545821674,1.1719122829938564,127.17303850306793,75
31,decision_close_2025_7,history_qwen_missing_only|lambda=0.001|scaling=fixed,history_qwen_missing_only,0.001,fixed,0.6049037092336831,0.615143387230485,1.5749264219730674,135.9336692706151,75
31,decision_close_2025_7,history_qwen_missing_only|lambda=0.01|scaling=fixed,history_qwen_missing_only,0.01,fixed,0.5874223718668162,0.5690169952560056,1.1168726175738297,126.99956706053706,75
31,decision_close_2025_7,history_qwen_missing_only|lambda=0.1|scaling=fixed,history_qwen_missing_only,0.1,fixed,0.5424204498046801,0.5644433460099869,0.9687924050271973,116.22419212976199,75
31,decision_close_2025_7,history_qwen_missing_only|lambda=1|scaling=fixed,history_qwen_missing_only,1.0,fixed,0.224188790560472,0.6439507662217459,1.0555478899148205,114.6210525460321,75
31,decision_close_2025_7,history_qwen_missing_only|lambda=10|scaling=fixed,history_qwen_missing_only,10.0,fixed,0.224188790560472,0.7013850159230707,1.1702998821138249,128.163405824188,75
31,decision_close_2025_7,proxy_market|lambda=0.001|scaling=fixed,proxy_market,0.001,fixed,0.5714750375893707,0.6924880460551325,2.48583414833093,159.2833354336236,75
31,decision_close_2025_7,proxy_market|lambda=0.01|scaling=fixed,proxy_market,0.01,fixed,0.5966833641252246,0.6138835524292963,1.3451638977171299,145.74582123042813,75
31,decision_close_2025_7,proxy_market|lambda=0.1|scaling=fixed,proxy_market,0.1,fixed,0.6341563786008231,0.546711213568309,0.9830553702760964,124.19465748364172,75
31,decision_close_2025_7,proxy_market|lambda=1|scaling=fixed,proxy_market,1.0,fixed,0.4071956680204103,0.6177179620563659,1.0167033282277174,122.20418650709347,75
31,decision_close_2025_7,proxy_market|lambda=10|scaling=fixed,proxy_market,10.0,fixed,0.224188790560472,0.68734341233567,1.146523799838849,131.44734567078234,75
31,decision_close_2025_7,proxy_market_lsa|lambda=0.001|scaling=row_only,proxy_market_lsa,0.001,row_only,0.595464782964783,0.6399803754093774,2.3798043788827568,157.38037124258815,75
31,decision_close_2025_7,proxy_market_lsa|lambda=0.01|scaling=row_only,proxy_market_lsa,0.01,row_only,0.6178978955265132,0.5973623505433201,1.3116531828281472,142.7411320587592,75
31,decision_close_2025_7,proxy_market_lsa|lambda=0.1|scaling=row_only,proxy_market_lsa,0.1,row_only,0.6215816703621582,0.5435066894942632,0.9763193665990525,123.2355233445515,75
31,decision_close_2025_7,proxy_market_lsa|lambda=1|scaling=row_only,proxy_market_lsa,1.0,row_only,0.4071956680204103,0.6155562186955053,1.0137281800495994,122.25262334228323,75
31,decision_close_2025_7,proxy_market_lsa|lambda=10|scaling=row_only,proxy_market_lsa,10.0,row_only,0.224188790560472,0.6868236557831344,1.1455246257708522,131.47777402158593,75
31,decision_close_2025_7,proxy_market_lsa|lambda=0.001|scaling=column_standardized,proxy_market_lsa,0.001,column_standardized,0.6437151192288179,0.6465843333865832,2.3718074460749365,162.43706513701974,75
31,decision_close_2025_7,proxy_market_lsa|lambda=0.01|scaling=column_standardized,proxy_market_lsa,0.01,column_standardized,0.6843164517583121,0.5604705503468206,1.239115087902634,144.01399123186155,75
31,decision_close_2025_7,proxy_market_lsa|lambda=0.1|scaling=column_standardized,proxy_market_lsa,0.1,column_standardized,0.6187636652752931,0.5242422218615439,0.9366321938523001,119.72899972982353,75
31,decision_close_2025_7,proxy_market_lsa|lambda=1|scaling=column_standardized,proxy_market_lsa,1.0,column_standardized,0.48192816778548947,0.5912625181783073,0.9787546861245708,120.9555597478342,75
31,decision_close_2025_7,proxy_market_lsa|lambda=10|scaling=column_standardized,proxy_market_lsa,10.0,column_standardized,0.224188790560472,0.6796094391803622,1.130296511101614,130.19952594637348,75
31,decision_close_2025_7,history_transformer|lambda=0.001|scaling=fixed,history_transformer,0.001,fixed,0.5995169082125603,0.6668179588909207,2.316571438514732,133.09644247196186,75
31,decision_close_2025_7,history_transformer|lambda=0.01|scaling=fixed,history_transformer,0.01,fixed,0.5995169082125603,0.6430566721350125,1.766650394822475,130.35943788073442,75
31,decision_close_2025_7,history_transformer|lambda=0.1|scaling=fixed,history_transformer,0.1,fixed,0.5957748213845776,0.6075387473273159,1.3072811571978282,123.81112796869097,75
31,decision_close_2025_7,history_transformer|lambda=1|scaling=fixed,history_transformer,1.0,fixed,0.5818545499828773,0.5768853747230621,1.0437667204481333,127.94126818948665,75
31,decision_close_2025_7,history_transformer|lambda=10|scaling=fixed,history_transformer,10.0,fixed,0.46308243727598564,0.6078641215735341,1.030657487034759,141.244067423432,75
32,decision_close_2025_8,history|lambda=0.001|scaling=fixed,history,0.001,fixed,0.6201699535032869,0.5766943288783545,1.3632405473725622,137.0380307609402,76
32,decision_close_2025_8,history|lambda=0.01|scaling=fixed,history,0.01,fixed,0.5972074938140687,0.5415514300173662,1.0205687932206151,127.90437343504604,76
32,decision_close_2025_8,history|lambda=0.1|scaling=fixed,history,0.1,fixed,0.543067994680898,0.5444175071444483,0.9235427707886142,116.8531429326906,76
32,decision_close_2025_8,history|lambda=1|scaling=fixed,history,1.0,fixed,0.2686332350049164,0.6470871874892438,1.0505579261081452,113.03791314894765,76
32,decision_close_2025_8,history|lambda=10|scaling=fixed,history,10.0,fixed,0.2222222222222222,0.706608951449933,1.1761827005777188,127.0317135616371,76
32,decision_close_2025_8,history_tfidf|lambda=0.001|scaling=row_only,history_tfidf,0.001,row_only,0.6308118795735747,0.5625300385725617,1.3585823374861228,126.29479277648726,76
32,decision_close_2025_8,history_tfidf|lambda=0.01|scaling=row_only,history_tfidf,0.01,row_only,0.6151495016611296,0.5192544003178289,0.9755757985632474,121.77274962336847,76
32,decision_close_2025_8,history_tfidf|lambda=0.1|scaling=row_only,history_tfidf,0.1,row_only,0.5569757727652465,0.5339404103606092,0.9049957781707466,115.58674816928287,76
32,decision_close_2025_8,history_tfidf|lambda=1|scaling=row_only,history_tfidf,1.0,row_only,0.2686332350049164,0.6428785476402803,1.0441993984833449,113.15198534846394,76
32,decision_close_2025_8,history_tfidf|lambda=10|scaling=row_only,history_tfidf,10.0,row_only,0.2222222222222222,0.7060355206676049,1.17507386037951,127.02795004599854,76
32,decision_close_2025_8,history_tfidf|lambda=0.001|scaling=column_standardized,history_tfidf,0.001,column_standardized,0.6121723256663015,0.6523362120884836,2.068680397441935,100.98970788282321,76
32,decision_close_2025_8,history_tfidf|lambda=0.01|scaling=column_standardized,history_tfidf,0.01,column_standardized,0.6121723256663015,0.6246554724940993,1.6555537267605842,101.01193380283003,76
32,decision_close_2025_8,history_tfidf|lambda=0.1|scaling=column_standardized,history_tfidf,0.1,column_standardized,0.6240981240981242,0.5832640326629809,1.279349247830584,101.20626073045932,76
32,decision_close_2025_8,history_tfidf|lambda=1|scaling=column_standardized,history_tfidf,1.0,column_standardized,0.6240981240981242,0.5300772609439657,0.9867091659343965,102.12023935957512,76
32,decision_close_2025_8,history_tfidf|lambda=10|scaling=column_standardized,history_tfidf,10.0,column_standardized,0.5543080108297499,0.5259527378089603,0.9051420760128377,108.77239169142828,76
32,decision_close_2025_8,history_lsa|lambda=0.001|scaling=row_only,history_lsa,0.001,row_only,0.5740475527442945,0.6161958258452108,1.5571522575985155,146.5916585724331,76
32,decision_close_2025_8,history_lsa|lambda=0.01|scaling=row_only,history_lsa,0.01,row_only,0.6168912388424584,0.5450276230554204,0.9888174924389611,130.59449400005417,76
32,decision_close_2025_8,history_lsa|lambda=0.1|scaling=row_only,history_lsa,0.1,row_only,0.5402777777777777,0.5356556403929335,0.9054874352505698,117.19684537260422,76
32,decision_close_2025_8,history_lsa|lambda=1|scaling=row_only,history_lsa,1.0,row_only,0.2686332350049164,0.6423450963708478,1.0433196239512033,113.59746497584914,76
32,decision_close_2025_8,history_lsa|lambda=10|scaling=row_only,history_lsa,10.0,row_only,0.2222222222222222,0.7059085646687733,1.1748272618677948,127.1218455611461,76
32,decision_close_2025_8,history_lsa|lambda=0.001|scaling=column_standardized,history_lsa,0.001,column_standardized,0.5983640318698433,0.6402485019300096,2.0835593580604184,139.56273945258974,76
32,decision_close_2025_8,history_lsa|lambda=0.01|scaling=column_standardized,history_lsa,0.01,column_standardized,0.6077422811600027,0.5819103406678285,1.1116854957684323,138.1601975859112,76
32,decision_close_2025_8,history_lsa|lambda=0.1|scaling=column_standardized,history_lsa,0.1,column_standardized,0.5696466373554795,0.5372661149312217,0.8991823405774874,122.44517998957329,76
32,decision_close_2025_8,history_lsa|lambda=1|scaling=column_standardized,history_lsa,1.0,column_standardized,0.3640774719673802,0.6064654263401504,0.9918519672163577,116.72875990377749,76
32,decision_close_2025_8,history_lsa|lambda=10|scaling=column_standardized,history_lsa,10.0,column_standardized,0.2222222222222222,0.6973754338778824,1.1564632711746814,126.46073888153394,76
32,decision_close_2025_8,history_qwen_all|lambda=0.001|scaling=fixed,history_qwen_all,0.001,fixed,0.5734113712374582,0.6472896641946261,1.7689525409193743,141.30665160734975,76
32,decision_close_2025_8,history_qwen_all|lambda=0.01|scaling=fixed,history_qwen_all,0.01,fixed,0.5779271708683473,0.609400363228535,1.193535292954647,128.14796582111566,76
32,decision_close_2025_8,history_qwen_all|lambda=0.1|scaling=fixed,history_qwen_all,0.1,fixed,0.5522243713733076,0.5737159161875455,0.9791915329495017,115.6838823695189,76
32,decision_close_2025_8,history_qwen_all|lambda=1|scaling=fixed,history_qwen_all,1.0,fixed,0.2222222222222222,0.6491069867729519,1.0594010963697762,113.02922491193742,76
32,decision_close_2025_8,history_qwen_all|lambda=10|scaling=fixed,history_qwen_all,10.0,fixed,0.2222222222222222,0.706084506453407,1.1747934950929555,126.97384323311798,76
32,decision_close_2025_8,history_qwen_inflation|lambda=0.001|scaling=fixed,history_qwen_inflation,0.001,fixed,0.6098248266168066,0.5940491238747998,1.681348515155697,140.6379404632747,76
32,decision_close_2025_8,history_qwen_inflation|lambda=0.01|scaling=fixed,history_qwen_inflation,0.01,fixed,0.6273807493319689,0.5473563198302156,1.1257205013100433,129.62657389376145,76
32,decision_close_2025_8,history_qwen_inflation|lambda=0.1|scaling=fixed,history_qwen_inflation,0.1,fixed,0.5522243713733076,0.5509815003107238,0.951000920858011,118.10301757239128,76
32,decision_close_2025_8,history_qwen_inflation|lambda=1|scaling=fixed,history_qwen_inflation,1.0,fixed,0.2222222222222222,0.6459425034193712,1.0525750144016157,114.03933214653101,76
32,decision_close_2025_8,history_qwen_inflation|lambda=10|scaling=fixed,history_qwen_inflation,10.0,fixed,0.2222222222222222,0.7062848155633956,1.1756834200557644,127.02198905373297,76
32,decision_close_2025_8,history_qwen_demand|lambda=0.001|scaling=fixed,history_qwen_demand,0.001,fixed,0.610042735042735,0.624264443797032,1.634620693923029,135.0841180932115,76
32,decision_close_2025_8,history_qwen_demand|lambda=0.01|scaling=fixed,history_qwen_demand,0.01,fixed,0.593351225621757,0.5727133675567861,1.1066737068135424,124.6633275560257,76
32,decision_close_2025_8,history_qwen_demand|lambda=0.1|scaling=fixed,history_qwen_demand,0.1,fixed,0.5522243713733076,0.5552771332482087,0.9478127719941271,113.63412916382676,76
32,decision_close_2025_8,history_qwen_demand|lambda=1|scaling=fixed,history_qwen_demand,1.0,fixed,0.2222222222222222,0.647586330439847,1.05377761836621,112.39972866446361,76
32,decision_close_2025_8,history_qwen_demand|lambda=10|scaling=fixed,history_qwen_demand,10.0,fixed,0.2222222222222222,0.7065465277262527,1.1759595313903488,126.96221759618474,76
32,decision_close_2025_8,history_qwen_forward|lambda=0.001|scaling=fixed,history_qwen_forward,0.001,fixed,0.5623798042423721,0.6283401770797549,1.6600765378391964,136.87863170798215,76
32,decision_close_2025_8,history_qwen_forward|lambda=0.01|scaling=fixed,history_qwen_forward,0.01,fixed,0.5676788589832068,0.586016363508169,1.1504985591230088,128.31414989921197,76
32,decision_close_2025_8,history_qwen_forward|lambda=0.1|scaling=fixed,history_qwen_forward,0.1,fixed,0.5389737563650606,0.56418562360439,0.9586888670019126,117.30459173686236,76
32,decision_close_2025_8,history_qwen_forward|lambda=1|scaling=fixed,history_qwen_forward,1.0,fixed,0.2222222222222222,0.6473654147904497,1.0510193987433003,113.10952971797923,76
32,decision_close_2025_8,history_qwen_forward|lambda=10|scaling=fixed,history_qwen_forward,10.0,fixed,0.2222222222222222,0.7063659246565369,1.1752208366954464,127.06419012136841,76
32,decision_close_2025_8,history_qwen_scores_only|lambda=0.001|scaling=fixed,history_qwen_scores_only,0.001,fixed,0.5805555555555556,0.6150529552002526,1.591928797218399,141.21482003457393,76
32,decision_close_2025_8,history_qwen_scores_only|lambda=0.01|scaling=fixed,history_qwen_scores_only,0.01,fixed,0.5665445665445666,0.5907385526639899,1.1214571860086768,128.68357210539926,76
32,decision_close_2025_8,history_qwen_scores_only|lambda=0.1|scaling=fixed,history_qwen_scores_only,0.1,fixed,0.5402777777777777,0.5549872931569277,0.940248668714501,115.83038039921117,76
32,decision_close_2025_8,history_qwen_scores_only|lambda=1|scaling=fixed,history_qwen_scores_only,1.0,fixed,0.2222222222222222,0.6496241257674823,1.0528892048965077,111.9964764369313,76
32,decision_close_2025_8,history_qwen_scores_only|lambda=10|scaling=fixed,history_qwen_scores_only,10.0,fixed,0.2222222222222222,0.7068576774204527,1.1762273012779825,126.5366687350349,76
32,decision_close_2025_8,history_qwen_missing_only|lambda=0.001|scaling=fixed,history_qwen_missing_only,0.001,fixed,0.6098248266168066,0.6070754994989045,1.554624889219779,136.80459608850998,76
32,decision_close_2025_8,history_qwen_missing_only|lambda=0.01|scaling=fixed,history_qwen_missing_only,0.01,fixed,0.593351225621757,0.561712723707871,1.1033227947201976,127.94191528144798,76
32,decision_close_2025_8,history_qwen_missing_only|lambda=0.1|scaling=fixed,history_qwen_missing_only,0.1,fixed,0.5522243713733076,0.5594618298095182,0.9608823517749893,116.97296105513281,76
32,decision_close_2025_8,history_qwen_missing_only|lambda=1|scaling=fixed,history_qwen_missing_only,1.0,fixed,0.2222222222222222,0.6464796978817536,1.0565730470701948,113.95470421578,76
32,decision_close_2025_8,history_qwen_missing_only|lambda=10|scaling=fixed,history_qwen_missing_only,10.0,fixed,0.2222222222222222,0.7058310417043848,1.1747313768566368,127.4720838523895,76
32,decision_close_2025_8,proxy_market|lambda=0.001|scaling=fixed,proxy_market,0.001,fixed,0.5755727523253832,0.6833884619701179,2.453412314936707,158.7108450076081,76
32,decision_close_2025_8,proxy_market|lambda=0.01|scaling=fixed,proxy_market,0.01,fixed,0.6004732004732004,0.6058631230550497,1.3280936926099896,145.2793467342157,76
32,decision_close_2025_8,proxy_market|lambda=0.1|scaling=fixed,proxy_market,0.1,fixed,0.6382540933368356,0.5406829411192364,0.9732873211690376,124.14449341171246,76
32,decision_close_2025_8,proxy_market|lambda=1|scaling=fixed,proxy_market,1.0,fixed,0.40212084833933576,0.6184517884879723,1.0160188796089458,121.30309150235497,76
32,decision_close_2025_8,proxy_market|lambda=10|scaling=fixed,proxy_market,10.0,fixed,0.2222222222222222,0.6914977645064342,1.150701654137119,130.8177269082233,76
32,decision_close_2025_8,proxy_market_lsa|lambda=0.001|scaling=row_only,proxy_market_lsa,0.001,row_only,0.5994173521347435,0.6315835493321259,2.348908077473682,155.5618013386429,76
32,decision_close_2025_8,proxy_market_lsa|lambda=0.01|scaling=row_only,proxy_market_lsa,0.01,row_only,0.6216877318744891,0.5896317178577124,1.2953574508361434,141.6945402403604,76
32,decision_close_2025_8,proxy_market_lsa|lambda=0.1|scaling=row_only,proxy_market_lsa,0.1,row_only,0.6261930010604454,0.5377436716504683,0.9669760799800137,123.16229483841823,76
32,decision_close_2025_8,proxy_market_lsa|lambda=1|scaling=row_only,proxy_market_lsa,1.0,row_only,0.40212084833933576,0.6163559211732806,1.0131257680030898,121.34592246435194,76
32,decision_close_2025_8,proxy_market_lsa|lambda=10|scaling=row_only,proxy_market_lsa,10.0,row_only,0.2222222222222222,0.6909778676992536,1.1497058919695633,130.8449364623814,76
32,decision_close_2025_8,proxy_market_lsa|lambda=0.001|scaling=column_standardized,proxy_market_lsa,0.001,column_standardized,0.6478128339648305,0.638083847684569,2.340852323035992,160.4099027445777,76
32,decision_close_2025_8,proxy_market_lsa|lambda=0.01|scaling=column_standardized,proxy_market_lsa,0.01,column_standardized,0.688106288106288,0.5531662629046599,1.223533187843738,142.484388515646,76
32,decision_close_2025_8,proxy_market_lsa|lambda=0.1|scaling=column_standardized,proxy_market_lsa,0.1,column_standardized,0.6239316239316239,0.5195633299166382,0.928975642957087,119.34350881098548,76
32,decision_close_2025_8,proxy_market_lsa|lambda=1|scaling=column_standardized,proxy_market_lsa,1.0,column_standardized,0.47632718159033943,0.5931715792595069,0.9794749454009489,120.0092935143055,76
32,decision_close_2025_8,proxy_market_lsa|lambda=10|scaling=column_standardized,proxy_market_lsa,10.0,column_standardized,0.2222222222222222,0.6838884709654516,1.1346858292216242,129.52000313480553,76
32,decision_close_2025_8,history_transformer|lambda=0.001|scaling=fixed,history_transformer,0.001,fixed,0.592833377112337,0.6840529885657982,2.353861953216636,133.20797344896712,76
32,decision_close_2025_8,history_transformer|lambda=0.01|scaling=fixed,history_transformer,0.01,fixed,0.592833377112337,0.6584737668405989,1.7837765027641619,130.27920476871662,76
32,decision_close_2025_8,history_transformer|lambda=0.1|scaling=fixed,history_transformer,0.1,fixed,0.5890896921017403,0.6132826368621274,1.3075479653784292,123.0016297703849,76
32,decision_close_2025_8,history_transformer|lambda=1|scaling=fixed,history_transformer,1.0,fixed,0.5890896921017403,0.5753450078784119,1.0401024639413519,126.33091740934543,76
32,decision_close_2025_8,history_transformer|lambda=10|scaling=fixed,history_transformer,10.0,fixed,0.4575,0.6105231636567205,1.03392524187623,140.4315501565453,76
33,decision_close_2025_9,history|lambda=0.001|scaling=fixed,history,0.001,fixed,0.6246143979477313,0.5702097245021791,1.348383793184562,135.7561626837181,77
33,decision_close_2025_9,history|lambda=0.01|scaling=fixed,history,0.01,fixed,0.6026422764227642,0.5361563078444264,1.0110800926969503,126.74688350166367,77
33,decision_close_2025_9,history|lambda=0.1|scaling=fixed,history,0.1,fixed,0.5518460034589067,0.5413239693002819,0.9181363834342959,115.7593983022417,77
33,decision_close_2025_9,history|lambda=1|scaling=fixed,history,1.0,fixed,0.26666666666666666,0.6492106927250044,1.0515071991459684,112.03376389854223,77
33,decision_close_2025_9,history|lambda=10|scaling=fixed,history,10.0,fixed,0.22028985507246376,0.7106097794802112,1.1800502654760006,127.16051315632129,77
33,decision_close_2025_9,history_tfidf|lambda=0.001|scaling=row_only,history_tfidf,0.001,row_only,0.6344350679793718,0.5593459889867958,1.347586493948788,126.43261367453577,77
33,decision_close_2025_9,history_tfidf|lambda=0.01|scaling=row_only,history_tfidf,0.01,row_only,0.6203174603174603,0.5154100873460741,0.9682197521479783,120.81873487053342,77
33,decision_close_2025_9,history_tfidf|lambda=0.1|scaling=row_only,history_tfidf,0.1,row_only,0.5657477025898078,0.5311701259165933,0.9000516858098682,114.30630332685553,77
33,decision_close_2025_9,history_tfidf|lambda=1|scaling=row_only,history_tfidf,1.0,row_only,0.26666666666666666,0.6449507900575954,1.0451153890470755,112.16512514142015,77
33,decision_close_2025_9,history_tfidf|lambda=10|scaling=row_only,history_tfidf,10.0,row_only,0.22028985507246376,0.710027015763298,1.1789326484068219,127.15658793126697,77
33,decision_close_2025_9,history_tfidf|lambda=0.001|scaling=column_standardized,history_tfidf,0.001,column_standardized,0.6167836563645888,0.643866158523396,2.0419414172653187,101.66754386816189,77
33,decision_close_2025_9,history_tfidf|lambda=0.01|scaling=column_standardized,history_tfidf,0.01,column_standardized,0.6167836563645888,0.6165634057308638,1.6344783495487178,101.688064511749,77
33,decision_close_2025_9,history_tfidf|lambda=0.1|scaling=column_standardized,history_tfidf,0.1,column_standardized,0.6287094547964113,0.5758877515430357,1.264100135377053,101.86624588033796,77
33,decision_close_2025_9,history_tfidf|lambda=1|scaling=column_standardized,history_tfidf,1.0,column_standardized,0.6287094547964113,0.5245965796357457,0.9778622197910546,102.66365730220174,77
33,decision_close_2025_9,history_tfidf|lambda=10|scaling=column_standardized,history_tfidf,10.0,column_standardized,0.5622296285074652,0.5251324355845,0.9034410533843439,108.97021201444704,77
33,decision_close_2025_9,history_lsa|lambda=0.001|scaling=row_only,history_lsa,0.001,row_only,0.5665736732403399,0.6171702989658953,1.5484939505289517,145.37326371296533,77
33,decision_close_2025_9,history_lsa|lambda=0.01|scaling=row_only,history_lsa,0.01,row_only,0.6215025695407456,0.5418535369973762,0.9823737448019081,128.93027093452955,77
33,decision_close_2025_9,history_lsa|lambda=0.1|scaling=row_only,history_lsa,0.1,row_only,0.5500589875589875,0.5333571164187122,0.9010493225272375,116.00738145515889,77
33,decision_close_2025_9,history_lsa|lambda=1|scaling=row_only,history_lsa,1.0,row_only,0.26666666666666666,0.6444835156578307,1.0443124673416424,112.58736177014733,77
33,decision_close_2025_9,history_lsa|lambda=10|scaling=row_only,history_lsa,10.0,row_only,0.22028985507246376,0.7099047463010949,1.1786929643073525,127.24703148834435,77
33,decision_close_2025_9,history_lsa|lambda=0.001|scaling=column_standardized,history_lsa,0.001,column_standardized,0.5904923620440862,0.6512943720601188,2.0830047016386244,138.6641561577887,77
33,decision_close_2025_9,history_lsa|lambda=0.01|scaling=column_standardized,history_lsa,0.01,column_standardized,0.5997412008281574,0.5815104374770529,1.1070262918406624,136.96120360511685,77
33,decision_close_2025_9,history_lsa|lambda=0.1|scaling=column_standardized,history_lsa,0.1,column_standardized,0.5622717096736184,0.5370423911499979,0.8970855159440053,120.89485236353357,77
33,decision_close_2025_9,history_lsa|lambda=1|scaling=column_standardized,history_lsa,1.0,column_standardized,0.360994560994561,0.6093750393007571,0.9938388300696028,115.67571718659931,77
33,decision_close_2025_9,history_lsa|lambda=10|scaling=column_standardized,history_lsa,10.0,column_standardized,0.22028985507246376,0.7014458564600049,1.1604799780537773,126.53070695340794,77
33,decision_close_2025_9,history_qwen_all|lambda=0.001|scaling=fixed,history_qwen_all,0.001,fixed,0.5788461538461539,0.6418547034736521,1.7513433471491984,140.18604370253078,77
33,decision_close_2025_9,history_qwen_all|lambda=0.01|scaling=fixed,history_qwen_all,0.01,fixed,0.5844206773618539,0.604940895371599,1.1839367113497563,127.20703287625297,77
33,decision_close_2025_9,history_qwen_all|lambda=0.1|scaling=fixed,history_qwen_all,0.1,fixed,0.5452562610457348,0.5732586318106405,0.9761546139876472,114.83199734392805,77
33,decision_close_2025_9,history_qwen_all|lambda=1|scaling=fixed,history_qwen_all,1.0,fixed,0.22028985507246376,0.6526722785658494,1.0619597777806886,111.87463995155,77
33,decision_close_2025_9,history_qwen_all|lambda=10|scaling=fixed,history_qwen_all,10.0,fixed,0.22028985507246376,0.7102937985605793,1.1789490849937032,127.06998714932392,77
33,decision_close_2025_9,history_qwen_inflation|lambda=0.001|scaling=fixed,history_qwen_inflation,0.001,fixed,0.6143599740090968,0.5918547961151601,1.6675553096740898,138.93986182986282,77
33,decision_close_2025_9,history_qwen_inflation|lambda=0.01|scaling=fixed,history_qwen_inflation,0.01,fixed,0.6326508415585828,0.5463064109742269,1.1197077970099631,128.06381048115543,77
33,decision_close_2025_9,history_qwen_inflation|lambda=0.1|scaling=fixed,history_qwen_inflation,0.1,fixed,0.5452562610457348,0.5512088494018339,0.9488347998326571,116.72349832666919,77
33,decision_close_2025_9,history_qwen_inflation|lambda=1|scaling=fixed,history_qwen_inflation,1.0,fixed,0.22028985507246376,0.6490678439193338,1.0547749956223598,113.31283722568286,77
33,decision_close_2025_9,history_qwen_inflation|lambda=10|scaling=fixed,history_qwen_inflation,10.0,fixed,0.22028985507246376,0.7104014444910782,1.179732782200724,127.19726450107217,77
33,decision_close_2025_9,history_qwen_demand|lambda=0.001|scaling=fixed,history_qwen_demand,0.001,fixed,0.615042735042735,0.6169058650413246,1.6158088749737656,134.71526747043134,77
33,decision_close_2025_9,history_qwen_demand|lambda=0.01|scaling=fixed,history_qwen_demand,0.01,fixed,0.5987860082304527,0.5662805490384416,1.095148102753495,124.43734380226093,77
33,decision_close_2025_9,history_qwen_demand|lambda=0.1|scaling=fixed,history_qwen_demand,0.1,fixed,0.560996301197869,0.5517870900033013,0.9417560643584304,113.43873180221132,77
33,decision_close_2025_9,history_qwen_demand|lambda=1|scaling=fixed,history_qwen_demand,1.0,fixed,0.22028985507246376,0.6500406573147358,1.0549130077452615,110.97743463374175,77
33,decision_close_2025_9,history_qwen_demand|lambda=10|scaling=fixed,history_qwen_demand,10.0,fixed,0.22028985507246376,0.710596036637767,1.1798604036485383,127.00469114473947,77
33,decision_close_2025_9,history_qwen_forward|lambda=0.001|scaling=fixed,history_qwen_forward,0.001,fixed,0.5674484983866964,0.6219329275553572,1.642429743265068,135.6101941247004,77
33,decision_close_2025_9,history_qwen_forward|lambda=0.01|scaling=fixed,history_qwen_forward,0.01,fixed,0.5736678266743022,0.5810171862024263,1.1405268955691814,127.15966357481638,77
33,decision_close_2025_9,history_qwen_forward|lambda=0.1|scaling=fixed,history_qwen_forward,0.1,fixed,0.5477517651430694,0.5621007964136414,0.9541725065401359,116.20033664236985,77
33,decision_close_2025_9,history_qwen_forward|lambda=1|scaling=fixed,history_qwen_forward,1.0,fixed,0.22028985507246376,0.6499649220082208,1.0525555353486475,112.11649585091665,77
33,decision_close_2025_9,history_qwen_forward|lambda=10|scaling=fixed,history_qwen_forward,10.0,fixed,0.22028985507246376,0.7104204504540736,1.1791756433971021,127.19322567835965,77
33,decision_close_2025_9,history_qwen_scores_only|lambda=0.001|scaling=fixed,history_qwen_scores_only,0.001,fixed,0.5859141055949567,0.6091734291444864,1.5756116729348437,140.09074795844018,77
33,decision_close_2025_9,history_qwen_scores_only|lambda=0.01|scaling=fixed,history_qwen_scores_only,0.01,fixed,0.573038073038073,0.585705297778967,1.1118856696649189,127.73114362380298,77
33,decision_close_2025_9,history_qwen_scores_only|lambda=0.1|scaling=fixed,history_qwen_scores_only,0.1,fixed,0.5500589875589875,0.5540290533355695,0.9369510501515584,114.97137275676144,77
33,decision_close_2025_9,history_qwen_scores_only|lambda=1|scaling=fixed,history_qwen_scores_only,1.0,fixed,0.22028985507246376,0.6528095032523692,1.0550968679554127,110.87733760029168,77
33,decision_close_2025_9,history_qwen_scores_only|lambda=10|scaling=fixed,history_qwen_scores_only,10.0,fixed,0.22028985507246376,0.7109739261207425,1.1802634009568234,126.6651808137274,77
33,decision_close_2025_9,history_qwen_missing_only|lambda=0.001|scaling=fixed,history_qwen_missing_only,0.001,fixed,0.6143599740090968,0.6005538889545377,1.5378166955657961,135.57078752522958,77
33,decision_close_2025_9,history_qwen_missing_only|lambda=0.01|scaling=fixed,history_qwen_missing_only,0.01,fixed,0.5987860082304527,0.5564692679388225,1.0932903124180764,126.82894948575222,77
33,decision_close_2025_9,history_qwen_missing_only|lambda=0.1|scaling=fixed,history_qwen_missing_only,0.1,fixed,0.560996301197869,0.5567877910274707,0.9556417573454462,115.92331522606557,77
33,decision_close_2025_9,history_qwen_missing_only|lambda=1|scaling=fixed,history_qwen_missing_only,1.0,fixed,0.22028985507246376,0.6490885737997497,1.0579721772705852,112.88651165540205,77
33,decision_close_2025_9,history_qwen_missing_only|lambda=10|scaling=fixed,history_qwen_missing_only,10.0,fixed,0.22028985507246376,0.7099279504461352,1.1787218386655582,127.56518757744087,77
33,decision_close_2025_9,proxy_market|lambda=0.001|scaling=fixed,proxy_market,0.001,fixed,0.579335959736007,0.6749785121464588,2.423438655922691,157.07376837340246,77
33,decision_close_2025_9,proxy_market|lambda=0.01|scaling=fixed,proxy_market,0.01,fixed,0.6039404975575189,0.598938738970677,1.3136221283656513,143.91130972538633,77
33,decision_close_2025_9,proxy_market|lambda=0.1|scaling=fixed,proxy_market,0.1,fixed,0.6420173007474594,0.5364733140491823,0.9660080025570883,122.85541425509385,77
33,decision_close_2025_9,proxy_market|lambda=1|scaling=fixed,proxy_market,1.0,fixed,0.39725829725829725,0.6191664681845032,1.0155592157391538,120.3217402891491,77
33,decision_close_2025_9,proxy_market|lambda=10|scaling=fixed,proxy_market,10.0,fixed,0.22028985507246376,0.6952478111958919,1.154357498699821,130.96750704590005,77
33,decision_close_2025_9,proxy_market_lsa|lambda=0.001|scaling=row_only,proxy_market_lsa,0.001,row_only,0.6030405405405405,0.6265769886886153,2.324379590305188,155.1984295715119,77
33,decision_close_2025_9,proxy_market_lsa|lambda=0.01|scaling=row_only,proxy_market_lsa,0.01,row_only,0.6251550289588075,0.5838417989622698,1.282662731186309,141.02584429422916,77
33,decision_close_2025_9,proxy_market_lsa|lambda=0.1|scaling=row_only,proxy_market_lsa,0.1,row_only,0.630420054200542,0.5338696848038486,0.9601352336653785,121.95011737402054,77
33,decision_close_2025_9,proxy_market_lsa|lambda=1|scaling=row_only,proxy_market_lsa,1.0,row_only,0.39725829725829725,0.6171236919032139,1.01273131010265,120.36422084990888,77
33,decision_close_2025_9,proxy_market_lsa|lambda=10|scaling=row_only,proxy_market_lsa,10.0,row_only,0.22028985507246376,0.6947255037868044,1.153361477154461,130.99064293544544,77
33,decision_close_2025_9,proxy_market_lsa|lambda=0.001|scaling=column_standardized,proxy_market_lsa,0.001,column_standardized,0.6515760413754542,0.6317248184862059,2.3153289115631517,160.08776809764584,77
33,decision_close_2025_9,proxy_market_lsa|lambda=0.01|scaling=column_standardized,proxy_market_lsa,0.01,column_standardized,0.6915735851906065,0.5478923647538717,1.2119655559513702,142.1725440278555,77
33,decision_close_2025_9,proxy_market_lsa|lambda=0.1|scaling=column_standardized,proxy_market_lsa,0.1,column_standardized,0.6286597563193307,0.5171109809828622,0.9240526431292183,118.45917028213255,77
33,decision_close_2025_9,proxy_market_lsa|lambda=1|scaling=column_standardized,proxy_market_lsa,1.0,column_standardized,0.47095959595959597,0.5948355514204373,0.9801283327259454,119.03388892157157,77
33,decision_close_2025_9,proxy_market_lsa|lambda=10|scaling=column_standardized,proxy_market_lsa,10.0,column_standardized,0.22028985507246376,0.687723838478386,1.1384915950342716,129.6093046847946,77
33,decision_close_2025_9,history_transformer|lambda=0.001|scaling=fixed,history_transformer,0.001,fixed,0.5863821138211383,0.6895035685584179,2.3409697004987957,132.48856270443287,77
33,decision_close_2025_9,history_transformer|lambda=0.01|scaling=fixed,history_transformer,0.01,fixed,0.5863821138211383,0.6597776764357506,1.773209661468475,129.64963188894075,77
33,decision_close_2025_9,history_transformer|lambda=0.1|scaling=fixed,history_transformer,0.1,fixed,0.5957090774445298,0.6114334124434522,1.2998822717679388,122.7153461006968,77
33,decision_close_2025_9,history_transformer|lambda=1|scaling=fixed,history_transformer,1.0,fixed,0.5957090774445298,0.573449632048672,1.0364010724340225,126.13083090484582,77
33,decision_close_2025_9,history_transformer|lambda=10|scaling=fixed,history_transformer,10.0,fixed,0.45216521652165226,0.6124869062622592,1.0363321992679928,140.56912132384676,77
34,decision_close_2026_1,history|lambda=0.001|scaling=fixed,history,0.001,fixed,0.6287169620502954,0.5629891037837843,1.331879247232473,135.03952592414421,78
34,decision_close_2026_1,history|lambda=0.01|scaling=fixed,history,0.01,fixed,0.6076422764227642,0.5298151325231891,1.0001164607857917,126.15031498196713,78
34,decision_close_2026_1,history|lambda=0.1|scaling=fixed,history,0.1,fixed,0.5597676211366219,0.538136405216898,0.912680658809519,115.22023816848011,78
34,decision_close_2026_1,history|lambda=1|scaling=fixed,history,1.0,fixed,0.2647342995169082,0.651118491535671,1.052298128628446,110.67184344215762,78
34,decision_close_2026_1,history|lambda=10|scaling=fixed,history,10.0,fixed,0.21839080459770113,0.7142796085724201,1.1834671000136794,126.67095967348926,78
34,decision_close_2026_1,history_tfidf|lambda=0.001|scaling=row_only,history_tfidf,0.001,row_only,0.6377684013127051,0.5523839153496014,1.3315286150547219,124.85126316074005,78
34,decision_close_2026_1,history_tfidf|lambda=0.01|scaling=row_only,history_tfidf,0.01,row_only,0.6250455927051671,0.5095333090544234,0.9581883126224932,119.59418155782554,78
34,decision_close_2026_1,history_tfidf|lambda=0.1|scaling=row_only,history_tfidf,0.1,row_only,0.5736424394319132,0.527972435107994,0.8946938240508222,113.6432952892231,78
34,decision_close_2026_1,history_tfidf|lambda=1|scaling=row_only,history_tfidf,1.0,row_only,0.2647342995169082,0.6467646347254181,1.045818709837916,110.79277939150693,78
34,decision_close_2026_1,history_tfidf|lambda=10|scaling=row_only,history_tfidf,10.0,row_only,0.21839080459770113,0.7136832076056029,1.1823341407247445,126.66531991065504,78
34,decision_close_2026_1,history_tfidf|lambda=0.001|scaling=column_standardized,history_tfidf,0.001,column_standardized,0.6210107095046854,0.6356115186899913,2.015782048730486,101.05844585126447,78
34,decision_close_2026_1,history_tfidf|lambda=0.01|scaling=column_standardized,history_tfidf,0.01,column_standardized,0.6210107095046854,0.6086600884473682,1.6136215566279024,101.06999449064121,78
34,decision_close_2026_1,history_tfidf|lambda=0.1|scaling=column_standardized,history_tfidf,0.1,column_standardized,0.6329365079365079,0.5685331653990521,1.2483630320254353,101.16775654651958,78
34,decision_close_2026_1,history_tfidf|lambda=1|scaling=column_standardized,history_tfidf,1.0,column_standardized,0.6329365079365079,0.5183184814306869,0.967344255819909,101.58181800201548,78
34,decision_close_2026_1,history_tfidf|lambda=10|scaling=column_standardized,history_tfidf,10.0,column_standardized,0.569414351517486,0.5222625626038697,0.8991312582425681,107.82590005760852,78
34,decision_close_2026_1,history_lsa|lambda=0.001|scaling=row_only,history_lsa,0.001,row_only,0.5706762373429041,0.6101482109407513,1.531288789725607,143.68875113747507,78
34,decision_close_2026_1,history_lsa|lambda=0.01|scaling=row_only,history_lsa,0.01,row_only,0.6257296226808422,0.535984195050119,0.9727279129802806,128.03474489025567,78
34,decision_close_2026_1,history_lsa|lambda=0.1|scaling=row_only,history_lsa,0.1,row_only,0.5588369963369964,0.5305985854758068,0.8961717414753297,115.44819970657957,78
34,decision_close_2026_1,history_lsa|lambda=1|scaling=row_only,history_lsa,1.0,row_only,0.2647342995169082,0.646368983559896,1.0450969355013162,111.23005635425127,78
34,decision_close_2026_1,history_lsa|lambda=10|scaling=row_only,history_lsa,10.0,row_only,0.21839080459770113,0.7135658847145095,1.1821013101282372,126.75173148718379,78
34,decision_close_2026_1,history_lsa|lambda=0.001|scaling=column_standardized,history_lsa,0.001,column_standardized,0.594381250932975,0.6450824897487886,2.060678918655666,136.90816966786295,78
34,decision_close_2026_1,history_lsa|lambda=0.01|scaling=column_standardized,history_lsa,0.01,column_standardized,0.6039682539682539,0.5755655393500568,1.096410555759709,135.53952008239705,78
34,decision_close_2026_1,history_lsa|lambda=0.1|scaling=column_standardized,history_lsa,0.1,column_standardized,0.5687001460510055,0.5350143493124268,0.8931016081912885,120.19261963892048,78
34,decision_close_2026_1,history_lsa|lambda=1|scaling=column_standardized,history_lsa,1.0,column_standardized,0.35802469135802467,0.6115473734046949,0.9949791437038593,114.41012448973083,78
34,decision_close_2026_1,history_lsa|lambda=10|scaling=column_standardized,history_lsa,10.0,column_standardized,0.21839080459770113,0.7051074368261383,1.1639240197491227,125.95687087838193,78
34,decision_close_2026_1,history_qwen_all|lambda=0.001|scaling=fixed,history_qwen_all,0.001,fixed,0.5838461538461539,0.6337849297651499,1.729943202759319,139.27658652992565,78
34,decision_close_2026_1,history_qwen_all|lambda=0.01|scaling=fixed,history_qwen_all,0.01,fixed,0.5903495311167946,0.5978561392573698,1.1710265018195132,126.48940974398741,78
34,decision_close_2026_1,history_qwen_all|lambda=0.1|scaling=fixed,history_qwen_all,0.1,fixed,0.5540342698237435,0.5702276806710773,0.9705926156394196,114.25927259658002,78
34,decision_close_2026_1,history_qwen_all|lambda=1|scaling=fixed,history_qwen_all,1.0,fixed,0.21839080459770113,0.6550975769934917,1.0632871672152526,110.51702331775248,78
34,decision_close_2026_1,history_qwen_all|lambda=10|scaling=fixed,history_qwen_all,10.0,fixed,0.21839080459770113,0.7140584274565634,1.1824986003183688,126.5636669055017,78
34,decision_close_2026_1,history_qwen_inflation|lambda=0.001|scaling=fixed,history_qwen_inflation,0.001,fixed,0.6185528461264972,0.5843380490600826,1.6468703986269402,138.48658573723776,78
34,decision_close_2026_1,history_qwen_inflation|lambda=0.01|scaling=fixed,history_qwen_inflation,0.01,fixed,0.6374817594329789,0.5397200284416341,1.1071054448812268,127.74444488230834,78
34,decision_close_2026_1,history_qwen_inflation|lambda=0.1|scaling=fixed,history_qwen_inflation,0.1,fixed,0.5540342698237435,0.5477614603485713,0.9428362466646809,116.40647822060899,78
34,decision_close_2026_1,history_qwen_inflation|lambda=1|scaling=fixed,history_qwen_inflation,1.0,fixed,0.21839080459770113,0.6510888859738583,1.0556224815227397,112.03418385759797,78
34,decision_close_2026_1,history_qwen_inflation|lambda=10|scaling=fixed,history_qwen_inflation,10.0,fixed,0.21839080459770113,0.714092541991447,1.1831705442960172,126.68675765264477,78
34,decision_close_2026_1,history_qwen_demand|lambda=0.001|scaling=fixed,history_qwen_demand,0.001,fixed,0.6196581196581197,0.6091592915802195,1.5961579842815568,133.61610319530968,78
34,decision_close_2026_1,history_qwen_demand|lambda=0.01|scaling=fixed,history_qwen_demand,0.01,fixed,0.6037860082304527,0.5597618063429679,1.083503508188418,123.50643998564097,78
34,decision_close_2026_1,history_qwen_demand|lambda=0.1|scaling=fixed,history_qwen_demand,0.1,fixed,0.5688910380399742,0.5488841230957818,0.9364649125345031,112.70049171589982,78
34,decision_close_2026_1,history_qwen_demand|lambda=1|scaling=fixed,history_qwen_demand,1.0,fixed,0.21839080459770113,0.6521672828226114,1.0559337522859022,109.5810261151598,78
34,decision_close_2026_1,history_qwen_demand|lambda=10|scaling=fixed,history_qwen_demand,10.0,fixed,0.21839080459770113,0.7142966566470905,1.1833200889781148,126.5146304626425,78
34,decision_close_2026_1,history_qwen_forward|lambda=0.001|scaling=fixed,history_qwen_forward,0.001,fixed,0.5721346495767322,0.6141100584253846,1.6223961695307223,134.89245562042152,78
34,decision_close_2026_1,history_qwen_forward|lambda=0.01|scaling=fixed,history_qwen_forward,0.01,fixed,0.5791678990436754,0.5743469079415029,1.1283654626434525,126.55237982697727,78
34,decision_close_2026_1,history_qwen_forward|lambda=0.1|scaling=fixed,history_qwen_forward,0.1,fixed,0.5556733828207847,0.5594783611086726,0.949155312459967,115.64122692058386,78
34,decision_close_2026_1,history_qwen_forward|lambda=1|scaling=fixed,history_qwen_forward,1.0,fixed,0.21839080459770113,0.652272671671152,1.0538372373939409,110.74255832141701,78
34,decision_close_2026_1,history_qwen_forward|lambda=10|scaling=fixed,history_qwen_forward,10.0,fixed,0.21839080459770113,0.7141390949606744,1.182671062442742,126.70305457701485,78
34,decision_close_2026_1,history_qwen_scores_only|lambda=0.001|scaling=fixed,history_qwen_scores_only,0.001,fixed,0.5908352229780801,0.6014667367707406,1.556252709209241,139.1416427516032,78
34,decision_close_2026_1,history_qwen_scores_only|lambda=0.01|scaling=fixed,history_qwen_scores_only,0.01,fixed,0.5789669267930138,0.5786830430562839,1.0995366022934805,126.96573430151474,78
34,decision_close_2026_1,history_qwen_scores_only|lambda=0.1|scaling=fixed,history_qwen_scores_only,0.1,fixed,0.5588369963369964,0.5505515930943247,0.9311462829151037,114.35460883318149,78
34,decision_close_2026_1,history_qwen_scores_only|lambda=1|scaling=fixed,history_qwen_scores_only,1.0,fixed,0.21839080459770113,0.6547721192327826,1.0560059644186224,109.4822066910666,78
34,decision_close_2026_1,history_qwen_scores_only|lambda=10|scaling=fixed,history_qwen_scores_only,10.0,fixed,0.21839080459770113,0.7146510231433064,1.1837035798611828,126.19414386923064,78
34,decision_close_2026_1,history_qwen_missing_only|lambda=0.001|scaling=fixed,history_qwen_missing_only,0.001,fixed,0.6185528461264972,0.5929645107693092,1.518970250653562,134.88420973545846,78
34,decision_close_2026_1,history_qwen_missing_only|lambda=0.01|scaling=fixed,history_qwen_missing_only,0.01,fixed,0.6037860082304527,0.5499539188017984,1.0814423705320495,126.25927189099089,78
34,decision_close_2026_1,history_qwen_missing_only|lambda=0.1|scaling=fixed,history_qwen_missing_only,0.1,fixed,0.5688910380399742,0.5538085722024302,0.9501403988519532,115.41281530301909,78
34,decision_close_2026_1,history_qwen_missing_only|lambda=1|scaling=fixed,history_qwen_missing_only,1.0,fixed,0.21839080459770113,0.6514035939567044,1.0591180117876628,111.55983789150545,78
34,decision_close_2026_1,history_qwen_missing_only|lambda=10|scaling=fixed,history_qwen_missing_only,10.0,fixed,0.21839080459770113,0.7136844353893368,1.182246894347585,127.04045567793237,78
34,decision_close_2026_1,proxy_market|lambda=0.001|scaling=fixed,proxy_market,0.001,fixed,0.5828040136242291,0.666344676858348,2.3927335481723238,155.17561723986415,78
34,decision_close_2026_1,proxy_market|lambda=0.01|scaling=fixed,proxy_market,0.01,fixed,0.6071247499818928,0.5914347806793775,1.297895067290835,142.1515616894057,78
34,decision_close_2026_1,proxy_market|lambda=0.1|scaling=fixed,proxy_market,0.1,fixed,0.6454853546356815,0.5315673382002093,0.9579281947648592,121.61900097612549,78
34,decision_close_2026_1,proxy_market|lambda=1|scaling=fixed,proxy_market,1.0,fixed,0.3925925925925926,0.6193845923198847,1.014573354342919,118.80683046118601,78
34,decision_close_2026_1,proxy_market|lambda=10|scaling=fixed,proxy_market,10.0,fixed,0.21839080459770113,0.6986272178047852,1.1574939484814137,130.4673425882126,78
34,decision_close_2026_1,proxy_market_lsa|lambda=0.001|scaling=row_only,proxy_market_lsa,0.001,row_only,0.6063738738738739,0.6185687496745813,2.294998050631635,153.58249420550678,78
34,decision_close_2026_1,proxy_market_lsa|lambda=0.01|scaling=row_only,proxy_market_lsa,0.01,row_only,0.6283392813831815,0.576584362980231,1.2675026699016168,139.27141119936792,78
34,decision_close_2026_1,proxy_market_lsa|lambda=0.1|scaling=row_only,proxy_market_lsa,0.1,row_only,0.6343089430894309,0.5291245730403956,0.9522981233941207,120.77948361360122,78
34,decision_close_2026_1,proxy_market_lsa|lambda=1|scaling=row_only,proxy_market_lsa,1.0,row_only,0.3925925925925926,0.6173722370687296,1.0117801418939372,118.86251339823143,78
34,decision_close_2026_1,proxy_market_lsa|lambda=10|scaling=row_only,proxy_market_lsa,10.0,row_only,0.21839080459770113,0.6980986547823141,1.1564915078435805,130.48453854771526,78
34,decision_close_2026_1,proxy_market_lsa|lambda=0.001|scaling=column_standardized,proxy_market_lsa,0.001,column_standardized,0.6550440952636762,0.6236310677399352,2.285845994068629,158.47880551690147,78
34,decision_close_2026_1,proxy_market_lsa|lambda=0.01|scaling=column_standardized,proxy_market_lsa,0.01,column_standardized,0.6947578376149804,0.5410052620551996,1.1974209639282007,140.45928923457743,78
34,decision_close_2026_1,proxy_market_lsa|lambda=0.1|scaling=column_standardized,proxy_market_lsa,0.1,column_standardized,0.6330019187162045,0.5130892261314026,0.9173207583973266,117.4717249517026,78
34,decision_close_2026_1,proxy_market_lsa|lambda=1|scaling=column_standardized,proxy_market_lsa,1.0,column_standardized,0.46580882663356893,0.5956377872423403,0.9797757948887386,117.6925765965916,78
34,decision_close_2026_1,proxy_market_lsa|lambda=10|scaling=column_standardized,proxy_market_lsa,10.0,column_standardized,0.21839080459770113,0.6911143671758084,1.1416640334977206,129.02531860652192,78
34,decision_close_2026_1,history_transformer|lambda=0.001|scaling=fixed,history_transformer,0.001,fixed,0.5924932249322494,0.6806902729456882,2.3113786013631947,132.76254017317606,78
34,decision_close_2026_1,history_transformer|lambda=0.01|scaling=fixed,history_transformer,0.01,fixed,0.5924932249322494,0.6514532793588584,1.7514564788501785,129.53849307720262,78
34,decision_close_2026_1,history_transformer|lambda=0.1|scaling=fixed,history_transformer,0.1,fixed,0.601788104800153,0.6040324073511497,1.2851198156182144,121.60623395540567,78
34,decision_close_2026_1,history_transformer|lambda=1|scaling=fixed,history_transformer,1.0,fixed,0.601788104800153,0.5676043888342008,1.027208551597425,124.53308576381255,78
34,decision_close_2026_1,history_transformer|lambda=10|scaling=fixed,history_transformer,10.0,fixed,0.4654408297972655,0.6118155426684418,1.0348300656424734,139.4392597199636,78
35,decision_close_2026_2,history|lambda=0.001|scaling=fixed,history,0.001,fixed,0.6214768227346843,0.5692347940184361,1.331471384463148,135.10439972868963,79
35,decision_close_2026_2,history|lambda=0.01|scaling=fixed,history,0.01,fixed,0.6007165918576266,0.5343537830985265,1.0014141978021494,126.32001993803367,79
35,decision_close_2026_2,history|lambda=0.1|scaling=fixed,history,0.1,fixed,0.5530686807282552,0.5387366252409131,0.9113228130032693,115.42745066984189,79
35,decision_close_2026_2,history|lambda=1|scaling=fixed,history,1.0,fixed,0.26666666666666666,0.6465353085336972,1.0458718764379267,110.27858952799487,79
35,decision_close_2026_2,history|lambda=10|scaling=fixed,history,10.0,fixed,0.22033898305084745,0.7080310543007501,1.1745158315012627,125.14376060913818,79
35,decision_close_2026_2,history_tfidf|lambda=0.001|scaling=row_only,history_tfidf,0.001,row_only,0.6298474945533769,0.562229491556029,1.3362499946407198,124.28714890544953,79
35,decision_close_2026_2,history_tfidf|lambda=0.01|scaling=row_only,history_tfidf,0.01,row_only,0.617516339869281,0.5149471853507931,0.9607931620326269,119.21321670935136,79
35,decision_close_2026_2,history_tfidf|lambda=0.1|scaling=row_only,history_tfidf,0.1,row_only,0.5667586140147116,0.5290878879185549,0.8939982617659363,113.71989783529612,79
35,decision_close_2026_2,history_tfidf|lambda=1|scaling=row_only,history_tfidf,1.0,row_only,0.26666666666666666,0.64234627244915,1.0396057544000996,110.3944211973963,79
35,decision_close_2026_2,history_tfidf|lambda=10|scaling=row_only,history_tfidf,10.0,row_only,0.22033898305084745,0.707454405530579,1.1734134667075213,125.14109210204474,79
35,decision_close_2026_2,history_tfidf|lambda=0.001|scaling=column_standardized,history_tfidf,0.001,column_standardized,0.6135147392290249,0.6527925091314435,2.070870338732335,101.3064400917153,79
35,decision_close_2026_2,history_tfidf|lambda=0.01|scaling=column_standardized,history_tfidf,0.01,column_standardized,0.6135147392290249,0.6258752084570548,1.6551522869561723,101.31774448741236,79
35,decision_close_2026_2,history_tfidf|lambda=0.1|scaling=column_standardized,history_tfidf,0.1,column_standardized,0.6254101640656263,0.5850424129352225,1.2769364865717097,101.41256320365166,79
35,decision_close_2026_2,history_tfidf|lambda=1|scaling=column_standardized,history_tfidf,1.0,column_standardized,0.6254101640656263,0.5315866909304201,0.9838861501068654,101.78501106675313,79
35,decision_close_2026_2,history_tfidf|lambda=10|scaling=column_standardized,history_tfidf,10.0,column_standardized,0.5627705627705627,0.5269805233073893,0.9034777361335498,107.69232291929472,79
35,decision_close_2026_2,history_lsa|lambda=0.001|scaling=row_only,history_lsa,0.001,row_only,0.5736353035931095,0.608601555468413,1.5205700730339162,142.8044560250851,79
35,decision_close_2026_2,history_lsa|lambda=0.01|scaling=row_only,history_lsa,0.01,row_only,0.6180703977605871,0.5380796200216796,0.9718465705951225,127.87677297791275,79
35,decision_close_2026_2,history_lsa|lambda=0.1|scaling=row_only,history_lsa,0.1,row_only,0.5522009491081655,0.5309124938578293,0.8946450242374726,115.62265853044757,79
35,decision_close_2026_2,history_lsa|lambda=1|scaling=row_only,history_lsa,1.0,row_only,0.26666666666666666,0.6419063981457678,1.038831128710881,110.84716769258083,79
35,decision_close_2026_2,history_lsa|lambda=10|scaling=row_only,history_lsa,10.0,row_only,0.22033898305084745,0.7073361906089618,1.1731801855990556,125.22984893556473,79
35,decision_close_2026_2,history_lsa|lambda=0.001|scaling=column_standardized,history_lsa,0.001,column_standardized,0.5973403171831805,0.6418699370916916,2.0420158769961065,135.98009313730597,79
35,decision_close_2026_2,history_lsa|lambda=0.01|scaling=column_standardized,history_lsa,0.01,column_standardized,0.5963718820861678,0.5764056069931542,1.0931691269664885,134.9423492076994,79
35,decision_close_2026_2,history_lsa|lambda=0.1|scaling=column_standardized,history_lsa,0.1,column_standardized,0.5616774529818008,0.5356082723246073,0.8919512615863873,120.24189347157757,79
35,decision_close_2026_2,history_lsa|lambda=1|scaling=column_standardized,history_lsa,1.0,column_standardized,0.35999125969627443,0.6080425285255764,0.9898805607723274,114.15608554331853,79
35,decision_close_2026_2,history_lsa|lambda=10|scaling=column_standardized,history_lsa,10.0,column_standardized,0.22033898305084745,0.699076403882246,1.155345834278964,124.54499927572401,79
35,decision_close_2026_2,history_qwen_all|lambda=0.001|scaling=fixed,history_qwen_all,0.001,fixed,0.5769882501908645,0.635976978166154,1.7209439317344624,139.14988533714808,79
35,decision_close_2026_2,history_qwen_all|lambda=0.01|scaling=fixed,history_qwen_all,0.01,fixed,0.5833877618340755,0.5973483779808287,1.1659687946093324,126.51153276040789,79
35,decision_close_2026_2,history_qwen_all|lambda=0.1|scaling=fixed,history_qwen_all,0.1,fixed,0.5561322984003396,0.5671202043859123,0.9654680064719343,114.30786704843494,79
35,decision_close_2026_2,history_qwen_all|lambda=1|scaling=fixed,history_qwen_all,1.0,fixed,0.22033898305084745,0.6497151129618939,1.0559022581585076,109.94025156870761,79
35,decision_close_2026_2,history_qwen_all|lambda=10|scaling=fixed,history_qwen_all,10.0,fixed,0.22033898305084745,0.7077313437109987,1.1734583228859505,124.9810279728961,79
35,decision_close_2026_2,history_qwen_inflation|lambda=0.001|scaling=fixed,history_qwen_inflation,0.001,fixed,0.6115119448452782,0.5909893893964118,1.6433372282903929,138.7167305015259,79
35,decision_close_2026_2,history_qwen_inflation|lambda=0.01|scaling=fixed,history_qwen_inflation,0.01,fixed,0.6301059812247419,0.5449956285992079,1.1080303378767808,128.09910275023108,79
35,decision_close_2026_2,history_qwen_inflation|lambda=0.1|scaling=fixed,history_qwen_inflation,0.1,fixed,0.5473484848484849,0.548345466636598,0.9411887534586189,116.775665692572,79
35,decision_close_2026_2,history_qwen_inflation|lambda=1|scaling=fixed,history_qwen_inflation,1.0,fixed,0.22033898305084745,0.6464302253600648,1.04904780457196,111.71312662409375,79
35,decision_close_2026_2,history_qwen_inflation|lambda=10|scaling=fixed,history_qwen_inflation,10.0,fixed,0.22033898305084745,0.7078347570760803,1.174205948330822,125.17957724413063,79
35,decision_close_2026_2,history_qwen_demand|lambda=0.001|scaling=fixed,history_qwen_demand,0.001,fixed,0.6127329401750227,0.6137552454691104,1.5911194128713322,133.4486826993016,79
35,decision_close_2026_2,history_qwen_demand|lambda=0.01|scaling=fixed,history_qwen_demand,0.01,fixed,0.5967926032201499,0.5630555395357105,1.0828141272775753,123.47273568280634,79
35,decision_close_2026_2,history_qwen_demand|lambda=0.1|scaling=fixed,history_qwen_demand,0.1,fixed,0.5619558875014588,0.5488622637064572,0.9343499130878866,112.76979451676644,79
35,decision_close_2026_2,history_qwen_demand|lambda=1|scaling=fixed,history_qwen_demand,1.0,fixed,0.22033898305084745,0.6474455713611,1.0493112123614756,109.1622602475759,79
35,decision_close_2026_2,history_qwen_demand|lambda=10|scaling=fixed,history_qwen_demand,10.0,fixed,0.22033898305084745,0.7080330536225122,1.1743503070044639,124.9923542614105,79
35,decision_close_2026_2,history_qwen_forward|lambda=0.001|scaling=fixed,history_qwen_forward,0.001,fixed,0.5654320987654321,0.6141118186494497,1.6122149301079944,134.6989598119599,79
35,decision_close_2026_2,history_qwen_forward|lambda=0.01|scaling=fixed,history_qwen_forward,0.01,fixed,0.5815673084198291,0.5723741943909245,1.1220503240613173,126.45157977999774,79
35,decision_close_2026_2,history_qwen_forward|lambda=0.1|scaling=fixed,history_qwen_forward,0.1,fixed,0.5578318780412596,0.5561440695472956,0.9438643922435236,115.56488592041825,79
35,decision_close_2026_2,history_qwen_forward|lambda=1|scaling=fixed,history_qwen_forward,1.0,fixed,0.22033898305084745,0.6470214656957244,1.0467026569037479,110.11496004204558,79
35,decision_close_2026_2,history_qwen_forward|lambda=10|scaling=fixed,history_qwen_forward,10.0,fixed,0.22033898305084745,0.7078353725856403,1.1736634138182618,125.09996709678163,79
35,decision_close_2026_2,history_qwen_scores_only|lambda=0.001|scaling=fixed,history_qwen_scores_only,0.001,fixed,0.5837037037037037,0.6066535130729493,1.5524101578781706,138.95512406077515,79
35,decision_close_2026_2,history_qwen_scores_only|lambda=0.01|scaling=fixed,history_qwen_scores_only,0.01,fixed,0.5720355572670967,0.5807557674972174,1.0977784913405926,126.91923519393588,79
35,decision_close_2026_2,history_qwen_scores_only|lambda=0.1|scaling=fixed,history_qwen_scores_only,0.1,fixed,0.5609628466771324,0.5488237678694937,0.9277287009196042,114.33454652995823,79
35,decision_close_2026_2,history_qwen_scores_only|lambda=1|scaling=fixed,history_qwen_scores_only,1.0,fixed,0.22033898305084745,0.6496929510680816,1.0491133136132171,108.84537287631852,79
35,decision_close_2026_2,history_qwen_scores_only|lambda=10|scaling=fixed,history_qwen_scores_only,10.0,fixed,0.22033898305084745,0.7083603521861173,1.1747103703520485,124.6101762130424,79
35,decision_close_2026_2,history_qwen_missing_only|lambda=0.001|scaling=fixed,history_qwen_missing_only,0.001,fixed,0.6115119448452782,0.5981656873536991,1.5153726812260135,134.98456355828526,79
35,decision_close_2026_2,history_qwen_missing_only|lambda=0.01|scaling=fixed,history_qwen_missing_only,0.01,fixed,0.5967926032201499,0.5536348530446438,1.0810413492958664,126.46143387333693,79
35,decision_close_2026_2,history_qwen_missing_only|lambda=0.1|scaling=fixed,history_qwen_missing_only,0.1,fixed,0.5619558875014588,0.5536855048661565,0.9477695306304013,115.6542921100666,79
35,decision_close_2026_2,history_qwen_missing_only|lambda=1|scaling=fixed,history_qwen_missing_only,1.0,fixed,0.22033898305084745,0.6465771964819599,1.0522968987892658,111.20526558538359,79
35,decision_close_2026_2,history_qwen_missing_only|lambda=10|scaling=fixed,history_qwen_missing_only,10.0,fixed,0.22033898305084745,0.7074009654117935,1.1732510117017767,125.53893817777542,79
35,decision_close_2026_2,proxy_market|lambda=0.001|scaling=fixed,proxy_market,0.001,fixed,0.5752890899949724,0.6786358080266189,2.392802303324926,153.92149995815933,79
35,decision_close_2026_2,proxy_market|lambda=0.01|scaling=fixed,proxy_market,0.01,fixed,0.5991919191919192,0.6022529791622434,1.3057833382143935,141.11953190739897,79
35,decision_close_2026_2,proxy_market|lambda=0.1|scaling=fixed,proxy_market,0.1,fixed,0.6378986866791745,0.5362074623947285,0.9603797593959785,121.23209710565266,79
35,decision_close_2026_2,proxy_market|lambda=1|scaling=fixed,proxy_market,1.0,fixed,0.3952069716775599,0.6167326235350147,1.0104450534026779,118.33962765292195,79
35,decision_close_2026_2,proxy_market|lambda=10|scaling=fixed,proxy_market,10.0,fixed,0.22033898305084745,0.6928490196452542,1.1492403720063866,128.88812313871657,79
35,decision_close_2026_2,proxy_market_lsa|lambda=0.001|scaling=row_only,proxy_market_lsa,0.001,row_only,0.5986437908496732,0.6311654261787871,2.2959000568897583,151.92677318232137,79
35,decision_close_2026_2,proxy_market_lsa|lambda=0.01|scaling=row_only,proxy_market_lsa,0.01,row_only,0.620321184192152,0.5868002592285106,1.2743456087793668,138.13097025603716,79
35,decision_close_2026_2,proxy_market_lsa|lambda=0.1|scaling=row_only,proxy_market_lsa,0.1,row_only,0.6268603827072998,0.5335663081921727,0.9545644625104803,120.44166564100264,79
35,decision_close_2026_2,proxy_market_lsa|lambda=1|scaling=row_only,proxy_market_lsa,1.0,row_only,0.3952069716775599,0.6147519141873803,1.0076877740665513,118.41297666708988,79
35,decision_close_2026_2,proxy_market_lsa|lambda=10|scaling=row_only,proxy_market_lsa,10.0,row_only,0.22033898305084745,0.692334965395423,1.148260493963526,128.912136062876,79
35,decision_close_2026_2,proxy_market_lsa|lambda=0.001|scaling=column_standardized,proxy_market_lsa,0.001,column_standardized,0.6473059598059598,0.6386968442635089,2.296450379808209,156.7208321324408,79
35,decision_close_2026_2,proxy_market_lsa|lambda=0.01|scaling=column_standardized,proxy_market_lsa,0.01,column_standardized,0.6864646464646466,0.552001543180145,1.2056544974991903,139.33697011865468,79
35,decision_close_2026_2,proxy_market_lsa|lambda=0.1|scaling=column_standardized,proxy_market_lsa,0.1,column_standardized,0.6256660412757974,0.517026295384238,0.9191804574162662,117.33622654407472,79
35,decision_close_2026_2,proxy_market_lsa|lambda=1|scaling=column_standardized,proxy_market_lsa,1.0,column_standardized,0.4683774683774684,0.5934207363039171,0.9761266575888884,117.43133554205035,79
35,decision_close_2026_2,proxy_market_lsa|lambda=10|scaling=column_standardized,proxy_market_lsa,10.0,column_standardized,0.22033898305084745,0.6855125698493171,1.1337062624305252,127.57745174375579,79
35,decision_close_2026_2,history_transformer|lambda=0.001|scaling=fixed,history_transformer,0.001,fixed,0.5862863217576187,0.6973832558128438,2.395061358175751,132.6412897965736,79
35,decision_close_2026_2,history_transformer|lambda=0.01|scaling=fixed,history_transformer,0.01,fixed,0.5862863217576187,0.6684298917408945,1.8099358606656712,129.44898645378103,79
35,decision_close_2026_2,history_transformer|lambda=0.1|scaling=fixed,history_transformer,0.1,fixed,0.5953968253968255,0.6207922838510614,1.3213181820532702,121.74331440956874,79
35,decision_close_2026_2,history_transformer|lambda=1|scaling=fixed,history_transformer,1.0,fixed,0.5953968253968255,0.5803153525985506,1.0450871682289298,124.62823462832388,79
35,decision_close_2026_2,history_transformer|lambda=10|scaling=fixed,history_transformer,10.0,fixed,0.46013071895424834,0.6133393090391607,1.0360998228784601,138.36756908697726,79
36,decision_close_2026_3,history|lambda=0.001|scaling=fixed,history,0.001,fixed,0.6242546005124622,0.5637021501472997,1.3184679707318565,134.82168356766874,80
36,decision_close_2026_3,history|lambda=0.01|scaling=fixed,history,0.01,fixed,0.6032679738562091,0.5303982197480253,0.9939440385505522,126.15209773842048,80
36,decision_close_2026_3,history|lambda=0.1|scaling=fixed,history,0.1,fixed,0.5552849927849928,0.5360618105192104,0.9066825980718459,115.34437072145093,80
36,decision_close_2026_3,history|lambda=1|scaling=fixed,history,1.0,fixed,0.26853408029878617,0.6415966775567145,1.0390917946897336,109.67565458396902,80
36,decision_close_2026_3,history|lambda=10|scaling=fixed,history,10.0,fixed,0.2222222222222222,0.701857799957975,1.165683637419301,123.5883411085063,80
36,decision_close_2026_3,history_tfidf|lambda=0.001|scaling=row_only,history_tfidf,0.001,row_only,0.6322865189436208,0.5595703185319425,1.3264287491458358,122.86352903772925,80
36,decision_close_2026_3,history_tfidf|lambda=0.01|scaling=row_only,history_tfidf,0.01,row_only,0.6197701149425288,0.5122833043842215,0.9550206615330546,118.38521720373505,80
36,decision_close_2026_3,history_tfidf|lambda=0.1|scaling=row_only,history_tfidf,0.1,row_only,0.5688844643548476,0.5267344714662414,0.8898181745372178,113.49932084993058,80
36,decision_close_2026_3,history_tfidf|lambda=1|scaling=row_only,history_tfidf,1.0,row_only,0.26853408029878617,0.6375182214139382,1.0329780899213392,109.77743802935431,80
36,decision_close_2026_3,history_tfidf|lambda=10|scaling=row_only,history_tfidf,10.0,row_only,0.2222222222222222,0.7012964155808433,1.164605997985602,123.58666816851355,80
36,decision_close_2026_3,history_tfidf|lambda=0.001|scaling=column_standardized,history_tfidf,0.001,column_standardized,0.6062745098039216,0.6675344060570969,2.0895653167617465,100.31783913879312,80
36,decision_close_2026_3,history_tfidf|lambda=0.01|scaling=column_standardized,history_tfidf,0.01,column_standardized,0.6062745098039216,0.6383061902425091,1.6672304270410092,100.32622368386572,80
36,decision_close_2026_3,history_tfidf|lambda=0.1|scaling=column_standardized,history_tfidf,0.1,column_standardized,0.618139534883721,0.5934618415087558,1.2836800621795996,100.39444691605131,80
36,decision_close_2026_3,history_tfidf|lambda=1|scaling=column_standardized,history_tfidf,1.0,column_standardized,0.618139534883721,0.5353357703710967,0.986804301300921,100.62857267212935,80
36,decision_close_2026_3,history_tfidf|lambda=10|scaling=column_standardized,history_tfidf,10.0,column_standardized,0.5651097440571125,0.5265376727876164,0.9023672016773704,106.40319327943132,80
36,decision_close_2026_3,history_lsa|lambda=0.001|scaling=row_only,history_lsa,0.001,row_only,0.5764482431149097,0.6023040984663117,1.50483493566025,142.37990953047318,80
36,decision_close_2026_3,history_lsa|lambda=0.01|scaling=row_only,history_lsa,0.01,row_only,0.6204327885000155,0.5341766645425776,0.9648675727762782,127.79110738100556,80
36,decision_close_2026_3,history_lsa|lambda=0.1|scaling=row_only,history_lsa,0.1,row_only,0.5543530543530544,0.5282975644784267,0.8901800825169349,115.57318992324421,80
36,decision_close_2026_3,history_lsa|lambda=1|scaling=row_only,history_lsa,1.0,row_only,0.26853408029878617,0.6370681807889289,1.0321887826428209,110.2561020073816,80
36,decision_close_2026_3,history_lsa|lambda=10|scaling=row_only,history_lsa,10.0,row_only,0.2222222222222222,0.701179468484584,1.1643749924852305,123.67946791503216,80
36,decision_close_2026_3,history_lsa|lambda=0.001|scaling=column_standardized,history_lsa,0.001,column_standardized,0.6001532567049809,0.634265007234816,2.018240418465862,135.57143452391583,80
36,decision_close_2026_3,history_lsa|lambda=0.01|scaling=column_standardized,history_lsa,0.01,column_standardized,0.5990492582575199,0.5716478527932896,1.0842407998409826,134.7322593221624,80
36,decision_close_2026_3,history_lsa|lambda=0.1|scaling=column_standardized,history_lsa,0.1,column_standardized,0.5641194554238033,0.5326127456301146,0.8871900866643714,120.35556524026796,80
36,decision_close_2026_3,history_lsa|lambda=1|scaling=column_standardized,history_lsa,1.0,column_standardized,0.36188942565754156,0.6037350398265224,0.9839238829380053,113.72968369925222,80
36,decision_close_2026_3,history_lsa|lambda=10|scaling=column_standardized,history_lsa,10.0,column_standardized,0.2222222222222222,0.693065906533238,1.1468133840606032,123.10104621925674,80
36,decision_close_2026_3,history_qwen_all|lambda=0.001|scaling=fixed,history_qwen_all,0.001,fixed,0.5798639505230576,0.6306733785062286,1.7043744711903606,138.71843129407884,80
36,decision_close_2026_3,history_qwen_all|lambda=0.01|scaling=fixed,history_qwen_all,0.01,fixed,0.5858542875564151,0.5934716327534748,1.15740664899895,126.25954640135733,80
36,decision_close_2026_3,history_qwen_all|lambda=0.1|scaling=fixed,history_qwen_all,0.1,fixed,0.5581455581455582,0.563916929745732,0.9600108178801955,114.2135191327649,80
36,decision_close_2026_3,history_qwen_all|lambda=1|scaling=fixed,history_qwen_all,1.0,fixed,0.2222222222222222,0.6444719476789267,1.048657442806269,109.35963604308715,80
36,decision_close_2026_3,history_qwen_all|lambda=10|scaling=fixed,history_qwen_all,10.0,fixed,0.2222222222222222,0.70151727103014,1.1645771872436215,123.44862963757627,80
36,decision_close_2026_3,history_qwen_inflation|lambda=0.001|scaling=fixed,history_qwen_inflation,0.001,fixed,0.6144710110954836,0.5859965327181833,1.627436291139119,138.67981918579827,80
36,decision_close_2026_3,history_qwen_inflation|lambda=0.01|scaling=fixed,history_qwen_inflation,0.01,fixed,0.6324683719641703,0.5417415790780997,1.100134619178672,128.19225373337719,80
36,decision_close_2026_3,history_qwen_inflation|lambda=0.1|scaling=fixed,history_qwen_inflation,0.1,fixed,0.5494743351886209,0.5457250372844753,0.9363418686149678,116.90799806380264,80
36,decision_close_2026_3,history_qwen_inflation|lambda=1|scaling=fixed,history_qwen_inflation,1.0,fixed,0.2222222222222222,0.6414180407314645,1.0421198382744687,111.19225432728099,80
36,decision_close_2026_3,history_qwen_inflation|lambda=10|scaling=fixed,history_qwen_inflation,10.0,fixed,0.2222222222222222,0.7016521644238989,1.1653602363397786,123.64392441792056,80
36,decision_close_2026_3,history_qwen_demand|lambda=0.001|scaling=fixed,history_qwen_demand,0.001,fixed,0.6155458796968231,0.6073464811224465,1.5744418155060855,132.83566353299167,80
36,decision_close_2026_3,history_qwen_demand|lambda=0.01|scaling=fixed,history_qwen_demand,0.01,fixed,0.5993090569561158,0.5583092354664853,1.0738468953985145,123.01453427888028,80
36,decision_close_2026_3,history_qwen_demand|lambda=0.1|scaling=fixed,history_qwen_demand,0.1,fixed,0.5640539160780549,0.545730568256016,0.9291031247776192,112.50701918764453,80
36,decision_close_2026_3,history_qwen_demand|lambda=1|scaling=fixed,history_qwen_demand,1.0,fixed,0.2222222222222222,0.6423790698838183,1.0423416972943773,108.52973216721038,80
36,decision_close_2026_3,history_qwen_demand|lambda=10|scaling=fixed,history_qwen_demand,10.0,fixed,0.2222222222222222,0.7018449506975983,1.1654996615570077,123.44172252666988,80
36,decision_close_2026_3,history_qwen_forward|lambda=0.001|scaling=fixed,history_qwen_forward,0.001,fixed,0.5682776272207167,0.6082404923837549,1.595994081387953,134.45260826251905,80
36,decision_close_2026_3,history_qwen_forward|lambda=0.01|scaling=fixed,history_qwen_forward,0.01,fixed,0.5838576537334301,0.5680447140206799,1.1131934892497433,126.31071878341993,80
36,decision_close_2026_3,history_qwen_forward|lambda=0.1|scaling=fixed,history_qwen_forward,0.1,fixed,0.5599004359608813,0.55282267262976,0.938372506966625,115.49716516981933,80
36,decision_close_2026_3,history_qwen_forward|lambda=1|scaling=fixed,history_qwen_forward,1.0,fixed,0.2222222222222222,0.641892212420877,1.0396823463716374,109.52173259388437,80
36,decision_close_2026_3,history_qwen_forward|lambda=10|scaling=fixed,history_qwen_forward,10.0,fixed,0.2222222222222222,0.7016439783890664,1.164814020284649,123.54826754097022,80
36,decision_close_2026_3,history_qwen_scores_only|lambda=0.001|scaling=fixed,history_qwen_scores_only,0.001,fixed,0.5863810798750558,0.6021671226774973,1.538450170436218,138.49457585177095,80
36,decision_close_2026_3,history_qwen_scores_only|lambda=0.01|scaling=fixed,history_qwen_scores_only,0.01,fixed,0.574649936352064,0.577609124504302,1.090615829158219,126.62991894058788,80
36,decision_close_2026_3,history_qwen_scores_only|lambda=0.1|scaling=fixed,history_qwen_scores_only,0.1,fixed,0.5630036630036629,0.5463914123453841,0.9233230465662651,114.20336738850679,80
36,decision_close_2026_3,history_qwen_scores_only|lambda=1|scaling=fixed,history_qwen_scores_only,1.0,fixed,0.2222222222222222,0.6446985503968923,1.0422860146663677,108.22726999369647,80
36,decision_close_2026_3,history_qwen_scores_only|lambda=10|scaling=fixed,history_qwen_scores_only,10.0,fixed,0.2222222222222222,0.7021810463186282,1.1658742447769133,123.05285081886109,80
36,decision_close_2026_3,history_qwen_missing_only|lambda=0.001|scaling=fixed,history_qwen_missing_only,0.001,fixed,0.6144710110954836,0.5920833240941119,1.499815119222944,134.73618377217753,80
36,decision_close_2026_3,history_qwen_missing_only|lambda=0.01|scaling=fixed,history_qwen_missing_only,0.01,fixed,0.5993090569561158,0.5491952907934529,1.0722978977711708,126.32491946503512,80
36,decision_close_2026_3,history_qwen_missing_only|lambda=0.1|scaling=fixed,history_qwen_missing_only,0.1,fixed,0.5640539160780549,0.5504933427067348,0.9423148447070631,115.60462773591023,80
36,decision_close_2026_3,history_qwen_missing_only|lambda=1|scaling=fixed,history_qwen_missing_only,1.0,fixed,0.2222222222222222,0.6414111089651339,1.045132102893546,110.64100764612108,80
36,decision_close_2026_3,history_qwen_missing_only|lambda=10|scaling=fixed,history_qwen_missing_only,10.0,fixed,0.2222222222222222,0.7011933616981845,1.1643745393094718,124.00864946157803,80
36,decision_close_2026_3,proxy_market|lambda=0.001|scaling=fixed,proxy_market,0.001,fixed,0.5790428437487262,0.6705969183868122,2.3649468909367997,152.39333979581812,80
36,decision_close_2026_3,proxy_market|lambda=0.01|scaling=fixed,proxy_market,0.01,fixed,0.6025396825396826,0.5962581728369063,1.2932431829644553,139.71762533756808,80
36,decision_close_2026_3,proxy_market|lambda=0.1|scaling=fixed,proxy_market,0.1,fixed,0.6404151404151404,0.5345080546496235,0.9562825766587562,119.90884389761962,80
36,decision_close_2026_3,proxy_market|lambda=1|scaling=fixed,proxy_market,1.0,fixed,0.3977207977207977,0.6133296278282925,1.0055845216503723,117.43452892257694,80
36,decision_close_2026_3,proxy_market|lambda=10|scaling=fixed,proxy_market,10.0,fixed,0.2222222222222222,0.6871283187656754,1.1410865785798183,127.31610158006359,80
36,decision_close_2026_3,proxy_market_lsa|lambda=0.001|scaling=row_only,proxy_market_lsa,0.001,row_only,0.6019915541974366,0.6243216702563146,2.270385474770886,150.70511639207547,80
36,decision_close_2026_3,proxy_market_lsa|lambda=0.01|scaling=row_only,proxy_market_lsa,0.01,row_only,0.6232802504423575,0.581053044746738,1.2623088366621311,136.73381503573168,80
36,decision_close_2026_3,proxy_market_lsa|lambda=0.1|scaling=row_only,proxy_market_lsa,0.1,row_only,0.6294117647058823,0.53180019838946,0.9504387100980562,119.22520047353262,80
36,decision_close_2026_3,proxy_market_lsa|lambda=1|scaling=row_only,proxy_market_lsa,1.0,row_only,0.3977207977207977,0.6113647474997068,1.0028451922710153,117.52679096751297,80
36,decision_close_2026_3,proxy_market_lsa|lambda=10|scaling=row_only,proxy_market_lsa,10.0,row_only,0.2222222222222222,0.6866265313311777,1.1401263182999881,127.33312295171459,80
36,decision_close_2026_3,proxy_market_lsa|lambda=0.001|scaling=column_standardized,proxy_market_lsa,0.001,column_standardized,0.6503879892037787,0.6345808134210436,2.274926535255968,155.57436503576145,80
36,decision_close_2026_3,proxy_market_lsa|lambda=0.01|scaling=column_standardized,proxy_market_lsa,0.01,column_standardized,0.6891197691197691,0.547485462662262,1.195479441267877,137.94183161936712,80
36,decision_close_2026_3,proxy_market_lsa|lambda=0.1|scaling=column_standardized,proxy_market_lsa,0.1,column_standardized,0.6283760683760683,0.5147872271360847,0.9147931157118248,116.56369256298372,80
36,decision_close_2026_3,proxy_market_lsa|lambda=1|scaling=column_standardized,proxy_market_lsa,1.0,column_standardized,0.47084438173547083,0.5900877857382243,0.9713467971821199,116.77670243331563,80
36,decision_close_2026_3,proxy_market_lsa|lambda=10|scaling=column_standardized,proxy_market_lsa,10.0,column_standardized,0.2222222222222222,0.6799148408194978,1.1257785118750951,126.0525169060138,80
36,decision_close_2026_3,history_transformer|lambda=0.001|scaling=fixed,history_transformer,0.001,fixed,0.5892156862745098,0.6886697984355876,2.3652799941124933,131.69369361477993,80
36,decision_close_2026_3,history_transformer|lambda=0.01|scaling=fixed,history_transformer,0.01,fixed,0.5892156862745098,0.6601425626269851,1.787995244011007,128.3636556820797,80
36,decision_close_2026_3,history_transformer|lambda=0.1|scaling=fixed,history_transformer,0.1,fixed,0.5981653746770026,0.6137825979923349,1.3073055583109539,120.29666002148193,80
36,decision_close_2026_3,history_transformer|lambda=1|scaling=fixed,history_transformer,1.0,fixed,0.5981653746770026,0.5766620992675604,1.038652259005675,123.50157494963503,80
36,decision_close_2026_3,history_transformer|lambda=10|scaling=fixed,history_transformer,10.0,fixed,0.46239316239316236,0.6101370920280207,1.0312540843886597,137.0541788369093,80
37,decision_close_2026_4,history|lambda=0.001|scaling=fixed,history,0.001,fixed,0.6268968769352264,0.5577094144836797,1.3049935128982855,133.70273456005253,81
37,decision_close_2026_4,history|lambda=0.01|scaling=fixed,history,0.01,fixed,0.6057020509353167,0.5252878380922441,0.9852248136979931,125.15036821516205,81
37,decision_close_2026_4,history|lambda=0.1|scaling=fixed,history,0.1,fixed,0.5574108431251289,0.5319316634902331,0.9007014166877407,114.47677070588642,81
37,decision_close_2026_4,history|lambda=1|scaling=fixed,history,1.0,fixed,0.2703397612488521,0.6364855233580933,1.0322078726418022,108.5771676071558,81
37,decision_close_2026_4,history|lambda=10|scaling=fixed,history,10.0,fixed,0.22404371584699453,0.6957752842165329,1.156994063176026,122.17949487158609,81
37,decision_close_2026_4,history_tfidf|lambda=0.001|scaling=row_only,history_tfidf,0.001,row_only,0.6346093993152817,0.5532312057543135,1.3122070070326892,121.6393655137264,81
37,decision_close_2026_4,history_tfidf|lambda=0.01|scaling=row_only,history_tfidf,0.01,row_only,0.6219225967540574,0.5073876582197263,0.946822672013281,116.9476563535999,81
37,decision_close_2026_4,history_tfidf|lambda=0.1|scaling=row_only,history_tfidf,0.1,row_only,0.5709252806813782,0.5227656730730644,0.8841160682131828,112.524864484814,81
37,decision_close_2026_4,history_tfidf|lambda=1|scaling=row_only,history_tfidf,1.0,row_only,0.2703397612488521,0.632492141867186,1.0262144093044763,108.67340186679733,81
37,decision_close_2026_4,history_tfidf|lambda=10|scaling=row_only,history_tfidf,10.0,row_only,0.22404371584699453,0.6952268060970155,1.1559378255936599,122.17602802307735,81
37,decision_close_2026_4,history_tfidf|lambda=0.001|scaling=column_standardized,history_tfidf,0.001,column_standardized,0.6088888888888889,0.6592932795758997,2.0637845564010577,99.45637735577063,81
37,decision_close_2026_4,history_tfidf|lambda=0.01|scaling=column_standardized,history_tfidf,0.01,column_standardized,0.6088888888888889,0.6304272722183345,1.6467466971777251,99.46211781047293,81
37,decision_close_2026_4,history_tfidf|lambda=0.1|scaling=column_standardized,history_tfidf,0.1,column_standardized,0.6206060606060606,0.5861750657028421,1.2683779218359517,99.50520485268832,81
37,decision_close_2026_4,history_tfidf|lambda=1|scaling=column_standardized,history_tfidf,1.0,column_standardized,0.6206060606060606,0.5294003024939573,0.9770816213479627,99.56726617513027,81
37,decision_close_2026_4,history_tfidf|lambda=10|scaling=column_standardized,history_tfidf,10.0,column_standardized,0.5673524642596807,0.5229957439054262,0.897283678807918,105.24551353630979,81
37,decision_close_2026_4,history_lsa|lambda=0.001|scaling=row_only,history_lsa,0.001,row_only,0.5791256192862618,0.5954577496405046,1.4885500207552216,140.84039126986926,81
37,decision_close_2026_4,history_lsa|lambda=0.01|scaling=row_only,history_lsa,0.01,row_only,0.6226865635732631,0.5290546247684742,0.9566312258495867,126.58413431328506,81
37,decision_close_2026_4,history_lsa|lambda=0.1|scaling=row_only,history_lsa,0.1,row_only,0.5564199277070564,0.5243366356422934,0.8845084520043921,114.62980111849113,81
37,decision_close_2026_4,history_lsa|lambda=1|scaling=row_only,history_lsa,1.0,row_only,0.2703397612488521,0.6320622845185636,1.025452652521951,109.1585761557723,81
37,decision_close_2026_4,history_lsa|lambda=10|scaling=row_only,history_lsa,10.0,row_only,0.22404371584699453,0.6951140768257524,1.1557133441917389,122.26477050346512,81
37,decision_close_2026_4,history_lsa|lambda=0.001|scaling=column_standardized,history_lsa,0.001,column_standardized,0.6028306328763329,0.6266689727977903,1.9947937058408616,134.07299877084537,81
37,decision_close_2026_4,history_lsa|lambda=0.01|scaling=column_standardized,history_lsa,0.01,column_standardized,0.6016006402561025,0.5657658820793617,1.0742324766042386,133.38499091747707,81
37,decision_close_2026_4,history_lsa|lambda=0.1|scaling=column_standardized,history_lsa,0.1,column_standardized,0.5664586367103529,0.5289821957244204,0.8821634427902726,119.37170332030321,81
37,decision_close_2026_4,history_lsa|lambda=1|scaling=column_standardized,history_lsa,1.0,column_standardized,0.3637226970560304,0.5995401146424895,0.9782634212301522,112.6756994576528,81
37,decision_close_2026_4,history_lsa|lambda=10|scaling=column_standardized,history_lsa,10.0,column_standardized,0.22404371584699453,0.6871903895350473,1.1384858027129185,121.62735454833981,81
37,decision_close_2026_4,history_qwen_all|lambda=0.001|scaling=fixed,history_qwen_all,0.001,fixed,0.5826043237807944,0.6237745281610936,1.6860407576497602,137.4018189384804,81
37,decision_close_2026_4,history_qwen_all|lambda=0.01|scaling=fixed,history_qwen_all,0.01,fixed,0.5882111899133176,0.5874206152627912,1.146494758482495,125.12239995887431,81
37,decision_close_2026_4,history_qwen_all|lambda=0.1|scaling=fixed,history_qwen_all,0.1,fixed,0.5600790848315601,0.5591587490853622,0.9530682965247721,113.28672489517761,81
37,decision_close_2026_4,history_qwen_all|lambda=1|scaling=fixed,history_qwen_all,1.0,fixed,0.22404371584699453,0.6390693614118026,1.0413103656841216,108.27159290747709,81
37,decision_close_2026_4,history_qwen_all|lambda=10|scaling=fixed,history_qwen_all,10.0,fixed,0.22404371584699453,0.695394331874606,1.1558385815260148,122.02072396181256,81
37,decision_close_2026_4,history_qwen_inflation|lambda=0.001|scaling=fixed,history_qwen_inflation,0.001,fixed,0.6172839506172839,0.5798702301601082,1.6103443389643264,137.7105292310577,81
37,decision_close_2026_4,history_qwen_inflation|lambda=0.01|scaling=fixed,history_qwen_inflation,0.01,fixed,0.6347221470374179,0.5366062648550535,1.0902399772399036,127.35821262050031,81
37,decision_close_2026_4,history_qwen_inflation|lambda=0.1|scaling=fixed,history_qwen_inflation,0.1,fixed,0.5515151515151515,0.5414407361261705,0.9299255404857305,116.1861759319173,81
37,decision_close_2026_4,history_qwen_inflation|lambda=1|scaling=fixed,history_qwen_inflation,1.0,fixed,0.22404371584699453,0.6362233365326008,1.0350733649268193,110.16214437834319,81
37,decision_close_2026_4,history_qwen_inflation|lambda=10|scaling=fixed,history_qwen_inflation,10.0,fixed,0.22404371584699453,0.6955600514045919,1.1566567595884767,122.21469574468287,81
37,decision_close_2026_4,history_qwen_demand|lambda=0.001|scaling=fixed,history_qwen_demand,0.001,fixed,0.6182232558681751,0.600569587269487,1.5574515384133478,131.43663351041673,81
37,decision_close_2026_4,history_qwen_demand|lambda=0.01|scaling=fixed,history_qwen_demand,0.01,fixed,0.6017084663322693,0.5525797334073639,1.063811886547923,121.76797400890374,81
37,decision_close_2026_4,history_qwen_demand|lambda=0.1|scaling=fixed,history_qwen_demand,0.1,fixed,0.5660671758232735,0.5412778772166011,0.9226354115968128,111.48521243251045,81
37,decision_close_2026_4,history_qwen_demand|lambda=1|scaling=fixed,history_qwen_demand,1.0,fixed,0.22404371584699453,0.6371476287350126,1.0352710900452948,107.40359315185178,81
37,decision_close_2026_4,history_qwen_demand|lambda=10|scaling=fixed,history_qwen_demand,10.0,fixed,0.22404371584699453,0.6957477400094269,1.1567916410411867,122.03181927983732,81
37,decision_close_2026_4,history_qwen_forward|lambda=0.001|scaling=fixed,history_qwen_forward,0.001,fixed,0.5709876543209876,0.6016376708961089,1.5790101459376278,133.35333851094256,81
37,decision_close_2026_4,history_qwen_forward|lambda=0.01|scaling=fixed,history_qwen_forward,0.01,fixed,0.5860462059219823,0.5623170207492523,1.1028079485780629,125.3202200485808,81
37,decision_close_2026_4,history_qwen_forward|lambda=0.1|scaling=fixed,history_qwen_forward,0.1,fixed,0.5618845629450083,0.548156241122934,0.9316052364906325,114.63417212318548,81
37,decision_close_2026_4,history_qwen_forward|lambda=1|scaling=fixed,history_qwen_forward,1.0,fixed,0.22404371584699453,0.6366099407992496,1.0325708438538097,108.43335466962778,81
37,decision_close_2026_4,history_qwen_forward|lambda=10|scaling=fixed,history_qwen_forward,10.0,fixed,0.22404371584699453,0.6955438446601987,1.1561075011098627,122.13641577756273,81
37,decision_close_2026_4,history_qwen_scores_only|lambda=0.001|scaling=fixed,history_qwen_scores_only,0.001,fixed,0.5889324618736383,0.5958480418880862,1.5225170082961839,137.15685359192585,81
37,decision_close_2026_4,history_qwen_scores_only|lambda=0.01|scaling=fixed,history_qwen_scores_only,0.01,fixed,0.5771468152534373,0.572020670573623,1.0808938501896037,125.46351668687034,81
37,decision_close_2026_4,history_qwen_scores_only|lambda=0.1|scaling=fixed,history_qwen_scores_only,0.1,fixed,0.5649644473173886,0.5421889344433907,0.9172652412790979,113.24646044432839,81
37,decision_close_2026_4,history_qwen_scores_only|lambda=1|scaling=fixed,history_qwen_scores_only,1.0,fixed,0.22404371584699453,0.6395338366744672,1.03535362081947,107.10311686468673,81
37,decision_close_2026_4,history_qwen_scores_only|lambda=10|scaling=fixed,history_qwen_scores_only,10.0,fixed,0.22404371584699453,0.6960925112535777,1.1571805591618822,121.6597823095797,81
37,decision_close_2026_4,history_qwen_missing_only|lambda=0.001|scaling=fixed,history_qwen_missing_only,0.001,fixed,0.6172839506172839,0.5856325769783239,1.483927764210769,133.64693455068456,81
37,decision_close_2026_4,history_qwen_missing_only|lambda=0.01|scaling=fixed,history_qwen_missing_only,0.01,fixed,0.6017084663322693,0.5437212456312361,1.0624287122816678,125.35014209296264,81
37,decision_close_2026_4,history_qwen_missing_only|lambda=0.1|scaling=fixed,history_qwen_missing_only,0.1,fixed,0.5660671758232735,0.5459643717888493,0.9356111207505479,114.76690890845526,81
37,decision_close_2026_4,history_qwen_missing_only|lambda=1|scaling=fixed,history_qwen_missing_only,1.0,fixed,0.22404371584699453,0.6360803081992291,1.0378633819910739,109.58088006365834,81
37,decision_close_2026_4,history_qwen_missing_only|lambda=10|scaling=fixed,history_qwen_missing_only,10.0,fixed,0.22404371584699453,0.6950768462878382,1.1556407600446414,122.56473724156646,81
37,decision_close_2026_4,proxy_market|lambda=0.001|scaling=fixed,proxy_market,0.001,fixed,0.5825990315154401,0.6647999804138098,2.340686022847823,151.17591554474546,81
37,decision_close_2026_4,proxy_market|lambda=0.01|scaling=fixed,proxy_market,0.01,fixed,0.6057179388824959,0.5901342551858358,1.2809350688116758,138.65115303640658,81
37,decision_close_2026_4,proxy_market|lambda=0.1|scaling=fixed,proxy_market,0.1,fixed,0.6428145497912939,0.5312679934062801,0.9508895369547092,118.70305949084899,81
37,decision_close_2026_4,proxy_market|lambda=1|scaling=fixed,proxy_market,1.0,fixed,0.40013976240391336,0.6095168034943577,1.000356188803459,116.1263395277157,81
37,decision_close_2026_4,proxy_market|lambda=10|scaling=fixed,proxy_market,10.0,fixed,0.22404371584699453,0.681463143926429,1.1330271564809087,125.89402504314073,81
37,decision_close_2026_4,proxy_market_lsa|lambda=0.001|scaling=row_only,proxy_market_lsa,0.001,row_only,0.6051698105402499,0.6178070113945301,2.245515284394143,149.7620025831411,81
37,decision_close_2026_4,proxy_market_lsa|lambda=0.01|scaling=row_only,proxy_market_lsa,0.01,row_only,0.6260931899641577,0.5749727029306009,1.250145792313976,135.71742179875716,81
37,decision_close_2026_4,proxy_market_lsa|lambda=0.1|scaling=row_only,proxy_market_lsa,0.1,row_only,0.6318458417849899,0.5285568618228403,0.945079703638171,117.97564311315398,81
37,decision_close_2026_4,proxy_market_lsa|lambda=1|scaling=row_only,proxy_market_lsa,1.0,row_only,0.40013976240391336,0.6075811943034614,0.9976532769806743,116.22935431132312,81
37,decision_close_2026_4,proxy_market_lsa|lambda=10|scaling=row_only,proxy_market_lsa,10.0,row_only,0.22404371584699453,0.6809744622518672,1.1320877810697343,125.90549686645755,81
37,decision_close_2026_4,proxy_market_lsa|lambda=0.001|scaling=column_standardized,proxy_market_lsa,0.001,column_standardized,0.6533119658119658,0.628395229939045,2.2507013886117253,154.70750237044285,81
37,decision_close_2026_4,proxy_market_lsa|lambda=0.01|scaling=column_standardized,proxy_market_lsa,0.01,column_standardized,0.6916404551847589,0.5416311026830813,1.1837914699913166,136.84912753359544,81
37,decision_close_2026_4,proxy_market_lsa|lambda=0.1|scaling=column_standardized,proxy_market_lsa,0.1,column_standardized,0.6309600477042338,0.5114940095443639,0.9096605121656971,115.20539389599138,81
37,decision_close_2026_4,proxy_market_lsa|lambda=1|scaling=column_standardized,proxy_market_lsa,1.0,column_standardized,0.47321549263296836,0.5866520130465117,0.9666048093456061,115.61285361902164,81
37,decision_close_2026_4,proxy_market_lsa|lambda=10|scaling=column_standardized,proxy_market_lsa,10.0,column_standardized,0.22404371584699453,0.6744183300043871,1.1180088065890554,124.56832344396733,81
37,decision_close_2026_4,history_transformer|lambda=0.001|scaling=fixed,history_transformer,0.001,fixed,0.592010367365337,0.6801677093992269,2.3360863592120182,131.8914123139698,81
37,decision_close_2026_4,history_transformer|lambda=0.01|scaling=fixed,history_transformer,0.01,fixed,0.592010367365337,0.6519933398908994,1.7659959904949987,128.58898795639874,81
37,decision_close_2026_4,history_transformer|lambda=0.1|scaling=fixed,history_transformer,0.1,fixed,0.6008080808080809,0.6062668655321436,1.2918968906628872,120.55951574556495,81
37,decision_close_2026_4,history_transformer|lambda=1|scaling=fixed,history_transformer,1.0,fixed,0.6008080808080809,0.5711298135648757,1.029940007920612,122.88615878760878,81
37,decision_close_2026_4,history_transformer|lambda=10|scaling=fixed,history_transformer,10.0,fixed,0.4645702306079665,0.6059633494653082,1.0251816418341895,135.6296047937738,81